"Procedure","RunNumberFilterValue","proactiveBlockList","Running","proactiveBlockList.Cycle","proactiveBlockList.Sample","Fixation.OnsetDelay","Fixation.OnsetTime","Fixation.DurationError","Fixation.Duration","Fixation.StartTime","Fixation.OffsetTime","Fixation.FinishTime","Fixation.OffsetDelay","getready.OnsetDelay","getready.OnsetTime","getready.DurationError","getready.Duration","getready.StartTime","getready.OffsetTime","getready.CustomOffsetTime","getready.OffsetDelay","ID","ITI","ms","TRs","Stim","TrialType","LWPC","Correct","Color","MiInConPro2","PRO2SamplingList","CustomCaptureFilename","ShortenedISI","PreISIfix.OnsetDelay","PreISIfix.OnsetTime","PreISIfix.DurationError","PreISIfix.Duration","PreISIfix.StartTime","PreISIfix.OffsetTime","PreISIfix.FinishTime","PreISIfix.OffsetDelay","Flicker.OnsetDelay","Flicker.OnsetTime","Flicker.DurationError","Flicker.Duration","Flicker.StartTime","Flicker.OffsetTime","Flicker.FinishTime","Flicker.OffsetDelay","AudioRecordSoundIn1.Filename","AudioRecord.OnsetDelay","AudioRecord.OnsetTime","AudioRecord.DurationError","AudioRecord.Duration","AudioRecord.StartTime","AudioRecord.OffsetTime","AudioRecord.FinishTime","AudioRecord.OffsetDelay","Stimuli.OnsetDelay","Stimuli.OnsetTime","Stimuli.DurationError","Stimuli.Duration","Stimuli.StartTime","Stimuli.OffsetTime","Stimuli.FinishTime","Stimuli.OffsetDelay","ISIfix.OnsetDelay","ISIfix.OnsetTime","ISIfix.DurationError","ISIfix.Duration","ISIfix.StartTime","ISIfix.OffsetTime","ISIfix.FinishTime","ISIfix.OffsetDelay","PC50ConPro2","MiConPro2","PC50InConPro2","FixationFinal.OnsetDelay","FixationFinal.OnsetTime","FixationFinal.DurationError","FixationFinal.Duration","FixationFinal.StartTime","FixationFinal.OffsetTime","FixationFinal.FinishTime","FixationFinal.OffsetDelay","InstHalfway.OnsetDelay","InstHalfway.OnsetTime","InstHalfway.StartTime","scanstart.RTTime"
"FixationGetReadyPROC","proactive2","11","proactiveBlockList","2","1","8","29264","2","28400","29257","29266","29266","10","3","57659","2","1600","29267","57661","0","5",NA,NA,NA,NA,NA,NA,NA,NA,NA,NA,NA,NA,NA,NA,NA,NA,NA,NA,NA,NA,NA,NA,NA,NA,NA,NA,NA,NA,NA,NA,NA,NA,NA,NA,NA,NA,NA,NA,NA,NA,NA,NA,NA,NA,NA,NA,NA,NA,NA,NA,NA,NA,NA,NA,NA,NA,NA,NA,NA,NA,NA,NA,NA,NA,NA,NA,NA,NA,29252
"StroopTrialPROC","proactive2","12","proactiveBlockList","2","2",NA,NA,NA,NA,NA,NA,NA,NA,NA,NA,NA,NA,NA,NA,NA,NA,"1","1","1200","3","RED","InCon","MI","purple","purple","10","2","132017_proactive_StroopPro_run2_AudioRecord-1.wav","900","3","59259","2","300","57663","59261","59262","5","3",59559,"2","300","59262","59561","59561","5","132017_proactive_StroopPro_run2_AudioRecord-1.wav","3","59859","3","100","59561","59862","59862","6","3","59959","2","2000","59863","59961","59962","5","3","61959","-3","900","59962","62856","62856","0",NA,NA,NA,NA,NA,NA,NA,NA,NA,NA,NA,NA,NA,NA,29252
"StroopTrialPROC","proactive2","12","proactiveBlockList","2","3",NA,NA,NA,NA,NA,NA,NA,NA,NA,NA,NA,NA,NA,NA,NA,NA,"1","2","2400","4","BLACK","Con","PC50","black","black",NA,"3","132017_proactive_StroopPro_run2_AudioRecord-2.wav","2100","36","62892","2","300","62869","62894","62894","38","3",63159,"1","300","62894","63160","63160","4","132017_proactive_StroopPro_run2_AudioRecord-2.wav","2","63458","3","100","63161","63461","63462","5","2","63558","3","2000","63462","63561","63561","5","2","65558","-2","2100","63561","67656","67656","0","3",NA,NA,NA,NA,NA,NA,NA,NA,NA,NA,NA,NA,NA,29252
"StroopTrialPROC","proactive2","12","proactiveBlockList","2","4",NA,NA,NA,NA,NA,NA,NA,NA,NA,NA,NA,NA,NA,NA,NA,NA,"1","3","3600","5","PURPLE","InCon","MI","white","white","9","2","132017_proactive_StroopPro_run2_AudioRecord-3.wav","3300","18","67674","3","300","67662","67677","67677","21","2",67958,"1","300","67677","67959","67960","3","132017_proactive_StroopPro_run2_AudioRecord-3.wav","2","68258","3","100","67960","68261","68261","5","2","68358","2","2000","68261","68360","68360","4","1","70357","-1","3300","68361","73656","73656","0",NA,NA,NA,NA,NA,NA,NA,NA,NA,NA,NA,NA,NA,NA,29252
"StroopTrialPROC","proactive2","12","proactiveBlockList","2","5",NA,NA,NA,NA,NA,NA,NA,NA,NA,NA,NA,NA,NA,NA,NA,NA,"1","3","3600","5","PINK","Con","PC50","pink","255,105,180",NA,"3","132017_proactive_StroopPro_run2_AudioRecord-4.wav","3300","18","73674","2","300","73662","73676","73676","20","1",73957,"1","300","73676","73958","73959","2","132017_proactive_StroopPro_run2_AudioRecord-4.wav","1","74257","3","100","73959","74260","74260","4","1","74357","2","2000","74260","74359","74359","3","0","76356","0","3300","74360","79656","79656","0","1",NA,NA,NA,NA,NA,NA,NA,NA,NA,NA,NA,NA,NA,29252
"StroopTrialPROC","proactive2","12","proactiveBlockList","2","6",NA,NA,NA,NA,NA,NA,NA,NA,NA,NA,NA,NA,NA,NA,NA,NA,"1","2","2400","4","RED","Con","MI","red","red",NA,"1","132017_proactive_StroopPro_run2_AudioRecord-5.wav","2100","17","79673","2","300","79662","79675","79675","19","0",79956,"1","300","79675","79957","79958","1","132017_proactive_StroopPro_run2_AudioRecord-5.wav","0","80256","3","100","79958","80259","80259","3","0","80356","2","2000","80259","80358","80358","2","16","82372","-16","2100","80358","84456","84456","0",NA,"1",NA,NA,NA,NA,NA,NA,NA,NA,NA,NA,NA,NA,29252
"StroopTrialPROC","proactive2","12","proactiveBlockList","2","7",NA,NA,NA,NA,NA,NA,NA,NA,NA,NA,NA,NA,NA,NA,NA,NA,"1","3","3600","5","WHITE","Con","MI","white","white",NA,"1","132017_proactive_StroopPro_run2_AudioRecord-6.wav","3300","66","84522","2","300","84500","84524","84524","68","16",84772,"1","300","84524","84773","84774","17","132017_proactive_StroopPro_run2_AudioRecord-6.wav","16","85072","3","100","84774","85075","85075","19","16","85172","2","2000","85075","85174","85174","18","15","87171","-15","3300","85175","90456","90456","0",NA,"3",NA,NA,NA,NA,NA,NA,NA,NA,NA,NA,NA,NA,29252
"StroopTrialPROC","proactive2","12","proactiveBlockList","2","8",NA,NA,NA,NA,NA,NA,NA,NA,NA,NA,NA,NA,NA,NA,NA,NA,"1","1","1200","3","BLUE","InCon","MI","red","red","1","2","132017_proactive_StroopPro_run2_AudioRecord-7.wav","900","15","90471","2","300","90462","90473","90474","17","15",90771,"1","300","90474","90772","90773","16","132017_proactive_StroopPro_run2_AudioRecord-7.wav","15","91071","3","100","90773","91074","91074","18","15","91171","2","2000","91074","91173","91173","17","14","93170","-14","900","91174","94056","94056","0",NA,NA,NA,NA,NA,NA,NA,NA,NA,NA,NA,NA,NA,NA,29252
"StroopTrialPROC","proactive2","12","proactiveBlockList","2","9",NA,NA,NA,NA,NA,NA,NA,NA,NA,NA,NA,NA,NA,NA,NA,NA,"1","1","1200","3","RED","InCon","MI","white","white","7","2","132017_proactive_StroopPro_run2_AudioRecord-8.wav","900","31","94087","2","300","94071","94089","94089","33","14",94370,"2","300","94090","94372","94372","16","132017_proactive_StroopPro_run2_AudioRecord-8.wav","14","94670","3","100","94372","94673","94674","17","14","94770","2","2000","94674","94772","94773","16","14","96770","-14","900","94773","97656","97656","0",NA,NA,NA,NA,NA,NA,NA,NA,NA,NA,NA,NA,NA,NA,29252
"StroopTrialPROC","proactive2","12","proactiveBlockList","2","10",NA,NA,NA,NA,NA,NA,NA,NA,NA,NA,NA,NA,NA,NA,NA,NA,"1","1","1200","3","PURPLE","Con","MI","purple","purple",NA,"1","132017_proactive_StroopPro_run2_AudioRecord-9.wav","900","47","97703","3","300","97695","97706","97706","50","14",97970,"2","300","97706","97972","97972","16","132017_proactive_StroopPro_run2_AudioRecord-9.wav","14","98270","2","100","97972","98272","98273","16","14","98370","2","2000","98273","98372","98372","16","13","100369","-13","900","98373","101256","101256","0",NA,"4",NA,NA,NA,NA,NA,NA,NA,NA,NA,NA,NA,NA,29252
"StroopTrialPROC","proactive2","12","proactiveBlockList","2","11",NA,NA,NA,NA,NA,NA,NA,NA,NA,NA,NA,NA,NA,NA,NA,NA,"1","2","2400","4","WHITE","InCon","MI","purple","purple","12","2","132017_proactive_StroopPro_run2_AudioRecord-10.wav","2100","30","101286","2","300","101269","101288","101288","32","13",101569,"2","300","101289","101571","101571","15","132017_proactive_StroopPro_run2_AudioRecord-10.wav","13","101869","3","100","101571","101872","101872","16","13","101969","2","2000","101873","101971","101972","15","13","103969","-13","2100","101972","106056","106056","0",NA,NA,NA,NA,NA,NA,NA,NA,NA,NA,NA,NA,NA,NA,29252
"StroopTrialPROC","proactive2","12","proactiveBlockList","2","12",NA,NA,NA,NA,NA,NA,NA,NA,NA,NA,NA,NA,NA,NA,NA,NA,"1","2","2400","4","GREEN","InCon","PC50","black","black",NA,"4","132017_proactive_StroopPro_run2_AudioRecord-11.wav","2100","29","106085","2","300","106062","106087","106087","31","12",106368,"2","300","106088","106370","106370","14","132017_proactive_StroopPro_run2_AudioRecord-11.wav","12","106668","3","100","106371","106671","106671","15","12","106768","2","2000","106672","106770","106771","14","12","108768","-12","2100","106771","110856","110856","0",NA,NA,"8",NA,NA,NA,NA,NA,NA,NA,NA,NA,NA,NA,29252
"StroopTrialPROC","proactive2","12","proactiveBlockList","2","13",NA,NA,NA,NA,NA,NA,NA,NA,NA,NA,NA,NA,NA,NA,NA,NA,"1","3","3600","5","BLUE","InCon","MI","white","white","8","2","132017_proactive_StroopPro_run2_AudioRecord-12.wav","3300","28","110884","2","300","110863","110886","110887","30","12",111168,"1","300","110887","111169","111169","13","132017_proactive_StroopPro_run2_AudioRecord-12.wav","12","111468","2","100","111170","111470","111471","14","12","111568","2","2000","111471","111570","111570","14","11","113567","-11","3300","111570","116856","116856","0",NA,NA,NA,NA,NA,NA,NA,NA,NA,NA,NA,NA,NA,NA,29252
"StroopTrialPROC","proactive2","12","proactiveBlockList","2","14",NA,NA,NA,NA,NA,NA,NA,NA,NA,NA,NA,NA,NA,NA,NA,NA,"1","1","1200","3","RED","InCon","MI","blue","blue","4","2","132017_proactive_StroopPro_run2_AudioRecord-13.wav","900","27","116883","2","300","116862","116885","116886","29","11",117167,"1","300","116886","117168","117169","12","132017_proactive_StroopPro_run2_AudioRecord-13.wav","11","117467","2","100","117169","117469","117470","13","11","117567","2","2000","117470","117569","117569","13","10","119566","-10","900","117570","120456","120456","0",NA,NA,NA,NA,NA,NA,NA,NA,NA,NA,NA,NA,NA,NA,29252
"StroopTrialPROC","proactive2","12","proactiveBlockList","2","15",NA,NA,NA,NA,NA,NA,NA,NA,NA,NA,NA,NA,NA,NA,NA,NA,"1","3","3600","5","WHITE","InCon","MI","red","red","2","2","132017_proactive_StroopPro_run2_AudioRecord-14.wav","3300","27","120483","2","300","120466","120485","120485","29","10",120766,"2","300","120485","120768","120768","12","132017_proactive_StroopPro_run2_AudioRecord-14.wav","10","121066","3","100","120768","121069","121069","13","10","121166","2","2000","121069","121168","121169","12","10","123166","-10","3300","121169","126456","126456","0",NA,NA,NA,NA,NA,NA,NA,NA,NA,NA,NA,NA,NA,NA,29252
"StroopTrialPROC","proactive2","12","proactiveBlockList","2","16",NA,NA,NA,NA,NA,NA,NA,NA,NA,NA,NA,NA,NA,NA,NA,NA,"1","2","2400","4","BLUE","InCon","MI","purple","purple","11","2","132017_proactive_StroopPro_run2_AudioRecord-15.wav","2100","26","126482","2","300","126463","126484","126484","28","9",126765,"2","300","126484","126767","126767","11","132017_proactive_StroopPro_run2_AudioRecord-15.wav","9","127065","3","100","126767","127068","127068","12","9","127165","2","2000","127069","127167","127168","11","9","129165","-9","2100","127168","131256","131256","0",NA,NA,NA,NA,NA,NA,NA,NA,NA,NA,NA,NA,NA,NA,29252
"StroopTrialPROC","proactive2","12","proactiveBlockList","2","17",NA,NA,NA,NA,NA,NA,NA,NA,NA,NA,NA,NA,NA,NA,NA,NA,"1","3","3600","5","BLACK","InCon","PC50","pink","255,105,180",NA,"4","132017_proactive_StroopPro_run2_AudioRecord-16.wav","3300","25","131281","2","300","131263","131283","131284","27","8",131564,"2","300","131284","131566","131566","10","132017_proactive_StroopPro_run2_AudioRecord-16.wav","8","131864","3","100","131567","131867","131868","11","8","131964","3","2000","131868","131967","131967","11","8","133964","-8","3300","131967","137256","137256","0",NA,NA,"2",NA,NA,NA,NA,NA,NA,NA,NA,NA,NA,NA,29252
"StroopTrialPROC","proactive2","12","proactiveBlockList","2","18",NA,NA,NA,NA,NA,NA,NA,NA,NA,NA,NA,NA,NA,NA,NA,NA,"1","2","2400","4","YELLOW","Con","PC50","yellow","yellow",NA,"3","132017_proactive_StroopPro_run2_AudioRecord-17.wav","2100","24","137280","2","300","137262","137282","137283","26","7",137563,"2","300","137283","137565","137565","9","132017_proactive_StroopPro_run2_AudioRecord-17.wav","7","137863","3","100","137566","137866","137867","10","7","137963","3","2000","137867","137966","137966","10","7","139963","-7","2100","137966","142056","142056","0","4",NA,NA,NA,NA,NA,NA,NA,NA,NA,NA,NA,NA,NA,29252
"StroopTrialPROC","proactive2","12","proactiveBlockList","2","19",NA,NA,NA,NA,NA,NA,NA,NA,NA,NA,NA,NA,NA,NA,NA,NA,"1","3","3600","5","BLUE","InCon","MI","red","red","1","2","132017_proactive_StroopPro_run2_AudioRecord-18.wav","3300","23","142079","2","300","142063","142081","142082","25","7",142363,"1","300","142082","142364","142365","8","132017_proactive_StroopPro_run2_AudioRecord-18.wav","7","142663","2","100","142365","142665","142666","9","7","142763","2","2000","142666","142765","142765","9","6","144762","-6","3300","142765","148056","148056","0",NA,NA,NA,NA,NA,NA,NA,NA,NA,NA,NA,NA,NA,NA,29252
"StroopTrialPROC","proactive2","12","proactiveBlockList","2","20",NA,NA,NA,NA,NA,NA,NA,NA,NA,NA,NA,NA,NA,NA,NA,NA,"1","3","3600","5","WHITE","Con","MI","white","white",NA,"1","132017_proactive_StroopPro_run2_AudioRecord-19.wav","3300","56","148112","2","300","148089","148114","148114","58","6",148362,"1","300","148114","148363","148364","7","132017_proactive_StroopPro_run2_AudioRecord-19.wav","6","148662","3","100","148364","148665","148665","9","6","148762","2","2000","148665","148764","148764","8","5","150761","-5","3300","148765","154056","154056","0",NA,"3",NA,NA,NA,NA,NA,NA,NA,NA,NA,NA,NA,NA,29252
"StroopTrialPROC","proactive2","12","proactiveBlockList","2","21",NA,NA,NA,NA,NA,NA,NA,NA,NA,NA,NA,NA,NA,NA,NA,NA,"1","1","1200","3","WHITE","InCon","MI","blue","blue","5","2","132017_proactive_StroopPro_run2_AudioRecord-20.wav","900","21","154077","3","300","154062","154080","154080","24","5",154361,"1","300","154080","154362","154363","6","132017_proactive_StroopPro_run2_AudioRecord-20.wav","5","154661","3","100","154363","154664","154664","8","5","154761","2","2000","154664","154763","154763","7","4","156760","-4","900","154764","157656","157656","0",NA,NA,NA,NA,NA,NA,NA,NA,NA,NA,NA,NA,NA,NA,29252
"StroopTrialPROC","proactive2","12","proactiveBlockList","2","22",NA,NA,NA,NA,NA,NA,NA,NA,NA,NA,NA,NA,NA,NA,NA,NA,"1","1","1200","3","PINK","Con","PC50","pink","255,105,180",NA,"3","132017_proactive_StroopPro_run2_AudioRecord-21.wav","900","21","157677","2","300","157669","157679","157680","23","4",157960,"2","300","157680","157962","157962","6","132017_proactive_StroopPro_run2_AudioRecord-21.wav","4","158260","3","100","157962","158263","158263","7","4","158360","2","2000","158264","158362","158363","6","4","160360","-4","900","158363","161256","161256","0","1",NA,NA,NA,NA,NA,NA,NA,NA,NA,NA,NA,NA,NA,29252
"StroopTrialPROC","proactive2","12","proactiveBlockList","2","23",NA,NA,NA,NA,NA,NA,NA,NA,NA,NA,NA,NA,NA,NA,NA,NA,"1","2","2400","4","YELLOW","InCon","PC50","green","green",NA,"4","132017_proactive_StroopPro_run2_AudioRecord-22.wav","2100","20","161276","3","300","161269","161279","161279","23","4",161560,"1","300","161279","161561","161562","5","132017_proactive_StroopPro_run2_AudioRecord-22.wav","4","161860","2","100","161562","161862","161863","6","4","161960","2","2000","161863","161962","161962","6","3","163959","-3","2100","161962","166056","166056","0",NA,NA,"6",NA,NA,NA,NA,NA,NA,NA,NA,NA,NA,NA,29252
"StroopTrialPROC","proactive2","12","proactiveBlockList","2","24",NA,NA,NA,NA,NA,NA,NA,NA,NA,NA,NA,NA,NA,NA,NA,NA,"1","2","2400","4","WHITE","InCon","MI","blue","blue","5","2","132017_proactive_StroopPro_run2_AudioRecord-23.wav","2100","20","166076","2","300","166062","166078","166078","22","3",166359,"2","300","166078","166361","166361","5","132017_proactive_StroopPro_run2_AudioRecord-23.wav","3","166659","3","100","166361","166662","166662","6","3","166759","2","2000","166662","166761","166761","5","2","168758","-2","2100","166762","170856","170856","0",NA,NA,NA,NA,NA,NA,NA,NA,NA,NA,NA,NA,NA,NA,29252
"StroopTrialPROC","proactive2","12","proactiveBlockList","2","25",NA,NA,NA,NA,NA,NA,NA,NA,NA,NA,NA,NA,NA,NA,NA,NA,"1","1","1200","3","RED","Con","MI","red","red",NA,"1","132017_proactive_StroopPro_run2_AudioRecord-24.wav","900","19","170875","2","300","170863","170877","170878","21","2",171158,"2","300","170878","171160","171160","4","132017_proactive_StroopPro_run2_AudioRecord-24.wav","2","171458","3","100","171160","171461","171461","5","2","171558","2","2000","171462","171560","171561","4","2","173558","-2","900","171561","174456","174456","0",NA,"1",NA,NA,NA,NA,NA,NA,NA,NA,NA,NA,NA,NA,29252
"StroopTrialPROC","proactive2","12","proactiveBlockList","2","26",NA,NA,NA,NA,NA,NA,NA,NA,NA,NA,NA,NA,NA,NA,NA,NA,"1","1","1200","3","RED","InCon","MI","white","white","7","2","132017_proactive_StroopPro_run2_AudioRecord-25.wav","900","18","174474","3","300","174467","174477","174477","21","2",174758,"1","300","174477","174759","174759","3","132017_proactive_StroopPro_run2_AudioRecord-25.wav","1","175057","3","100","174760","175060","175061","4","1","175157","3","2000","175061","175160","175160","4","1","177157","-1","900","175160","178056","178056","0",NA,NA,NA,NA,NA,NA,NA,NA,NA,NA,NA,NA,NA,NA,29252
"StroopTrialPROC","proactive2","12","proactiveBlockList","2","27",NA,NA,NA,NA,NA,NA,NA,NA,NA,NA,NA,NA,NA,NA,NA,NA,"1","2","2400","4","BLACK","InCon","PC50","yellow","yellow",NA,"4","132017_proactive_StroopPro_run2_AudioRecord-26.wav","2100","18","178074","2","300","178066","178076","178076","20","1",178357,"2","300","178077","178359","178359","3","132017_proactive_StroopPro_run2_AudioRecord-26.wav","1","178657","3","100","178359","178660","178660","4","1","178757","2","2000","178660","178759","178760","3","1","180757","-1","2100","178760","182856","182856","0",NA,NA,"12",NA,NA,NA,NA,NA,NA,NA,NA,NA,NA,NA,29252
"StroopTrialPROC","proactive2","12","proactiveBlockList","2","28",NA,NA,NA,NA,NA,NA,NA,NA,NA,NA,NA,NA,NA,NA,NA,NA,"1","3","3600","5","BLUE","InCon","MI","purple","purple","11","2","132017_proactive_StroopPro_run2_AudioRecord-27.wav","3300","17","182873","2","300","182862","182875","182876","19","0",183156,"2","300","182876","183158","183158","2","132017_proactive_StroopPro_run2_AudioRecord-27.wav","0","183456","3","100","183158","183459","183459","3","0","183556","2","2000","183460","183558","183559","2","0","185556","0","3300","183559","188856","188856","0",NA,NA,NA,NA,NA,NA,NA,NA,NA,NA,NA,NA,NA,NA,29252
"StroopTrialPROC","proactive2","12","proactiveBlockList","2","29",NA,NA,NA,NA,NA,NA,NA,NA,NA,NA,NA,NA,NA,NA,NA,NA,"1","2","2400","4","PURPLE","InCon","MI","red","red","3","2","132017_proactive_StroopPro_run2_AudioRecord-28.wav","2100","16","188872","2","300","188863","188874","188875","18","16",189172,"2","300","188875","189174","189174","18","132017_proactive_StroopPro_run2_AudioRecord-28.wav","16","189472","3","100","189174","189475","189475","19","16","189572","2","2000","189475","189574","189574","18","16","191572","-16","2100","189575","193656","193656","0",NA,NA,NA,NA,NA,NA,NA,NA,NA,NA,NA,NA,NA,NA,29252
"StroopTrialPROC","proactive2","12","proactiveBlockList","2","30",NA,NA,NA,NA,NA,NA,NA,NA,NA,NA,NA,NA,NA,NA,NA,NA,"1","3","3600","5","PURPLE","InCon","MI","red","red","3","2","132017_proactive_StroopPro_run2_AudioRecord-29.wav","3300","15","193671","3","300","193662","193674","193674","18","15",193971,"2","300","193674","193973","193973","17","132017_proactive_StroopPro_run2_AudioRecord-29.wav","15","194271","3","100","193974","194274","194274","18","15","194371","2","2000","194275","194373","194374","17","15","196371","-15","3300","194374","199656","199656","0",NA,NA,NA,NA,NA,NA,NA,NA,NA,NA,NA,NA,NA,NA,29252
"StroopTrialPROC","proactive2","12","proactiveBlockList","2","31",NA,NA,NA,NA,NA,NA,NA,NA,NA,NA,NA,NA,NA,NA,NA,NA,"1","1","1200","3","PURPLE","InCon","MI","white","white","9","2","132017_proactive_StroopPro_run2_AudioRecord-30.wav","900","14","199670","3","300","199662","199673","199673","17","14",199970,"2","300","199673","199972","199972","16","132017_proactive_StroopPro_run2_AudioRecord-30.wav","14","200270","3","100","199972","200273","200273","17","14","200370","2","2000","200274","200372","200373","16","14","202370","-14","900","200373","203256","203256","0",NA,NA,NA,NA,NA,NA,NA,NA,NA,NA,NA,NA,NA,NA,29252
"StroopTrialPROC","proactive2","12","proactiveBlockList","2","32",NA,NA,NA,NA,NA,NA,NA,NA,NA,NA,NA,NA,NA,NA,NA,NA,"1","3","3600","5","PINK","InCon","PC50","yellow","yellow",NA,"4","132017_proactive_StroopPro_run2_AudioRecord-31.wav","3300","30","203286","2","300","203269","203288","203289","32","14",203570,"1","300","203289","203571","203571","15","132017_proactive_StroopPro_run2_AudioRecord-31.wav","14","203870","2","100","203572","203872","203873","16","14","203970","2","2000","203873","203972","203972","16","13","205969","-13","3300","203973","209256","209256","0",NA,NA,"10",NA,NA,NA,NA,NA,NA,NA,NA,NA,NA,NA,29252
"StroopTrialPROC","proactive2","12","proactiveBlockList","2","33",NA,NA,NA,NA,NA,NA,NA,NA,NA,NA,NA,NA,NA,NA,NA,NA,"1","3","3600","5","BLUE","Con","MI","blue","blue",NA,"1","132017_proactive_StroopPro_run2_AudioRecord-32.wav","3300","29","209285","2","300","209262","209287","209288","31","13",209569,"1","300","209288","209570","209571","14","132017_proactive_StroopPro_run2_AudioRecord-32.wav","13","209869","2","100","209571","209871","209872","15","13","209969","2","2000","209872","209971","209971","15","12","211968","-12","3300","209971","215256","215256","0",NA,"2",NA,NA,NA,NA,NA,NA,NA,NA,NA,NA,NA,NA,29252
"StroopTrialPROC","proactive2","12","proactiveBlockList","2","34",NA,NA,NA,NA,NA,NA,NA,NA,NA,NA,NA,NA,NA,NA,NA,NA,"1","2","2400","4","BLACK","Con","PC50","black","black",NA,"3","132017_proactive_StroopPro_run2_AudioRecord-33.wav","2100","28","215284","3","300","215262","215287","215287","31","12",215568,"1","300","215287","215569","215570","13","132017_proactive_StroopPro_run2_AudioRecord-33.wav","12","215868","3","100","215570","215871","215871","15","12","215968","2","2000","215871","215970","215970","14","11","217967","-11","2100","215971","220056","220056","0","3",NA,NA,NA,NA,NA,NA,NA,NA,NA,NA,NA,NA,NA,29252
"StroopTrialPROC","proactive2","12","proactiveBlockList","2","35",NA,NA,NA,NA,NA,NA,NA,NA,NA,NA,NA,NA,NA,NA,NA,NA,"1","2","2400","4","PURPLE","InCon","MI","blue","blue","6","2","132017_proactive_StroopPro_run2_AudioRecord-34.wav","2100","28","220084","2","300","220062","220086","220086","30","11",220367,"2","300","220086","220369","220369","13","132017_proactive_StroopPro_run2_AudioRecord-34.wav","11","220667","3","100","220369","220670","220670","14","11","220767","2","2000","220670","220769","220769","13","11","222767","-11","2100","220770","224856","224856","0",NA,NA,NA,NA,NA,NA,NA,NA,NA,NA,NA,NA,NA,NA,29252
"StroopTrialPROC","proactive2","12","proactiveBlockList","2","36",NA,NA,NA,NA,NA,NA,NA,NA,NA,NA,NA,NA,NA,NA,NA,NA,"1","1","1200","3","GREEN","Con","PC50","green","green",NA,"3","132017_proactive_StroopPro_run2_AudioRecord-35.wav","900","27","224883","2","300","224862","224885","224885","29","10",225166,"2","300","224886","225168","225168","12","132017_proactive_StroopPro_run2_AudioRecord-35.wav","10","225466","3","100","225168","225469","225469","13","10","225566","2","2000","225470","225568","225569","12","10","227566","-10","900","225569","228456","228456","0","2",NA,NA,NA,NA,NA,NA,NA,NA,NA,NA,NA,NA,NA,29252
"StroopTrialPROC","proactive2","12","proactiveBlockList","2","37",NA,NA,NA,NA,NA,NA,NA,NA,NA,NA,NA,NA,NA,NA,NA,NA,"1","1","1200","3","PINK","InCon","PC50","green","green",NA,"4","132017_proactive_StroopPro_run2_AudioRecord-36.wav","900","26","228482","2","300","228465","228484","228485","28","10",228766,"1","300","228485","228767","228768","11","132017_proactive_StroopPro_run2_AudioRecord-36.wav","10","229066","2","100","228768","229068","229069","12","10","229166","2","2000","229069","229168","229168","12","9","231165","-9","900","229168","232056","232056","0",NA,NA,"4",NA,NA,NA,NA,NA,NA,NA,NA,NA,NA,NA,29252
"FixationGetReadyPROC","proactive2","13","proactiveBlockList","2","38","26","232082","2","28400","232065","232084","232084","28","5","260461","2","1600","232084","260463","0","7",NA,NA,NA,NA,NA,NA,NA,NA,NA,NA,NA,NA,NA,NA,NA,NA,NA,NA,NA,NA,NA,NA,NA,NA,NA,NA,NA,NA,NA,NA,NA,NA,NA,NA,NA,NA,NA,NA,NA,NA,NA,NA,NA,NA,NA,NA,NA,NA,NA,NA,NA,NA,NA,NA,NA,NA,NA,NA,NA,NA,NA,NA,NA,NA,NA,NA,NA,NA,29252
"StroopTrialPROC","proactive2","14","proactiveBlockList","2","39",NA,NA,NA,NA,NA,NA,NA,NA,NA,NA,NA,NA,NA,NA,NA,NA,"1","3","3600","5","BLACK","InCon","PC50","yellow","yellow",NA,"4","132017_proactive_StroopPro_run2_AudioRecord-37.wav","3300","4","262060","3","300","260465","262063","262063","7","4",262360,"2","300","262063","262362","262362","6","132017_proactive_StroopPro_run2_AudioRecord-37.wav","4","262660","3","100","262362","262663","262664","7","4","262760","2","2000","262664","262762","262763","6","4","264760","-4","3300","262763","268056","268056","0",NA,NA,"12",NA,NA,NA,NA,NA,NA,NA,NA,NA,NA,NA,29252
"StroopTrialPROC","proactive2","14","proactiveBlockList","2","40",NA,NA,NA,NA,NA,NA,NA,NA,NA,NA,NA,NA,NA,NA,NA,NA,"1","2","2400","4","BLACK","InCon","PC50","pink","255,105,180",NA,"4","132017_proactive_StroopPro_run2_AudioRecord-38.wav","2100","20","268076","2","300","268063","268078","268079","22","3",268359,"2","300","268079","268361","268361","5","132017_proactive_StroopPro_run2_AudioRecord-38.wav","3","268659","3","100","268362","268662","268663","6","3","268759","2","2000","268663","268761","268762","5","3","270759","-3","2100","268762","272856","272856","0",NA,NA,"2",NA,NA,NA,NA,NA,NA,NA,NA,NA,NA,NA,29252
"StroopTrialPROC","proactive2","14","proactiveBlockList","2","41",NA,NA,NA,NA,NA,NA,NA,NA,NA,NA,NA,NA,NA,NA,NA,NA,"1","3","3600","5","BLUE","InCon","MI","purple","purple","11","2","132017_proactive_StroopPro_run2_AudioRecord-39.wav","3300","19","272875","2","300","272862","272877","272878","21","3",273159,"1","300","272878","273160","273160","4","132017_proactive_StroopPro_run2_AudioRecord-39.wav","3","273459","2","100","273161","273461","273462","5","3","273559","2","2000","273462","273561","273561","5","2","275558","-2","3300","273561","278856","278856","0",NA,NA,NA,NA,NA,NA,NA,NA,NA,NA,NA,NA,NA,NA,29252
"StroopTrialPROC","proactive2","14","proactiveBlockList","2","42",NA,NA,NA,NA,NA,NA,NA,NA,NA,NA,NA,NA,NA,NA,NA,NA,"1","1","1200","3","PURPLE","InCon","MI","red","red","3","2","132017_proactive_StroopPro_run2_AudioRecord-40.wav","900","18","278874","2","300","278862","278876","278877","20","2",279158,"1","300","278877","279159","279160","3","132017_proactive_StroopPro_run2_AudioRecord-40.wav","2","279458","2","100","279160","279460","279461","4","2","279558","2","2000","279461","279560","279560","4","1","281557","-1","900","279561","282456","282456","0",NA,NA,NA,NA,NA,NA,NA,NA,NA,NA,NA,NA,NA,NA,29252
"StroopTrialPROC","proactive2","14","proactiveBlockList","2","43",NA,NA,NA,NA,NA,NA,NA,NA,NA,NA,NA,NA,NA,NA,NA,NA,"1","1","1200","3","WHITE","Con","MI","white","white",NA,"1","132017_proactive_StroopPro_run2_AudioRecord-41.wav","900","18","282474","2","300","282466","282476","282477","20","1",282757,"2","300","282477","282759","282759","3","132017_proactive_StroopPro_run2_AudioRecord-41.wav","1","283057","3","100","282759","283060","283060","4","1","283157","2","2000","283061","283159","283159","3","1","285157","-1","900","283160","286056","286056","0",NA,"3",NA,NA,NA,NA,NA,NA,NA,NA,NA,NA,NA,NA,29252
"StroopTrialPROC","proactive2","14","proactiveBlockList","2","44",NA,NA,NA,NA,NA,NA,NA,NA,NA,NA,NA,NA,NA,NA,NA,NA,"1","3","3600","5","RED","InCon","MI","blue","blue","4","2","132017_proactive_StroopPro_run2_AudioRecord-42.wav","3300","17","286073","3","300","286066","286076","286076","20","1",286357,"1","300","286076","286358","286358","2","132017_proactive_StroopPro_run2_AudioRecord-42.wav","1","286657","2","100","286359","286659","286660","3","1","286757","2","2000","286660","286759","286759","3","0","288756","0","3300","286759","292056","292056","0",NA,NA,NA,NA,NA,NA,NA,NA,NA,NA,NA,NA,NA,NA,29252
"StroopTrialPROC","proactive2","14","proactiveBlockList","2","45",NA,NA,NA,NA,NA,NA,NA,NA,NA,NA,NA,NA,NA,NA,NA,NA,"1","2","2400","4","PINK","Con","PC50","pink","255,105,180",NA,"3","132017_proactive_StroopPro_run2_AudioRecord-43.wav","2100","16","292072","3","300","292062","292075","292075","19","0",292356,"1","300","292075","292357","292357","1","132017_proactive_StroopPro_run2_AudioRecord-43.wav","0","292656","2","100","292358","292658","292659","2","0","292756","2","2000","292659","292758","292758","2","16","294772","-16","2100","292758","296856","296856","0","1",NA,NA,NA,NA,NA,NA,NA,NA,NA,NA,NA,NA,NA,29252
"StroopTrialPROC","proactive2","14","proactiveBlockList","2","46",NA,NA,NA,NA,NA,NA,NA,NA,NA,NA,NA,NA,NA,NA,NA,NA,"1","1","1200","3","BLUE","InCon","MI","red","red","1","2","132017_proactive_StroopPro_run2_AudioRecord-44.wav","900","16","296872","2","300","296862","296874","296874","18","16",297172,"1","300","296874","297173","297173","17","132017_proactive_StroopPro_run2_AudioRecord-44.wav","15","297471","3","100","297174","297474","297475","18","15","297571","3","2000","297475","297574","297574","18","15","299571","-15","900","297574","300456","300456","0",NA,NA,NA,NA,NA,NA,NA,NA,NA,NA,NA,NA,NA,NA,29252
"StroopTrialPROC","proactive2","14","proactiveBlockList","2","47",NA,NA,NA,NA,NA,NA,NA,NA,NA,NA,NA,NA,NA,NA,NA,NA,"1","2","2400","4","PURPLE","Con","MI","purple","purple",NA,"1","132017_proactive_StroopPro_run2_AudioRecord-45.wav","2100","32","300488","2","300","300470","300490","300490","34","15",300771,"2","300","300490","300773","300773","17","132017_proactive_StroopPro_run2_AudioRecord-45.wav","15","301071","3","100","300773","301074","301074","18","15","301171","2","2000","301074","301173","301174","17","15","303171","-15","2100","301174","305256","305256","0",NA,"4",NA,NA,NA,NA,NA,NA,NA,NA,NA,NA,NA,NA,29252
"StroopTrialPROC","proactive2","14","proactiveBlockList","2","48",NA,NA,NA,NA,NA,NA,NA,NA,NA,NA,NA,NA,NA,NA,NA,NA,"1","2","2400","4","BLUE","InCon","MI","white","white","8","2","132017_proactive_StroopPro_run2_AudioRecord-46.wav","2100","14","305270","3","300","305262","305273","305273","17","14",305570,"2","300","305273","305572","305572","16","132017_proactive_StroopPro_run2_AudioRecord-46.wav","14","305870","3","100","305572","305873","305873","17","14","305970","2","2000","305874","305972","305973","16","14","307970","-14","2100","305973","310056","310056","0",NA,NA,NA,NA,NA,NA,NA,NA,NA,NA,NA,NA,NA,NA,29252
"StroopTrialPROC","proactive2","14","proactiveBlockList","2","49",NA,NA,NA,NA,NA,NA,NA,NA,NA,NA,NA,NA,NA,NA,NA,NA,"1","3","3600","5","PINK","InCon","PC50","green","green",NA,"4","132017_proactive_StroopPro_run2_AudioRecord-47.wav","3300","30","310086","2","300","310063","310088","310089","32","13",310369,"2","300","310089","310371","310371","15","132017_proactive_StroopPro_run2_AudioRecord-47.wav","13","310669","3","100","310372","310672","310673","16","13","310769","3","2000","310673","310772","310772","16","13","312769","-13","3300","310772","316056","316056","0",NA,NA,"4",NA,NA,NA,NA,NA,NA,NA,NA,NA,NA,NA,29252
"StroopTrialPROC","proactive2","14","proactiveBlockList","2","50",NA,NA,NA,NA,NA,NA,NA,NA,NA,NA,NA,NA,NA,NA,NA,NA,"1","1","1200","3","YELLOW","InCon","PC50","green","green",NA,"4","132017_proactive_StroopPro_run2_AudioRecord-48.wav","900","29","316085","2","300","316063","316087","316088","31","12",316368,"2","300","316088","316370","316370","14","132017_proactive_StroopPro_run2_AudioRecord-48.wav","12","316668","3","100","316371","316671","316672","15","12","316768","3","2000","316672","316771","316771","15","12","318768","-12","900","316771","319656","319656","0",NA,NA,"6",NA,NA,NA,NA,NA,NA,NA,NA,NA,NA,NA,29252
"StroopTrialPROC","proactive2","14","proactiveBlockList","2","51",NA,NA,NA,NA,NA,NA,NA,NA,NA,NA,NA,NA,NA,NA,NA,NA,"1","2","2400","4","PINK","InCon","PC50","yellow","yellow",NA,"4","132017_proactive_StroopPro_run2_AudioRecord-49.wav","2100","29","319685","2","300","319667","319687","319687","31","12",319968,"2","300","319688","319970","319970","14","132017_proactive_StroopPro_run2_AudioRecord-49.wav","12","320268","3","100","319970","320271","320271","15","12","320368","2","2000","320271","320370","320370","14","12","322368","-12","2100","320371","324456","324456","0",NA,NA,"10",NA,NA,NA,NA,NA,NA,NA,NA,NA,NA,NA,29252
"StroopTrialPROC","proactive2","14","proactiveBlockList","2","52",NA,NA,NA,NA,NA,NA,NA,NA,NA,NA,NA,NA,NA,NA,NA,NA,"1","2","2400","4","BLUE","Con","MI","blue","blue",NA,"1","132017_proactive_StroopPro_run2_AudioRecord-50.wav","2100","28","324484","2","300","324462","324486","324486","30","11",324767,"2","300","324486","324769","324769","13","132017_proactive_StroopPro_run2_AudioRecord-50.wav","11","325067","3","100","324769","325070","325070","14","11","325167","2","2000","325071","325169","325170","13","11","327167","-11","2100","325170","329256","329256","0",NA,"2",NA,NA,NA,NA,NA,NA,NA,NA,NA,NA,NA,NA,29252
"StroopTrialPROC","proactive2","14","proactiveBlockList","2","53",NA,NA,NA,NA,NA,NA,NA,NA,NA,NA,NA,NA,NA,NA,NA,NA,"1","3","3600","5","WHITE","InCon","MI","blue","blue","5","2","132017_proactive_StroopPro_run2_AudioRecord-51.wav","3300","27","329283","2","300","329262","329285","329286","29","10",329566,"2","300","329286","329568","329568","12","132017_proactive_StroopPro_run2_AudioRecord-51.wav","10","329866","3","100","329569","329869","329870","13","10","329966","3","2000","329870","329969","329969","13","10","331966","-10","3300","329969","335256","335256","0",NA,NA,NA,NA,NA,NA,NA,NA,NA,NA,NA,NA,NA,NA,29252
"StroopTrialPROC","proactive2","14","proactiveBlockList","2","54",NA,NA,NA,NA,NA,NA,NA,NA,NA,NA,NA,NA,NA,NA,NA,NA,"1","2","2400","4","WHITE","InCon","MI","blue","blue","5","2","132017_proactive_StroopPro_run2_AudioRecord-52.wav","2100","26","335282","2","300","335263","335284","335285","28","9",335565,"2","300","335285","335567","335567","11","132017_proactive_StroopPro_run2_AudioRecord-52.wav","9","335865","3","100","335568","335868","335869","12","9","335965","3","2000","335869","335968","335968","12","9","337965","-9","2100","335968","340056","340056","0",NA,NA,NA,NA,NA,NA,NA,NA,NA,NA,NA,NA,NA,NA,29252
"StroopTrialPROC","proactive2","14","proactiveBlockList","2","55",NA,NA,NA,NA,NA,NA,NA,NA,NA,NA,NA,NA,NA,NA,NA,NA,"1","3","3600","5","PINK","Con","PC50","pink","255,105,180",NA,"3","132017_proactive_StroopPro_run2_AudioRecord-53.wav","3300","25","340081","2","300","340062","340083","340084","27","9",340365,"1","300","340084","340366","340367","10","132017_proactive_StroopPro_run2_AudioRecord-53.wav","9","340665","3","100","340367","340668","340668","12","9","340765","2","2000","340668","340767","340767","11","8","342764","-8","3300","340767","346056","346056","0","1",NA,NA,NA,NA,NA,NA,NA,NA,NA,NA,NA,NA,NA,29252
"StroopTrialPROC","proactive2","14","proactiveBlockList","2","56",NA,NA,NA,NA,NA,NA,NA,NA,NA,NA,NA,NA,NA,NA,NA,NA,"1","1","1200","3","GREEN","InCon","PC50","black","black",NA,"4","132017_proactive_StroopPro_run2_AudioRecord-54.wav","900","24","346080","3","300","346062","346083","346083","27","8",346364,"1","300","346083","346365","346366","9","132017_proactive_StroopPro_run2_AudioRecord-54.wav","8","346664","3","100","346366","346667","346667","11","8","346764","2","2000","346667","346766","346766","10","7","348763","-7","900","346766","349656","349656","0",NA,NA,"8",NA,NA,NA,NA,NA,NA,NA,NA,NA,NA,NA,29252
"StroopTrialPROC","proactive2","14","proactiveBlockList","2","57",NA,NA,NA,NA,NA,NA,NA,NA,NA,NA,NA,NA,NA,NA,NA,NA,"1","3","3600","5","RED","Con","MI","red","red",NA,"1","132017_proactive_StroopPro_run2_AudioRecord-55.wav","3300","24","349680","2","300","349663","349682","349682","26","7",349963,"2","300","349683","349965","349965","9","132017_proactive_StroopPro_run2_AudioRecord-55.wav","7","350263","3","100","349965","350266","350266","10","7","350363","2","2000","350267","350365","350366","9","7","352363","-7","3300","350366","355656","355656","0",NA,"1",NA,NA,NA,NA,NA,NA,NA,NA,NA,NA,NA,NA,29252
"StroopTrialPROC","proactive2","14","proactiveBlockList","2","58",NA,NA,NA,NA,NA,NA,NA,NA,NA,NA,NA,NA,NA,NA,NA,NA,"1","2","2400","4","PURPLE","InCon","MI","white","white","9","2","132017_proactive_StroopPro_run2_AudioRecord-56.wav","2100","23","355679","2","300","355662","355681","355681","25","6",355962,"2","300","355682","355964","355964","8","132017_proactive_StroopPro_run2_AudioRecord-56.wav","6","356262","3","100","355964","356265","356265","9","6","356362","2","2000","356266","356364","356365","8","6","358362","-6","2100","356365","360456","360456","0",NA,NA,NA,NA,NA,NA,NA,NA,NA,NA,NA,NA,NA,NA,29252
"StroopTrialPROC","proactive2","14","proactiveBlockList","2","59",NA,NA,NA,NA,NA,NA,NA,NA,NA,NA,NA,NA,NA,NA,NA,NA,"1","1","1200","3","RED","InCon","MI","white","white","7","2","132017_proactive_StroopPro_run2_AudioRecord-57.wav","900","22","360478","2","300","360462","360480","360481","24","5",360761,"2","300","360481","360763","360763","7","132017_proactive_StroopPro_run2_AudioRecord-57.wav","5","361061","3","100","360764","361064","361065","8","5","361161","3","2000","361065","361164","361164","8","5","363161","-5","900","361164","364056","364056","0",NA,NA,NA,NA,NA,NA,NA,NA,NA,NA,NA,NA,NA,NA,29252
"StroopTrialPROC","proactive2","14","proactiveBlockList","2","60",NA,NA,NA,NA,NA,NA,NA,NA,NA,NA,NA,NA,NA,NA,NA,NA,"1","1","1200","3","WHITE","InCon","MI","purple","purple","12","2","132017_proactive_StroopPro_run2_AudioRecord-58.wav","900","22","364078","2","300","364070","364080","364080","24","5",364361,"2","300","364080","364363","364363","7","132017_proactive_StroopPro_run2_AudioRecord-58.wav","5","364661","3","100","364363","364664","364664","8","5","364761","2","2000","364664","364763","364763","7","5","366761","-5","900","364764","367656","367656","0",NA,NA,NA,NA,NA,NA,NA,NA,NA,NA,NA,NA,NA,NA,29252
"StroopTrialPROC","proactive2","14","proactiveBlockList","2","61",NA,NA,NA,NA,NA,NA,NA,NA,NA,NA,NA,NA,NA,NA,NA,NA,"1","1","1200","3","PURPLE","InCon","MI","white","white","9","2","132017_proactive_StroopPro_run2_AudioRecord-59.wav","900","21","367677","3","300","367670","367680","367680","24","4",367960,"2","300","367680","367962","367962","6","132017_proactive_StroopPro_run2_AudioRecord-59.wav","4","368260","3","100","367962","368263","368263","7","4","368360","2","2000","368264","368362","368363","6","4","370360","-4","900","368363","371256","371256","0",NA,NA,NA,NA,NA,NA,NA,NA,NA,NA,NA,NA,NA,NA,29252
"StroopTrialPROC","proactive2","14","proactiveBlockList","2","62",NA,NA,NA,NA,NA,NA,NA,NA,NA,NA,NA,NA,NA,NA,NA,NA,"1","3","3600","5","WHITE","InCon","MI","red","red","2","2","132017_proactive_StroopPro_run2_AudioRecord-60.wav","3300","21","371277","2","300","371269","371279","371279","23","4",371560,"1","300","371280","371561","371562","5","132017_proactive_StroopPro_run2_AudioRecord-60.wav","4","371860","3","100","371562","371863","371863","7","4","371960","2","2000","371863","371962","371962","6","3","373959","-3","3300","371963","377256","377256","0",NA,NA,NA,NA,NA,NA,NA,NA,NA,NA,NA,NA,NA,NA,29252
"StroopTrialPROC","proactive2","14","proactiveBlockList","2","63",NA,NA,NA,NA,NA,NA,NA,NA,NA,NA,NA,NA,NA,NA,NA,NA,"1","1","1200","3","GREEN","Con","PC50","green","green",NA,"3","132017_proactive_StroopPro_run2_AudioRecord-61.wav","900","20","377276","2","300","377262","377278","377278","22","3",377559,"1","300","377278","377560","377561","4","132017_proactive_StroopPro_run2_AudioRecord-61.wav","3","377859","3","100","377561","377862","377862","6","3","377959","2","2000","377862","377961","377961","5","2","379958","-2","900","377962","380856","380856","0","2",NA,NA,NA,NA,NA,NA,NA,NA,NA,NA,NA,NA,NA,29252
"StroopTrialPROC","proactive2","14","proactiveBlockList","2","64",NA,NA,NA,NA,NA,NA,NA,NA,NA,NA,NA,NA,NA,NA,NA,NA,"1","3","3600","5","RED","InCon","MI","white","white","7","2","132017_proactive_StroopPro_run2_AudioRecord-62.wav","3300","19","380875","2","300","380867","380877","380878","21","2",381158,"2","300","380878","381160","381160","4","132017_proactive_StroopPro_run2_AudioRecord-62.wav","2","381458","3","100","381160","381461","381461","5","2","381558","3","2000","381462","381561","381561","5","2","383558","-2","3300","381561","386856","386856","0",NA,NA,NA,NA,NA,NA,NA,NA,NA,NA,NA,NA,NA,NA,29252
"StroopTrialPROC","proactive2","14","proactiveBlockList","2","65",NA,NA,NA,NA,NA,NA,NA,NA,NA,NA,NA,NA,NA,NA,NA,NA,"1","3","3600","5","WHITE","Con","MI","white","white",NA,"1","132017_proactive_StroopPro_run2_AudioRecord-63.wav","3300","18","386874","2","300","386862","386876","386877","20","1",387157,"2","300","386877","387159","387159","3","132017_proactive_StroopPro_run2_AudioRecord-63.wav","1","387457","3","100","387160","387460","387460","4","1","387557","2","2000","387461","387559","387560","3","1","389557","-1","3300","387560","392856","392856","0",NA,"3",NA,NA,NA,NA,NA,NA,NA,NA,NA,NA,NA,NA,29252
"StroopTrialPROC","proactive2","14","proactiveBlockList","2","66",NA,NA,NA,NA,NA,NA,NA,NA,NA,NA,NA,NA,NA,NA,NA,NA,"1","2","2400","4","PURPLE","InCon","MI","blue","blue","6","2","132017_proactive_StroopPro_run2_AudioRecord-64.wav","2100","17","392873","3","300","392862","392876","392876","20","0",393156,"2","300","392876","393158","393158","2","132017_proactive_StroopPro_run2_AudioRecord-64.wav","0","393456","3","100","393158","393459","393459","3","0","393556","2","2000","393460","393558","393559","2","0","395556","0","2100","393559","397656","397656","0",NA,NA,NA,NA,NA,NA,NA,NA,NA,NA,NA,NA,NA,NA,29252
"StroopTrialPROC","proactive2","14","proactiveBlockList","2","67",NA,NA,NA,NA,NA,NA,NA,NA,NA,NA,NA,NA,NA,NA,NA,NA,"1","1","1200","3","RED","InCon","MI","purple","purple","10","2","132017_proactive_StroopPro_run2_AudioRecord-65.wav","900","16","397672","3","300","397662","397675","397675","19","0",397956,"1","300","397675","397957","397957","1","132017_proactive_StroopPro_run2_AudioRecord-65.wav","0","398256","2","100","397958","398258","398259","2","16","398372","2","2000","398259","398374","398375","18","16","400372","-16","900","398375","401256","401256","0",NA,NA,NA,NA,NA,NA,NA,NA,NA,NA,NA,NA,NA,NA,29252
"StroopTrialPROC","proactive2","14","proactiveBlockList","2","68",NA,NA,NA,NA,NA,NA,NA,NA,NA,NA,NA,NA,NA,NA,NA,NA,"1","1","1200","3","PURPLE","InCon","MI","red","red","3","2","132017_proactive_StroopPro_run2_AudioRecord-66.wav","900","16","401272","2","300","401264","401274","401275","18","16",401572,"1","300","401275","401573","401574","17","132017_proactive_StroopPro_run2_AudioRecord-66.wav","16","401872","2","100","401574","401874","401875","18","16","401972","2","2000","401875","401974","401974","18","15","403971","-15","900","401974","404856","404856","0",NA,NA,NA,NA,NA,NA,NA,NA,NA,NA,NA,NA,NA,NA,29252
"StroopTrialPROC","proactive2","14","proactiveBlockList","2","69",NA,NA,NA,NA,NA,NA,NA,NA,NA,NA,NA,NA,NA,NA,NA,NA,"1","2","2400","4","BLACK","Con","PC50","black","black",NA,"3","132017_proactive_StroopPro_run2_AudioRecord-67.wav","2100","32","404888","2","300","404870","404890","404891","34","15",405171,"2","300","404891","405173","405173","17","132017_proactive_StroopPro_run2_AudioRecord-67.wav","15","405471","3","100","405173","405474","405474","18","15","405571","2","2000","405475","405573","405574","17","15","407571","-15","2100","405574","409656","409656","0","3",NA,NA,NA,NA,NA,NA,NA,NA,NA,NA,NA,NA,NA,29252
"StroopTrialPROC","proactive2","14","proactiveBlockList","2","70",NA,NA,NA,NA,NA,NA,NA,NA,NA,NA,NA,NA,NA,NA,NA,NA,"1","3","3600","5","BLACK","Con","PC50","black","black",NA,"3","132017_proactive_StroopPro_run2_AudioRecord-68.wav","3300","14","409670","3","300","409663","409673","409673","17","14",409970,"2","300","409673","409972","409972","16","132017_proactive_StroopPro_run2_AudioRecord-68.wav","14","410270","3","100","409973","410273","410274","17","14","410370","3","2000","410274","410373","410373","17","14","412370","-14","3300","410373","415656","415656","0","3",NA,NA,NA,NA,NA,NA,NA,NA,NA,NA,NA,NA,NA,29252
"StroopTrialPROC","proactive2","14","proactiveBlockList","2","71",NA,NA,NA,NA,NA,NA,NA,NA,NA,NA,NA,NA,NA,NA,NA,NA,"1","1","1200","3","YELLOW","Con","PC50","yellow","yellow",NA,"3","132017_proactive_StroopPro_run2_AudioRecord-69.wav","900","14","415670","2","300","415662","415672","415672","16","13",415969,"2","300","415673","415971","415971","15","132017_proactive_StroopPro_run2_AudioRecord-69.wav","13","416269","3","100","415972","416272","416273","16","13","416369","3","2000","416273","416372","416372","16","13","418369","-13","900","416372","419256","419256","0","4",NA,NA,NA,NA,NA,NA,NA,NA,NA,NA,NA,NA,NA,29252
"StroopTrialPROC","proactive2","14","proactiveBlockList","2","72",NA,NA,NA,NA,NA,NA,NA,NA,NA,NA,NA,NA,NA,NA,NA,NA,"1","2","2400","4","BLUE","InCon","MI","red","red","1","2","132017_proactive_StroopPro_run2_AudioRecord-70.wav","2100","30","419286","2","300","419268","419288","419288","32","13",419569,"1","300","419288","419570","419571","14","132017_proactive_StroopPro_run2_AudioRecord-70.wav","13","419869","3","100","419571","419872","419872","16","13","419969","2","2000","419872","419971","419971","15","12","421968","-12","2100","419972","424056","424056","0",NA,NA,NA,NA,NA,NA,NA,NA,NA,NA,NA,NA,NA,NA,29252
"StroopTrialPROC","proactive2","14","proactiveBlockList","2","73",NA,NA,NA,NA,NA,NA,NA,NA,NA,NA,NA,NA,NA,NA,NA,NA,"1","3","3600","5","BLUE","InCon","MI","purple","purple","11","2","132017_proactive_StroopPro_run2_AudioRecord-71.wav","3300","45","424101","3","300","424088","424104","424104","48","12",424368,"2","300","424104","424370","424370","14","132017_proactive_StroopPro_run2_AudioRecord-71.wav","12","424668","3","100","424370","424671","424671","15","12","424768","2","2000","424671","424770","424771","14","12","426768","-12","3300","424771","430056","430056","0",NA,NA,NA,NA,NA,NA,NA,NA,NA,NA,NA,NA,NA,NA,29252
"StroopTrialPROC","proactive2","14","proactiveBlockList","2","74",NA,NA,NA,NA,NA,NA,NA,NA,NA,NA,NA,NA,NA,NA,NA,NA,"1","2","2400","4","RED","Con","MI","red","red",NA,"1","132017_proactive_StroopPro_run2_AudioRecord-72.wav","2100","28","430084","2","300","430062","430086","430086","30","11",430367,"2","300","430086","430369","430369","13","132017_proactive_StroopPro_run2_AudioRecord-72.wav","11","430667","3","100","430369","430670","430670","14","11","430767","2","2000","430671","430769","430770","13","11","432767","-11","2100","430770","434856","434856","0",NA,"1",NA,NA,NA,NA,NA,NA,NA,NA,NA,NA,NA,NA,29252
"FixationGetReadyPROC","proactive2","15","proactiveBlockList","2","75","27","434883","2","28400","434863","434885","434886","29","6","463262","2","1600","434886","463264","0","8",NA,NA,NA,NA,NA,NA,NA,NA,NA,NA,NA,NA,NA,NA,NA,NA,NA,NA,NA,NA,NA,NA,NA,NA,NA,NA,NA,NA,NA,NA,NA,NA,NA,NA,NA,NA,NA,NA,NA,NA,NA,NA,NA,NA,NA,NA,NA,NA,NA,NA,NA,NA,NA,NA,NA,NA,NA,NA,NA,NA,NA,NA,NA,NA,NA,NA,NA,NA,29252
"StroopTrialPROC","proactive2","16","proactiveBlockList","2","76",NA,NA,NA,NA,NA,NA,NA,NA,NA,NA,NA,NA,NA,NA,NA,NA,"1","1","1200","3","PURPLE","InCon","MI","red","red","3","2","132017_proactive_StroopPro_run2_AudioRecord-73.wav","900","6","464862","2","300","463266","464864","464864","8","6",465162,"1","300","464864","465163","465164","7","132017_proactive_StroopPro_run2_AudioRecord-73.wav","6","465462","3","100","465164","465465","465465","9","6","465562","2","2000","465465","465564","465564","8","5","467561","-5","900","465564","468456","468456","0",NA,NA,NA,NA,NA,NA,NA,NA,NA,NA,NA,NA,NA,NA,29252
"StroopTrialPROC","proactive2","16","proactiveBlockList","2","77",NA,NA,NA,NA,NA,NA,NA,NA,NA,NA,NA,NA,NA,NA,NA,NA,"1","3","3600","5","PURPLE","InCon","MI","blue","blue","6","2","132017_proactive_StroopPro_run2_AudioRecord-74.wav","3300","22","468478","2","300","468471","468480","468480","24","5",468761,"2","300","468481","468763","468763","7","132017_proactive_StroopPro_run2_AudioRecord-74.wav","5","469061","3","100","468763","469064","469064","8","5","469161","2","2000","469065","469163","469164","7","5","471161","-5","3300","469164","474456","474456","0",NA,NA,NA,NA,NA,NA,NA,NA,NA,NA,NA,NA,NA,NA,29252
"StroopTrialPROC","proactive2","16","proactiveBlockList","2","78",NA,NA,NA,NA,NA,NA,NA,NA,NA,NA,NA,NA,NA,NA,NA,NA,"1","1","1200","3","GREEN","InCon","PC50","black","black",NA,"4","132017_proactive_StroopPro_run2_AudioRecord-75.wav","900","21","474477","2","300","474462","474479","474480","23","4",474760,"2","300","474480","474762","474762","6","132017_proactive_StroopPro_run2_AudioRecord-75.wav","4","475060","3","100","474762","475063","475063","7","4","475160","2","2000","475064","475162","475163","6","4","477160","-4","900","475163","478056","478056","0",NA,NA,"8",NA,NA,NA,NA,NA,NA,NA,NA,NA,NA,NA,29252
"StroopTrialPROC","proactive2","16","proactiveBlockList","2","79",NA,NA,NA,NA,NA,NA,NA,NA,NA,NA,NA,NA,NA,NA,NA,NA,"1","1","1200","3","PURPLE","InCon","MI","white","white","9","2","132017_proactive_StroopPro_run2_AudioRecord-76.wav","900","20","478076","3","300","478069","478079","478079","23","4",478360,"1","300","478079","478361","478361","5","132017_proactive_StroopPro_run2_AudioRecord-76.wav","3","478659","3","100","478362","478662","478663","6","3","478759","3","2000","478663","478762","478762","6","3","480759","-3","900","478762","481656","481656","0",NA,NA,NA,NA,NA,NA,NA,NA,NA,NA,NA,NA,NA,NA,29252
"StroopTrialPROC","proactive2","16","proactiveBlockList","2","80",NA,NA,NA,NA,NA,NA,NA,NA,NA,NA,NA,NA,NA,NA,NA,NA,"1","3","3600","5","BLACK","InCon","PC50","yellow","yellow",NA,"4","132017_proactive_StroopPro_run2_AudioRecord-77.wav","3300","20","481676","2","300","481668","481678","481679","22","3",481959,"2","300","481679","481961","481961","5","132017_proactive_StroopPro_run2_AudioRecord-77.wav","3","482259","3","100","481961","482262","482262","6","3","482359","2","2000","482262","482361","482361","5","3","484359","-3","3300","482362","487656","487656","0",NA,NA,"12",NA,NA,NA,NA,NA,NA,NA,NA,NA,NA,NA,29252
"StroopTrialPROC","proactive2","16","proactiveBlockList","2","81",NA,NA,NA,NA,NA,NA,NA,NA,NA,NA,NA,NA,NA,NA,NA,NA,"1","3","3600","5","RED","Con","MI","red","red",NA,"1","132017_proactive_StroopPro_run2_AudioRecord-78.wav","3300","19","487675","2","300","487663","487677","487678","21","2",487958,"2","300","487678","487960","487960","4","132017_proactive_StroopPro_run2_AudioRecord-78.wav","2","488258","3","100","487960","488261","488261","5","2","488358","2","2000","488261","488360","488360","4","2","490358","-2","3300","488361","493656","493656","0",NA,"1",NA,NA,NA,NA,NA,NA,NA,NA,NA,NA,NA,NA,29252
"StroopTrialPROC","proactive2","16","proactiveBlockList","2","82",NA,NA,NA,NA,NA,NA,NA,NA,NA,NA,NA,NA,NA,NA,NA,NA,"1","1","1200","3","BLACK","InCon","PC50","pink","255,105,180",NA,"4","132017_proactive_StroopPro_run2_AudioRecord-79.wav","900","18","493674","2","300","493663","493676","493677","20","1",493957,"2","300","493677","493959","493959","3","132017_proactive_StroopPro_run2_AudioRecord-79.wav","1","494257","3","100","493959","494260","494260","4","1","494357","2","2000","494260","494359","494359","3","1","496357","-1","900","494360","497256","497256","0",NA,NA,"2",NA,NA,NA,NA,NA,NA,NA,NA,NA,NA,NA,29252
"StroopTrialPROC","proactive2","16","proactiveBlockList","2","83",NA,NA,NA,NA,NA,NA,NA,NA,NA,NA,NA,NA,NA,NA,NA,NA,"1","3","3600","5","PURPLE","InCon","MI","white","white","9","2","132017_proactive_StroopPro_run2_AudioRecord-80.wav","3300","17","497273","3","300","497266","497276","497276","20","0",497556,"2","300","497276","497558","497558","2","132017_proactive_StroopPro_run2_AudioRecord-80.wav","0","497856","3","100","497559","497859","497860","3","0","497956","3","2000","497860","497959","497959","3","0","499956","0","3300","497959","503256","503256","0",NA,NA,NA,NA,NA,NA,NA,NA,NA,NA,NA,NA,NA,NA,29252
"StroopTrialPROC","proactive2","16","proactiveBlockList","2","84",NA,NA,NA,NA,NA,NA,NA,NA,NA,NA,NA,NA,NA,NA,NA,NA,"1","2","2400","4","YELLOW","Con","PC50","yellow","yellow",NA,"3","132017_proactive_StroopPro_run2_AudioRecord-81.wav","2100","16","503272","3","300","503262","503275","503275","19","0",503556,"1","300","503275","503557","503557","1","132017_proactive_StroopPro_run2_AudioRecord-81.wav","16","503872","3","100","503558","503875","503875","19","16","503972","2","2000","503876","503974","503975","18","16","505972","-16","2100","503975","508056","508056","0","4",NA,NA,NA,NA,NA,NA,NA,NA,NA,NA,NA,NA,NA,29252
"StroopTrialPROC","proactive2","16","proactiveBlockList","2","85",NA,NA,NA,NA,NA,NA,NA,NA,NA,NA,NA,NA,NA,NA,NA,NA,"1","2","2400","4","PINK","InCon","PC50","green","green",NA,"4","132017_proactive_StroopPro_run2_AudioRecord-82.wav","2100","16","508072","2","300","508062","508074","508074","18","15",508371,"2","300","508074","508373","508373","17","132017_proactive_StroopPro_run2_AudioRecord-82.wav","15","508671","3","100","508374","508674","508675","18","15","508771","3","2000","508675","508774","508774","18","15","510771","-15","2100","508774","512856","512856","0",NA,NA,"4",NA,NA,NA,NA,NA,NA,NA,NA,NA,NA,NA,29252
"StroopTrialPROC","proactive2","16","proactiveBlockList","2","86",NA,NA,NA,NA,NA,NA,NA,NA,NA,NA,NA,NA,NA,NA,NA,NA,"1","2","2400","4","PINK","Con","PC50","pink","255,105,180",NA,"3","132017_proactive_StroopPro_run2_AudioRecord-83.wav","2100","15","512871","2","300","512862","512873","512874","17","15",513171,"1","300","512874","513172","513173","16","132017_proactive_StroopPro_run2_AudioRecord-83.wav","15","513471","2","100","513173","513473","513474","17","15","513571","2","2000","513474","513573","513573","17","14","515570","-14","2100","513573","517656","517656","0","1",NA,NA,NA,NA,NA,NA,NA,NA,NA,NA,NA,NA,NA,29252
"StroopTrialPROC","proactive2","16","proactiveBlockList","2","87",NA,NA,NA,NA,NA,NA,NA,NA,NA,NA,NA,NA,NA,NA,NA,NA,"1","2","2400","4","BLUE","InCon","MI","red","red","1","2","132017_proactive_StroopPro_run2_AudioRecord-84.wav","2100","14","517670","2","300","517662","517672","517673","16","14",517970,"2","300","517673","517972","517972","16","132017_proactive_StroopPro_run2_AudioRecord-84.wav","14","518270","3","100","517972","518273","518273","17","14","518370","2","2000","518273","518372","518373","16","14","520370","-14","2100","518373","522456","522456","0",NA,NA,NA,NA,NA,NA,NA,NA,NA,NA,NA,NA,NA,NA,29252
"StroopTrialPROC","proactive2","16","proactiveBlockList","2","88",NA,NA,NA,NA,NA,NA,NA,NA,NA,NA,NA,NA,NA,NA,NA,NA,"1","1","1200","3","WHITE","InCon","MI","red","red","2","2","132017_proactive_StroopPro_run2_AudioRecord-85.wav","900","14","522470","2","300","522462","522472","522472","16","13",522769,"2","300","522472","522771","522771","15","132017_proactive_StroopPro_run2_AudioRecord-85.wav","13","523069","3","100","522772","523072","523072","16","13","523169","2","2000","523073","523171","523172","15","13","525169","-13","900","523172","526056","526056","0",NA,NA,NA,NA,NA,NA,NA,NA,NA,NA,NA,NA,NA,NA,29252
"StroopTrialPROC","proactive2","16","proactiveBlockList","2","89",NA,NA,NA,NA,NA,NA,NA,NA,NA,NA,NA,NA,NA,NA,NA,NA,"1","3","3600","5","WHITE","Con","MI","white","white",NA,"1","132017_proactive_StroopPro_run2_AudioRecord-86.wav","3300","63","526119","2","300","526099","526121","526122","65","13",526369,"1","300","526122","526370","526370","14","132017_proactive_StroopPro_run2_AudioRecord-86.wav","13","526669","2","100","526371","526671","526672","15","13","526769","2","2000","526672","526771","526771","15","12","528768","-12","3300","526772","532056","532056","0",NA,"3",NA,NA,NA,NA,NA,NA,NA,NA,NA,NA,NA,NA,29252
"StroopTrialPROC","proactive2","16","proactiveBlockList","2","90",NA,NA,NA,NA,NA,NA,NA,NA,NA,NA,NA,NA,NA,NA,NA,NA,"1","3","3600","5","BLUE","InCon","MI","red","red","1","2","132017_proactive_StroopPro_run2_AudioRecord-87.wav","3300","28","532084","2","300","532062","532086","532087","30","12",532368,"1","300","532087","532369","532370","13","132017_proactive_StroopPro_run2_AudioRecord-87.wav","12","532668","2","100","532370","532670","532671","14","12","532768","2","2000","532671","532770","532770","14","11","534767","-11","3300","532771","538056","538056","0",NA,NA,NA,NA,NA,NA,NA,NA,NA,NA,NA,NA,NA,NA,29252
"StroopTrialPROC","proactive2","16","proactiveBlockList","2","91",NA,NA,NA,NA,NA,NA,NA,NA,NA,NA,NA,NA,NA,NA,NA,NA,"1","3","3600","5","RED","InCon","MI","white","white","7","2","132017_proactive_StroopPro_run2_AudioRecord-88.wav","3300","27","538083","3","300","538062","538086","538086","30","11",538367,"1","300","538086","538368","538369","12","132017_proactive_StroopPro_run2_AudioRecord-88.wav","11","538667","2","100","538369","538669","538670","13","11","538767","2","2000","538670","538769","538769","13","10","540766","-10","3300","538769","544056","544056","0",NA,NA,NA,NA,NA,NA,NA,NA,NA,NA,NA,NA,NA,NA,29252
"StroopTrialPROC","proactive2","16","proactiveBlockList","2","92",NA,NA,NA,NA,NA,NA,NA,NA,NA,NA,NA,NA,NA,NA,NA,NA,"1","3","3600","5","BLUE","InCon","MI","purple","purple","11","2","132017_proactive_StroopPro_run2_AudioRecord-89.wav","3300","26","544082","3","300","544062","544085","544085","29","10",544366,"1","300","544085","544367","544368","11","132017_proactive_StroopPro_run2_AudioRecord-89.wav","10","544666","3","100","544368","544669","544669","13","10","544766","2","2000","544669","544768","544768","12","9","546765","-9","3300","544769","550056","550056","0",NA,NA,NA,NA,NA,NA,NA,NA,NA,NA,NA,NA,NA,NA,29252
"StroopTrialPROC","proactive2","16","proactiveBlockList","2","93",NA,NA,NA,NA,NA,NA,NA,NA,NA,NA,NA,NA,NA,NA,NA,NA,"1","1","1200","3","PINK","InCon","PC50","yellow","yellow",NA,"4","132017_proactive_StroopPro_run2_AudioRecord-90.wav","900","26","550082","2","300","550062","550084","550084","28","9",550365,"1","300","550084","550366","550367","10","132017_proactive_StroopPro_run2_AudioRecord-90.wav","9","550665","3","100","550367","550668","550668","12","9","550765","2","2000","550668","550767","550767","11","8","552764","-8","900","550767","553656","553656","0",NA,NA,"10",NA,NA,NA,NA,NA,NA,NA,NA,NA,NA,NA,29252
"StroopTrialPROC","proactive2","16","proactiveBlockList","2","94",NA,NA,NA,NA,NA,NA,NA,NA,NA,NA,NA,NA,NA,NA,NA,NA,"1","2","2400","4","RED","Con","MI","red","red",NA,"1","132017_proactive_StroopPro_run2_AudioRecord-91.wav","2100","25","553681","2","300","553664","553683","553683","27","8",553964,"2","300","553684","553966","553966","10","132017_proactive_StroopPro_run2_AudioRecord-91.wav","8","554264","3","100","553966","554267","554267","11","8","554364","2","2000","554268","554366","554367","10","8","556364","-8","2100","554367","558456","558456","0",NA,"1",NA,NA,NA,NA,NA,NA,NA,NA,NA,NA,NA,NA,29252
"StroopTrialPROC","proactive2","16","proactiveBlockList","2","95",NA,NA,NA,NA,NA,NA,NA,NA,NA,NA,NA,NA,NA,NA,NA,NA,"1","1","1200","3","RED","InCon","MI","blue","blue","4","2","132017_proactive_StroopPro_run2_AudioRecord-92.wav","900","24","558480","2","300","558463","558482","558483","26","7",558763,"2","300","558483","558765","558765","9","132017_proactive_StroopPro_run2_AudioRecord-92.wav","7","559063","3","100","558766","559066","559067","10","7","559163","3","2000","559067","559166","559166","10","7","561163","-7","900","559166","562056","562056","0",NA,NA,NA,NA,NA,NA,NA,NA,NA,NA,NA,NA,NA,NA,29252
"StroopTrialPROC","proactive2","16","proactiveBlockList","2","96",NA,NA,NA,NA,NA,NA,NA,NA,NA,NA,NA,NA,NA,NA,NA,NA,"1","2","2400","4","PURPLE","Con","MI","purple","purple",NA,"1","132017_proactive_StroopPro_run2_AudioRecord-93.wav","2100","24","562080","2","300","562072","562082","562082","26","7",562363,"2","300","562083","562365","562365","9","132017_proactive_StroopPro_run2_AudioRecord-93.wav","7","562663","3","100","562365","562666","562666","10","7","562763","2","2000","562666","562765","562765","9","7","564763","-7","2100","562766","566856","566856","0",NA,"4",NA,NA,NA,NA,NA,NA,NA,NA,NA,NA,NA,NA,29252
"StroopTrialPROC","proactive2","16","proactiveBlockList","2","97",NA,NA,NA,NA,NA,NA,NA,NA,NA,NA,NA,NA,NA,NA,NA,NA,"1","1","1200","3","BLUE","InCon","MI","purple","purple","11","2","132017_proactive_StroopPro_run2_AudioRecord-94.wav","900","23","566879","2","300","566863","566881","566881","25","6",567162,"2","300","566882","567164","567164","8","132017_proactive_StroopPro_run2_AudioRecord-94.wav","6","567462","3","100","567164","567465","567465","9","6","567562","2","2000","567466","567564","567565","8","6","569562","-6","900","567565","570456","570456","0",NA,NA,NA,NA,NA,NA,NA,NA,NA,NA,NA,NA,NA,NA,29252
"StroopTrialPROC","proactive2","16","proactiveBlockList","2","98",NA,NA,NA,NA,NA,NA,NA,NA,NA,NA,NA,NA,NA,NA,NA,NA,"1","2","2400","4","YELLOW","InCon","PC50","green","green",NA,"4","132017_proactive_StroopPro_run2_AudioRecord-95.wav","2100","22","570478","3","300","570471","570481","570481","25","6",570762,"1","300","570481","570763","570764","7","132017_proactive_StroopPro_run2_AudioRecord-95.wav","6","571062","2","100","570764","571064","571065","8","6","571162","2","2000","571065","571164","571164","8","5","573161","-5","2100","571164","575256","575256","0",NA,NA,"6",NA,NA,NA,NA,NA,NA,NA,NA,NA,NA,NA,29252
"StroopTrialPROC","proactive2","16","proactiveBlockList","2","99",NA,NA,NA,NA,NA,NA,NA,NA,NA,NA,NA,NA,NA,NA,NA,NA,"1","2","2400","4","WHITE","InCon","MI","blue","blue","5","2","132017_proactive_StroopPro_run2_AudioRecord-96.wav","2100","22","575278","2","300","575263","575280","575280","24","5",575561,"1","300","575280","575562","575563","6","132017_proactive_StroopPro_run2_AudioRecord-96.wav","5","575861","3","100","575563","575864","575864","8","5","575961","2","2000","575864","575963","575963","7","4","577960","-4","2100","575963","580056","580056","0",NA,NA,NA,NA,NA,NA,NA,NA,NA,NA,NA,NA,NA,NA,29252
"StroopTrialPROC","proactive2","16","proactiveBlockList","2","100",NA,NA,NA,NA,NA,NA,NA,NA,NA,NA,NA,NA,NA,NA,NA,NA,"1","1","1200","3","WHITE","Con","MI","white","white",NA,"1","132017_proactive_StroopPro_run2_AudioRecord-97.wav","900","21","580077","2","300","580062","580079","580079","23","4",580360,"2","300","580079","580362","580362","6","132017_proactive_StroopPro_run2_AudioRecord-97.wav","4","580660","3","100","580362","580663","580663","7","4","580760","2","2000","580663","580762","580762","6","4","582760","-4","900","580763","583656","583656","0",NA,"3",NA,NA,NA,NA,NA,NA,NA,NA,NA,NA,NA,NA,29252
"StroopTrialPROC","proactive2","16","proactiveBlockList","2","101",NA,NA,NA,NA,NA,NA,NA,NA,NA,NA,NA,NA,NA,NA,NA,NA,"1","3","3600","5","BLACK","Con","PC50","black","black",NA,"3","132017_proactive_StroopPro_run2_AudioRecord-98.wav","3300","70","583726","2","300","583704","583728","583729","72","3",583959,"2","300","583729","583961","583962","5","132017_proactive_StroopPro_run2_AudioRecord-98.wav","3","584259","3","100","583962","584262","584263","6","3","584359","3","2000","584263","584362","584362","6","3","586359","-3","3300","584362","589656","589656","0","3",NA,NA,NA,NA,NA,NA,NA,NA,NA,NA,NA,NA,NA,29252
"StroopTrialPROC","proactive2","16","proactiveBlockList","2","102",NA,NA,NA,NA,NA,NA,NA,NA,NA,NA,NA,NA,NA,NA,NA,NA,"1","2","2400","4","RED","InCon","MI","white","white","7","2","132017_proactive_StroopPro_run2_AudioRecord-99.wav","2100","19","589675","3","300","589663","589678","589678","22","3",589959,"1","300","589678","589960","589960","4","132017_proactive_StroopPro_run2_AudioRecord-99.wav","3","590259","2","100","589961","590261","590262","5","2","590358","3","2000","590262","590361","590361","5","2","592358","-2","2100","590361","594456","594456","0",NA,NA,NA,NA,NA,NA,NA,NA,NA,NA,NA,NA,NA,NA,29252
"StroopTrialPROC","proactive2","16","proactiveBlockList","2","103",NA,NA,NA,NA,NA,NA,NA,NA,NA,NA,NA,NA,NA,NA,NA,NA,"1","3","3600","5","RED","InCon","MI","purple","purple","10","2","132017_proactive_StroopPro_run2_AudioRecord-100.wav","3300","19","594475","2","300","594463","594477","594477","21","2",594758,"1","300","594478","594759","594760","3","132017_proactive_StroopPro_run2_AudioRecord-100.wav","2","595058","3","100","594760","595061","595061","5","2","595158","2","2000","595062","595160","595160","4","1","597157","-1","3300","595161","600456","600456","0",NA,NA,NA,NA,NA,NA,NA,NA,NA,NA,NA,NA,NA,NA,29252
"StroopTrialPROC","proactive2","16","proactiveBlockList","2","104",NA,NA,NA,NA,NA,NA,NA,NA,NA,NA,NA,NA,NA,NA,NA,NA,"1","3","3600","5","WHITE","InCon","MI","blue","blue","5","2","132017_proactive_StroopPro_run2_AudioRecord-101.wav","3300","18","600474","2","300","600462","600476","600476","20","1",600757,"1","300","600477","600758","600759","2","132017_proactive_StroopPro_run2_AudioRecord-101.wav","1","601057","3","100","600759","601060","601060","4","1","601157","2","2000","601060","601159","601159","3","0","603156","0","3300","601160","606456","606456","0",NA,NA,NA,NA,NA,NA,NA,NA,NA,NA,NA,NA,NA,NA,29252
"StroopTrialPROC","proactive2","16","proactiveBlockList","2","105",NA,NA,NA,NA,NA,NA,NA,NA,NA,NA,NA,NA,NA,NA,NA,NA,"1","2","2400","4","PURPLE","InCon","MI","red","red","3","2","132017_proactive_StroopPro_run2_AudioRecord-102.wav","2100","17","606473","2","300","606463","606475","606475","19","0",606756,"2","300","606476","606758","606758","2","132017_proactive_StroopPro_run2_AudioRecord-102.wav","0","607056","3","100","606758","607059","607060","3","0","607156","2","2000","607060","607158","607159","2","16","609172","-16","2100","607159","611256","611256","0",NA,NA,NA,NA,NA,NA,NA,NA,NA,NA,NA,NA,NA,NA,29252
"StroopTrialPROC","proactive2","16","proactiveBlockList","2","106",NA,NA,NA,NA,NA,NA,NA,NA,NA,NA,NA,NA,NA,NA,NA,NA,"1","2","2400","4","BLACK","Con","PC50","black","black",NA,"3","132017_proactive_StroopPro_run2_AudioRecord-103.wav","2100","16","611272","2","300","611262","611274","611275","18","16",611572,"1","300","611275","611573","611574","17","132017_proactive_StroopPro_run2_AudioRecord-103.wav","16","611872","3","100","611574","611875","611875","19","16","611972","2","2000","611875","611974","611974","18","15","613971","-15","2100","611975","616056","616056","0","3",NA,NA,NA,NA,NA,NA,NA,NA,NA,NA,NA,NA,NA,29252
"StroopTrialPROC","proactive2","16","proactiveBlockList","2","107",NA,NA,NA,NA,NA,NA,NA,NA,NA,NA,NA,NA,NA,NA,NA,NA,"1","2","2400","4","BLUE","InCon","MI","white","white","8","2","132017_proactive_StroopPro_run2_AudioRecord-104.wav","2100","15","616071","3","300","616063","616074","616074","18","15",616371,"2","300","616074","616373","616373","17","132017_proactive_StroopPro_run2_AudioRecord-104.wav","15","616671","3","100","616373","616674","616674","18","15","616771","2","2000","616674","616773","616773","17","15","618771","-15","2100","616774","620856","620856","0",NA,NA,NA,NA,NA,NA,NA,NA,NA,NA,NA,NA,NA,NA,29252
"StroopTrialPROC","proactive2","16","proactiveBlockList","2","108",NA,NA,NA,NA,NA,NA,NA,NA,NA,NA,NA,NA,NA,NA,NA,NA,"1","1","1200","3","BLUE","Con","MI","blue","blue",NA,"1","132017_proactive_StroopPro_run2_AudioRecord-105.wav","900","14","620870","3","300","620863","620873","620873","17","14",621170,"2","300","620873","621172","621172","16","132017_proactive_StroopPro_run2_AudioRecord-105.wav","14","621470","3","100","621172","621473","621473","17","14","621570","2","2000","621474","621572","621573","16","14","623570","-14","900","621573","624456","624456","0",NA,"2",NA,NA,NA,NA,NA,NA,NA,NA,NA,NA,NA,NA,29252
"StroopTrialPROC","proactive2","16","proactiveBlockList","2","109",NA,NA,NA,NA,NA,NA,NA,NA,NA,NA,NA,NA,NA,NA,NA,NA,"1","1","1200","3","WHITE","InCon","MI","purple","purple","12","2","132017_proactive_StroopPro_run2_AudioRecord-106.wav","900","30","624486","2","300","624469","624488","624489","32","14",624770,"1","300","624489","624771","624772","15","132017_proactive_StroopPro_run2_AudioRecord-106.wav","14","625070","2","100","624772","625072","625073","16","14","625170","2","2000","625073","625172","625172","16","13","627169","-13","900","625172","628056","628056","0",NA,NA,NA,NA,NA,NA,NA,NA,NA,NA,NA,NA,NA,NA,29252
"StroopTrialPROC","proactive2","16","proactiveBlockList","2","110",NA,NA,NA,NA,NA,NA,NA,NA,NA,NA,NA,NA,NA,NA,NA,NA,"1","1","1200","3","GREEN","Con","PC50","green","green",NA,"3","132017_proactive_StroopPro_run2_AudioRecord-107.wav","900","30","628086","2","300","628069","628088","628088","32","13",628369,"2","300","628088","628371","628371","15","132017_proactive_StroopPro_run2_AudioRecord-107.wav","13","628669","3","100","628371","628672","628672","16","13","628769","2","2000","628673","628771","628772","15","13","630769","-13","900","628772","631656","631656","0","2",NA,NA,NA,NA,NA,NA,NA,NA,NA,NA,NA,NA,NA,29252
"StroopTrialPROC","proactive2","16","proactiveBlockList","2","111",NA,NA,NA,NA,NA,NA,NA,NA,NA,NA,NA,NA,NA,NA,NA,NA,"1","3","3600","5","PINK","Con","PC50","pink","255,105,180",NA,"3","132017_proactive_StroopPro_run2_AudioRecord-108.wav","3300","29","631685","2","300","631668","631687","631688","31","13",631969,"1","300","631688","631970","631970","14","132017_proactive_StroopPro_run2_AudioRecord-108.wav","13","632269","2","100","631971","632271","632272","15","13","632369","2","2000","632272","632371","632371","15","12","634368","-12","3300","632371","637656","637656","0","1",NA,NA,NA,NA,NA,NA,NA,NA,NA,NA,NA,NA,NA,29252
"FixationOnlyPROC","proactive2","17","proactiveBlockList","2","112",NA,NA,NA,NA,NA,NA,NA,NA,NA,NA,NA,NA,NA,NA,NA,NA,NA,NA,NA,NA,NA,NA,NA,NA,NA,NA,NA,NA,NA,NA,NA,NA,NA,NA,NA,NA,NA,NA,NA,NA,NA,NA,NA,NA,NA,NA,NA,NA,NA,NA,NA,NA,NA,NA,NA,NA,NA,NA,NA,NA,NA,NA,NA,NA,NA,NA,NA,NA,NA,NA,NA,NA,NA,"28","637684","2","30000","637662","637686","637687","30",NA,NA,NA,29252
"PausePROC","proactive2","18","proactiveBlockList","2","113",NA,NA,NA,NA,NA,NA,NA,NA,NA,NA,NA,NA,NA,NA,NA,NA,NA,NA,NA,NA,NA,NA,NA,NA,NA,NA,NA,NA,NA,NA,NA,NA,NA,NA,NA,NA,NA,NA,NA,NA,NA,NA,NA,NA,NA,NA,NA,NA,NA,NA,NA,NA,NA,NA,NA,NA,NA,NA,NA,NA,NA,NA,NA,NA,NA,NA,NA,NA,NA,NA,NA,NA,NA,NA,NA,NA,NA,NA,NA,NA,NA,"7","667663","637688",29252
