"Procedure","RunNumberFilterValue","baselineBlockList","TextVar1","Running","baselineBlockList.Cycle","baselineBlockList.Sample","Fixation.OnsetDelay","Fixation.OnsetTime","Fixation.DurationError","Fixation.Duration","Fixation.StartTime","Fixation.OffsetTime","Fixation.FinishTime","Fixation.OffsetDelay","getready.OnsetDelay","getready.OnsetTime","getready.DurationError","getready.Duration","getready.StartTime","getready.OffsetTime","getready.CustomOffsetTime","getready.OffsetDelay","BAS1B1SamplingList","Stimuli","Number","Letter","Congruency","TaskCue","NumberResp","LetterResp","TestGroup","Incentive","n_Switch","n_Min1_Switch","LocVal","Location","CueColor","Color","ColorOrig","TrialType","ToBeIncentivized","ITI","ms","TRs","ShortenedISI","Correct","PreISIfix.OnsetDelay","PreISIfix.OnsetTime","PreISIfix.DurationError","PreISIfix.Duration","PreISIfix.StartTime","PreISIfix.OffsetTime","PreISIfix.FinishTime","PreISIfix.OffsetDelay","Flicker.OnsetDelay","Flicker.OnsetTime","Flicker.DurationError","Flicker.Duration","Flicker.StartTime","Flicker.OffsetTime","Flicker.FinishTime","Flicker.OffsetDelay","CueSlide.OnsetDelay","CueSlide.OnsetTime","CueSlide.DurationError","CueSlide.Duration","CueSlide.StartTime","CueSlide.OffsetTime","CueSlide.FinishTime","CueSlide.OffsetDelay","Delay.OnsetDelay","Delay.OnsetTime","Delay.DurationError","Delay.Duration","Delay.StartTime","Delay.OffsetTime","Delay.FinishTime","Delay.OffsetDelay","TargetSlide.OnsetDelay","TargetSlide.OnsetTime","TargetSlide.DurationError","TargetSlide.Duration","TargetSlide.StartTime","TargetSlide.OffsetTime","TargetSlide.FinishTime","TargetSlide.OffsetDelay","TargetSlide.RTTime","TargetSlide.ACC","TargetSlide.RT","TargetSlide.RESP","TargetSlide.CRESP","TrialACC","FeedbackSlide.OnsetDelay","FeedbackSlide.OnsetTime","FeedbackSlide.DurationError","FeedbackSlide.Duration","FeedbackSlide.StartTime","FeedbackSlide.OffsetTime","FeedbackSlide.FinishTime","FeedbackSlide.OffsetDelay","ISIfix.OnsetDelay","ISIfix.OnsetTime","ISIfix.DurationError","ISIfix.Duration","ISIfix.StartTime","ISIfix.OffsetTime","ISIfix.FinishTime","ISIfix.OffsetDelay","BAS1B2SamplingList","BAS1B3SamplingList","FixationFinal.OnsetDelay","FixationFinal.OnsetTime","FixationFinal.DurationError","FixationFinal.Duration","FixationFinal.StartTime","FixationFinal.OffsetTime","FixationFinal.FinishTime","FixationFinal.OffsetDelay","scanstart.RTTime"
"FixationGetReadyPROC","baseline1","7","?","baselineBlockList","2","1","62","100092","3","28400","100031","100095","100095","65","8","128438","2","1600","100095","128440","0","10",NA,NA,NA,NA,NA,NA,NA,NA,NA,NA,NA,NA,NA,NA,NA,NA,NA,NA,NA,NA,NA,NA,NA,NA,NA,NA,NA,NA,NA,NA,NA,NA,NA,NA,NA,NA,NA,NA,NA,NA,NA,NA,NA,NA,NA,NA,NA,NA,NA,NA,NA,NA,NA,NA,NA,NA,NA,NA,NA,NA,NA,NA,NA,NA,NA,NA,NA,NA,NA,NA,NA,NA,NA,NA,NA,NA,NA,NA,NA,NA,NA,NA,NA,NA,NA,NA,NA,NA,NA,NA,NA,NA,NA,NA,NA,NA,100019
"CuedTSTrialPROC","baseline1","8","?","baselineBlockList","2","2",NA,NA,NA,NA,NA,NA,NA,NA,NA,NA,NA,NA,NA,NA,NA,NA,"3","4D","Even","Consonant","Incongruent","Attend Number","1","2","?","?","2","2","?","?","Red","Black","Green","NonIncentive","1","3","4400","X","3600","1","8","130038","2","800","128442","130040","130040","10","8",130838,"1","300","130040","130839","130839","9","7","131137","3","500","130840","131140","131140","10","7","131637","3","4000","131140","131640","131640","10","7","135637","-7","3200","131641","138830","138830","0",136784,1,1147,"1","1","1","23","138853","2","800","138830","138855","138855","25","6","139636","-6","3600","138856","143230","143230","0",NA,NA,NA,NA,NA,NA,NA,NA,NA,NA,100019
"CuedTSTrialPROC","baseline1","8","?","baselineBlockList","2","3",NA,NA,NA,NA,NA,NA,NA,NA,NA,NA,NA,NA,NA,NA,NA,NA,"10","1A","Odd","Vowel","Incongruent","Attend Letter","2","1","?","?","1","2","?","?","Red","Black","Black","NonIncentive","0","2","3200","X","2400","1","22","143252","2","800","143232","143254","143255","24","5",144035,"2","300","143255","144037","144037","7","5","144335","3","500","144038","144338","144338","8","5","144835","2","4000","144338","144837","144838","7","5","148835","-5","3200","144838","152030","152030","0",150027,1,1192,"1","1","1","21","152051","2","800","152030","152053","152053","23","4","152834","-4","2400","152054","155230","155230","0",NA,NA,NA,NA,NA,NA,NA,NA,NA,NA,100019
"CuedTSTrialPROC","baseline1","8","?","baselineBlockList","2","4",NA,NA,NA,NA,NA,NA,NA,NA,NA,NA,NA,NA,NA,NA,NA,NA,"17","B1","Odd","Consonant","Congruent","Attend Letter","2","2","?","?","0","1","?","?","Red","Black","Black","NonIncentive","0","1","2000","X","1200","2","20","155250","2","800","155232","155252","155253","22","4",156034,"1","300","155253","156035","156035","5","4","156334","2","500","156036","156336","156336","6","3","156833","3","4000","156336","156836","156836","6","3","160833","-3","3200","156837","164030","164030","0",162365,1,1532,"2","2","1","19","164049","2","800","164030","164051","164051","21","2","164832","-2","1200","164052","166030","166030","0",NA,NA,NA,NA,NA,NA,NA,NA,NA,NA,100019
"CuedTSTrialPROC","baseline1","8","?","baselineBlockList","2","5",NA,NA,NA,NA,NA,NA,NA,NA,NA,NA,NA,NA,NA,NA,NA,NA,"5","6I","Even","Vowel","Congruent","Attend Number","1","1","?","?","1","0","?","?","Red","Black","Green","NonIncentive","1","1","2000","X","1200","1","19","166049","2","800","166032","166051","166051","21","2",166832,"2","300","166051","166834","166834","4","2","167132","2","500","166834","167134","167134","4","2","167632","2","4000","167134","167634","167634","4","1","171631","-1","3200","167635","174830","174830","0",172582,1,951,"1","1","1","17","174847","2","800","174830","174849","174850","19","0","175630","0","1200","174850","176830","176830","0",NA,NA,NA,NA,NA,NA,NA,NA,NA,NA,100019
"CuedTSTrialPROC","baseline1","8","?","baselineBlockList","2","6",NA,NA,NA,NA,NA,NA,NA,NA,NA,NA,NA,NA,NA,NA,NA,NA,"1","D4","Even","Consonant","Incongruent","Attend Letter","1","2","?","?","1","1","?","?","Red","Black","Green","NonIncentive","1","1","2000","X","1200","2","17","176847","2","800","176832","176849","176849","19","0",177630,"2","300","176850","177632","177632","2","0","177930","2","500","177633","177932","177933","2","0","178430","2","4000","177933","178432","178432","2","16","182446","-16","3200","178433","185630","185630","0",184004,1,1558,"2","2","1","16","185646","2","800","185630","185648","185648","18","15","186445","-15","1200","185648","187630","187630","0",NA,NA,NA,NA,NA,NA,NA,NA,NA,NA,100019
"CuedTSTrialPROC","baseline1","8","?","baselineBlockList","2","7",NA,NA,NA,NA,NA,NA,NA,NA,NA,NA,NA,NA,NA,NA,NA,NA,"6","I6","Even","Vowel","Congruent","Attend Letter","1","1","?","?","0","1","?","?","Red","Black","Green","NonIncentive","1","2","3200","X","2400","1","15","187645","3","800","187632","187648","187648","18","15",188445,"2","300","187648","188447","188447","17","15","188745","2","500","188447","188747","188748","17","15","189245","2","4000","188748","189247","189248","17","14","193244","-14","3200","189248","196430","196430","0",194623,1,1379,"1","1","1","14","196444","2","800","196430","196446","196446","16","14","197244","-14","2400","196447","199630","199630","0",NA,NA,NA,NA,NA,NA,NA,NA,NA,NA,100019
"CuedTSTrialPROC","baseline1","8","?","baselineBlockList","2","8",NA,NA,NA,NA,NA,NA,NA,NA,NA,NA,NA,NA,NA,NA,NA,NA,"12","2A","Even","Vowel","Congruent","Attend Number","1","1","?","?","1","0","?","?","Red","Black","Black","NonIncentive","0","2","3200","X","2400","1","13","199643","2","800","199632","199645","199646","15","13",200443,"2","300","199646","200445","200445","15","13","200743","2","500","200445","200745","200746","15","13","201243","2","4000","200746","201245","201246","15","12","205242","-12","3200","201246","208430","208430","0",206444,1,1202,"1","1","1","12","208442","2","800","208430","208444","208444","14","12","209242","-12","2400","208445","211630","211630","0",NA,NA,NA,NA,NA,NA,NA,NA,NA,NA,100019
"CuedTSTrialPROC","baseline1","8","?","baselineBlockList","2","9",NA,NA,NA,NA,NA,NA,NA,NA,NA,NA,NA,NA,NA,NA,NA,NA,"11","B2","Even","Consonant","Incongruent","Attend Number","1","2","?","?","0","1","?","?","Red","Black","Black","NonIncentive","0","3","4400","X","3600","1","11","211641","3","800","211632","211644","211644","14","11",212441,"2","300","211644","212443","212443","13","11","212741","2","500","212443","212743","212744","13","11","213241","2","4000","212744","213243","213244","13","11","217241","-11","3200","213244","220430","220430","0",219429,1,2188,"1","1","1","10","220440","2","800","220430","220442","220443","12","10","221240","-10","3600","220443","224830","224830","0",NA,NA,NA,NA,NA,NA,NA,NA,NA,NA,100019
"CuedTSTrialPROC","baseline1","8","?","baselineBlockList","2","10",NA,NA,NA,NA,NA,NA,NA,NA,NA,NA,NA,NA,NA,NA,NA,NA,"2","E3","Odd","Vowel","Incongruent","Attend Letter","2","1","?","?","1","0","?","?","Red","Black","Green","NonIncentive","1","3","4400","X","3600","1","9","224839","2","800","224832","224841","224842","11","9",225639,"2","300","224842","225641","225641","11","9","225939","2","500","225641","225941","225942","11","9","226439","2","4000","225942","226441","226442","11","8","230438","-8","3200","226442","233630","233630","0",231848,1,1410,"1","1","1","8","233638","2","800","233630","233640","233640","10","8","234438","-8","3600","233641","238030","238030","0",NA,NA,NA,NA,NA,NA,NA,NA,NA,NA,100019
"CuedTSTrialPROC","baseline1","8","?","baselineBlockList","2","11",NA,NA,NA,NA,NA,NA,NA,NA,NA,NA,NA,NA,NA,NA,NA,NA,"15","1B","Odd","Consonant","Congruent","Attend Letter","2","2","?","?","0","1","?","?","Red","Black","Black","NonIncentive","0","1","2000","X","1200","2","24","238054","2","800","238032","238056","238056","26","7",238837,"2","300","238057","238839","238839","9","7","239137","2","500","238839","239139","239140","9","7","239637","2","4000","239140","239639","239639","9","6","243636","-6","3200","239640","246830","246830","0",244562,1,926,"2","2","1","23","246853","2","800","246830","246855","246855","25","6","247636","-6","1200","246855","248830","248830","0",NA,NA,NA,NA,NA,NA,NA,NA,NA,NA,100019
"CuedTSTrialPROC","baseline1","8","?","baselineBlockList","2","12",NA,NA,NA,NA,NA,NA,NA,NA,NA,NA,NA,NA,NA,NA,NA,NA,"16","B1","Odd","Consonant","Congruent","Attend Number","2","2","?","?","1","0","?","?","Red","Black","Black","NonIncentive","0","3","4400","X","3600","2","22","248852","2","800","248832","248854","248855","24","5",249635,"2","300","248855","249637","249637","7","5","249935","2","500","249638","249937","249938","7","5","250435","2","4000","249938","250437","250438","7","5","254435","-5","3200","250438","257630","257630","0",256009,1,1574,"2","2","1","21","257651","2","800","257630","257653","257653","23","4","258434","-4","3600","257653","262030","262030","0",NA,NA,NA,NA,NA,NA,NA,NA,NA,NA,100019
"CuedTSTrialPROC","baseline1","8","?","baselineBlockList","2","13",NA,NA,NA,NA,NA,NA,NA,NA,NA,NA,NA,NA,NA,NA,NA,NA,"14","A2","Even","Vowel","Congruent","Attend Number","1","1","?","?","0","1","?","?","Red","Black","Black","NonIncentive","0","1","2000","X","1200","1","20","262050","2","800","262032","262052","262053","22","3",262833,"2","300","262053","262835","262835","5","3","263133","2","500","262835","263135","263136","5","3","263633","2","4000","263136","263635","263636","5","3","267633","-3","3200","263636","270830","270830","0",268815,1,1182,"1","1","1","19","270849","2","800","270830","270851","270851","21","2","271632","-2","1200","270851","272830","272830","0",NA,NA,NA,NA,NA,NA,NA,NA,NA,NA,100019
"CuedTSTrialPROC","baseline1","8","?","baselineBlockList","2","14",NA,NA,NA,NA,NA,NA,NA,NA,NA,NA,NA,NA,NA,NA,NA,NA,"4","D4","Even","Consonant","Incongruent","Attend Number","1","2","?","?","0","0","?","?","Red","Black","Green","NonIncentive","1","3","4400","X","3600","1","18","272848","3","800","272832","272851","272851","21","2",273632,"1","300","272851","273633","273634","3","2","273932","2","500","273634","273934","273934","4","1","274431","3","4000","273934","274434","274434","4","1","278431","-1","3200","274435","281630","281630","0",280190,1,1759,"1","1","1","17","281647","2","800","281630","281649","281650","19","0","282430","0","3600","281650","286030","286030","0",NA,NA,NA,NA,NA,NA,NA,NA,NA,NA,100019
"CuedTSTrialPROC","baseline1","8","?","baselineBlockList","2","15",NA,NA,NA,NA,NA,NA,NA,NA,NA,NA,NA,NA,NA,NA,NA,NA,"8","H5","Odd","Consonant","Congruent","Attend Letter","2","2","?","?","1","0","?","?","Red","Black","Black","NonIncentive","0","2","3200","X","2400","2","16","286046","3","800","286032","286049","286049","19","16",286846,"2","300","286049","286848","286848","18","16","287146","3","500","286849","287149","287149","19","16","287646","3","4000","287149","287649","287649","19","15","291645","-15","3200","287650","294830","294830","0",292878,1,1233,"2","2","1","15","294845","2","800","294830","294847","294847","17","15","295645","-15","2400","294848","298030","298030","0",NA,NA,NA,NA,NA,NA,NA,NA,NA,NA,100019
"CuedTSTrialPROC","baseline1","8","?","baselineBlockList","2","16",NA,NA,NA,NA,NA,NA,NA,NA,NA,NA,NA,NA,NA,NA,NA,NA,"18","1B","Odd","Consonant","Congruent","Attend Number","2","2","?","?","1","1","?","?","Red","Black","Black","NonIncentive","0","2","3200","X","2400","2","14","298044","3","800","298032","298047","298047","17","14",298844,"2","300","298047","298846","298846","16","14","299144","2","500","298847","299146","299147","16","14","299644","2","4000","299147","299646","299647","16","14","303644","-14","3200","299647","306830","306830","0",305171,0,1527,"1","2","0","13","306843","2","800","306830","306845","306846","15","13","307643","-13","2400","306846","310030","310030","0",NA,NA,NA,NA,NA,NA,NA,NA,NA,NA,100019
"CuedTSTrialPROC","baseline1","8","?","baselineBlockList","2","17",NA,NA,NA,NA,NA,NA,NA,NA,NA,NA,NA,NA,NA,NA,NA,NA,"7","I6","Even","Vowel","Congruent","Attend Number","1","1","?","?","0","1","?","?","Red","Black","Black","NonIncentive","0","2","3200","X","2400","1","13","310043","2","800","310032","310045","310045","15","12",310842,"2","300","310045","310844","310845","14","12","311142","3","500","310845","311145","311145","15","12","311642","3","4000","311145","311645","311645","15","12","315642","-12","3200","311645","318830","318830","0",316695,1,1053,"1","1","1","11","318841","2","800","318830","318843","318844","13","11","319641","-11","2400","318844","322030","322030","0",NA,NA,NA,NA,NA,NA,NA,NA,NA,NA,100019
"CuedTSTrialPROC","baseline1","8","?","baselineBlockList","2","18",NA,NA,NA,NA,NA,NA,NA,NA,NA,NA,NA,NA,NA,NA,NA,NA,"9","5H","Odd","Consonant","Congruent","Attend Letter","2","2","?","?","1","0","?","?","Red","Black","Black","NonIncentive","0","3","4400","X","3600","2","11","322041","2","800","322032","322043","322043","13","11",322841,"1","300","322043","322842","322842","12","10","323140","3","500","322843","323143","323143","13","10","323640","3","4000","323143","323643","323643","13","10","327640","-10","3200","323644","330830","330830","0",328877,1,1237,"2","2","1","9","330839","2","800","330830","330841","330842","11","9","331639","-9","3600","330842","335230","335230","0",NA,NA,NA,NA,NA,NA,NA,NA,NA,NA,100019
"CuedTSTrialPROC","baseline1","8","?","baselineBlockList","2","19",NA,NA,NA,NA,NA,NA,NA,NA,NA,NA,NA,NA,NA,NA,NA,NA,"13","A2","Even","Vowel","Congruent","Attend Letter","1","1","?","?","0","1","?","?","Red","Black","Black","NonIncentive","0","1","2000","X","1200","1","25","335255","2","800","335232","335257","335258","27","8",336038,"2","300","335258","336040","336040","10","8","336338","2","500","336041","336340","336341","10","8","336838","2","4000","336341","336840","336841","10","8","340838","-8","3200","336841","344030","344030","0",341548,1,710,"1","1","1","24","344054","2","800","344030","344056","344056","26","7","344837","-7","1200","344056","346030","346030","0",NA,NA,NA,NA,NA,NA,NA,NA,NA,NA,100019
"FixationGetReadyPROC","baseline1","9","?","baselineBlockList","2","20","24","346054","2","28400","346031","346056","346056","26","2","374432","2","1600","346056","374434","0","4",NA,NA,NA,NA,NA,NA,NA,NA,NA,NA,NA,NA,NA,NA,NA,NA,NA,NA,NA,NA,NA,NA,NA,NA,NA,NA,NA,NA,NA,NA,NA,NA,NA,NA,NA,NA,NA,NA,NA,NA,NA,NA,NA,NA,NA,NA,NA,NA,NA,NA,NA,NA,NA,NA,NA,NA,NA,NA,NA,NA,NA,NA,NA,NA,NA,NA,NA,NA,NA,NA,NA,NA,NA,NA,NA,NA,NA,NA,NA,NA,NA,NA,NA,NA,NA,NA,NA,NA,NA,NA,NA,NA,NA,NA,NA,NA,100019
"CuedTSTrialPROC","baseline1","10","?","baselineBlockList","2","21",NA,NA,NA,NA,NA,NA,NA,NA,NA,NA,NA,NA,NA,NA,NA,NA,NA,"6I","Even","Vowel","Congruent","Attend Number","1","1","?","?","2","2","?","?","Red","Black","Black","NonIncentive","0","2","3200","X","2400","1","2","376032","2","800","374436","376034","376035","4","2",376832,"2","300","376035","376834","376834","4","2","377132","2","500","376834","377134","377134","4","2","377632","2","4000","377135","377634","377634","4","1","381631","-1","3200","377635","384830","384830","0",383028,1,1397,"1","1","1","17","384847","3","800","384830","384850","384850","20","1","385631","-1","2400","384850","388030","388030","0","8",NA,NA,NA,NA,NA,NA,NA,NA,NA,100019
"CuedTSTrialPROC","baseline1","10","?","baselineBlockList","2","22",NA,NA,NA,NA,NA,NA,NA,NA,NA,NA,NA,NA,NA,NA,NA,NA,NA,"A1","Odd","Vowel","Incongruent","Attend Number","2","1","?","?","0","2","?","?","Red","Black","Black","NonIncentive","0","2","3200","X","2400","2","17","388047","2","800","388032","388049","388049","19","0",388830,"2","300","388050","388832","388832","2","0","389130","2","500","388832","389132","389132","2","0","389630","2","4000","389133","389632","389632","2","16","393646","-16","3200","389633","396830","396830","0",394693,1,1047,"2","2","1","15","396845","3","800","396830","396848","396848","18","15","397645","-15","2400","396848","400030","400030","0","10",NA,NA,NA,NA,NA,NA,NA,NA,NA,100019
"CuedTSTrialPROC","baseline1","10","?","baselineBlockList","2","23",NA,NA,NA,NA,NA,NA,NA,NA,NA,NA,NA,NA,NA,NA,NA,NA,NA,"D4","Even","Consonant","Incongruent","Attend Letter","1","2","?","?","1","0","?","?","Red","Black","Green","NonIncentive","1","3","4400","X","3600","2","15","400045","2","800","400032","400047","400047","17","15",400845,"2","300","400048","400847","400847","17","15","401145","2","500","400847","401147","401147","17","15","401645","2","4000","401147","401647","401647","17","14","405644","-14","3200","401648","408830","408830","0",406376,1,732,"2","2","1","14","408844","2","800","408830","408846","408846","16","13","409643","-13","3600","408846","413230","413230","0","5",NA,NA,NA,NA,NA,NA,NA,NA,NA,100019
"CuedTSTrialPROC","baseline1","10","?","baselineBlockList","2","24",NA,NA,NA,NA,NA,NA,NA,NA,NA,NA,NA,NA,NA,NA,NA,NA,NA,"1B","Odd","Consonant","Congruent","Attend Number","2","2","?","?","1","1","?","?","Red","Black","Black","NonIncentive","0","1","2000","X","1200","2","13","413243","2","800","413231","413245","413245","15","13",414043,"1","300","413246","414044","414045","14","13","414343","2","500","414045","414345","414345","15","13","414843","2","4000","414345","414845","414845","15","12","418842","-12","3200","414846","422030","422030","0",421110,1,2268,"2","2","1","11","422041","3","800","422030","422044","422044","14","11","422841","-11","1200","422044","424030","424030","0","18",NA,NA,NA,NA,NA,NA,NA,NA,NA,100019
"CuedTSTrialPROC","baseline1","10","?","baselineBlockList","2","25",NA,NA,NA,NA,NA,NA,NA,NA,NA,NA,NA,NA,NA,NA,NA,NA,NA,"3E","Odd","Vowel","Incongruent","Attend Number","2","1","?","?","0","1","?","?","Red","Black","Green","NonIncentive","1","1","2000","X","1200","2","11","424041","2","800","424032","424043","424044","13","11",424841,"2","300","424044","424843","424843","13","11","425141","2","500","424843","425143","425143","13","11","425641","2","4000","425144","425643","425643","13","10","429640","-10","3200","425644","432830","432830","0",431216,1,1576,"2","2","1","10","432840","2","800","432830","432842","432842","12","10","433640","-10","1200","432842","434830","434830","0","3",NA,NA,NA,NA,NA,NA,NA,NA,NA,100019
"CuedTSTrialPROC","baseline1","10","?","baselineBlockList","2","26",NA,NA,NA,NA,NA,NA,NA,NA,NA,NA,NA,NA,NA,NA,NA,NA,NA,"B1","Odd","Consonant","Congruent","Attend Letter","2","2","?","?","1","0","?","?","Red","Black","Black","NonIncentive","0","1","2000","X","1200","2","9","434839","3","800","434832","434842","434842","12","9",435639,"2","300","434842","435641","435641","11","9","435939","2","500","435641","435941","435942","11","9","436439","2","4000","435942","436441","436442","11","9","440439","-9","3200","436442","443630","443630","0",441422,1,983,"2","2","1","8","443638","2","800","443630","443640","443641","10","8","444438","-8","1200","443641","445630","445630","0","16",NA,NA,NA,NA,NA,NA,NA,NA,NA,100019
"CuedTSTrialPROC","baseline1","10","?","baselineBlockList","2","27",NA,NA,NA,NA,NA,NA,NA,NA,NA,NA,NA,NA,NA,NA,NA,NA,NA,"I6","Even","Vowel","Congruent","Attend Letter","1","1","?","?","0","1","?","?","Red","Black","Black","NonIncentive","0","3","4400","X","3600","1","24","445654","3","800","445631","445657","445657","27","8",446438,"1","300","445657","446439","446440","9","8","446738","2","500","446440","446740","446740","10","8","447238","2","4000","446740","447240","447240","10","7","451237","-7","3200","447241","454430","454430","0",453094,1,1857,"1","1","1","23","454453","2","800","454430","454455","454456","25","6","455236","-6","3600","454456","458830","458830","0","9",NA,NA,NA,NA,NA,NA,NA,NA,NA,100019
"CuedTSTrialPROC","baseline1","10","?","baselineBlockList","2","28",NA,NA,NA,NA,NA,NA,NA,NA,NA,NA,NA,NA,NA,NA,NA,NA,NA,"E3","Odd","Vowel","Incongruent","Attend Number","2","1","?","?","1","0","?","?","Red","Black","Green","NonIncentive","1","3","4400","X","3600","2","22","458852","2","800","458832","458854","458855","24","6",459636,"1","300","458855","459637","459637","7","6","459936","2","500","459638","459938","459938","8","5","460435","3","4000","459938","460438","460438","8","5","464435","-5","3200","460438","467630","467630","0",466198,1,1763,"2","2","1","21","467651","2","800","467630","467653","467653","23","4","468434","-4","3600","467654","472030","472030","0","4",NA,NA,NA,NA,NA,NA,NA,NA,NA,100019
"CuedTSTrialPROC","baseline1","10","?","baselineBlockList","2","29",NA,NA,NA,NA,NA,NA,NA,NA,NA,NA,NA,NA,NA,NA,NA,NA,NA,"2B","Even","Consonant","Incongruent","Attend Letter","1","2","?","?","1","1","?","?","Red","Black","Black","NonIncentive","0","2","3200","X","2400","2","20","472050","2","800","472031","472052","472053","22","3",472833,"2","300","472053","472835","472835","5","3","473133","3","500","472836","473136","473136","6","3","473633","2","4000","473136","473635","473636","5","3","477633","-3","3200","473636","480830","480830","0",479763,1,2130,"2","2","1","19","480849","2","800","480830","480851","480851","21","2","481632","-2","2400","480852","484030","484030","0","11",NA,NA,NA,NA,NA,NA,NA,NA,NA,100019
"CuedTSTrialPROC","baseline1","10","?","baselineBlockList","2","30",NA,NA,NA,NA,NA,NA,NA,NA,NA,NA,NA,NA,NA,NA,NA,NA,NA,"2A","Even","Vowel","Congruent","Attend Letter","1","1","?","?","0","1","?","?","Red","Black","Black","NonIncentive","0","3","4400","X","3600","1","18","484048","2","800","484032","484050","484051","20","2",484832,"1","300","484051","484833","484833","3","2","485132","2","500","484834","485134","485134","4","1","485631","3","4000","485134","485634","485634","4","1","489631","-1","3200","485635","492830","492830","0",490960,1,1329,"1","1","1","17","492847","2","800","492830","492849","492850","19","0","493630","0","3600","492850","497230","497230","0","13",NA,NA,NA,NA,NA,NA,NA,NA,NA,100019
"CuedTSTrialPROC","baseline1","10","?","baselineBlockList","2","31",NA,NA,NA,NA,NA,NA,NA,NA,NA,NA,NA,NA,NA,NA,NA,NA,NA,"5H","Odd","Consonant","Congruent","Attend Letter","2","2","?","?","0","0","?","?","Red","Black","Black","NonIncentive","0","1","2000","X","1200","2","16","497246","2","800","497232","497248","497249","18","16",498046,"2","300","497249","498048","498048","18","16","498346","2","500","498048","498348","498349","18","16","498846","2","4000","498349","498848","498849","18","15","502845","-15","3200","498849","506030","506030","0",504853,1,2008,"2","2","1","15","506045","2","800","506030","506047","506047","17","15","506845","-15","1200","506048","508030","508030","0","7",NA,NA,NA,NA,NA,NA,NA,NA,NA,100019
"CuedTSTrialPROC","baseline1","10","?","baselineBlockList","2","32",NA,NA,NA,NA,NA,NA,NA,NA,NA,NA,NA,NA,NA,NA,NA,NA,NA,"5H","Odd","Consonant","Congruent","Attend Number","2","2","?","?","1","0","?","?","Red","Black","Green","NonIncentive","1","1","2000","X","1200","2","15","508045","2","800","508032","508047","508047","17","14",508844,"2","300","508047","508846","508846","16","14","509144","3","500","508847","509147","509147","17","14","509644","2","4000","509147","509646","509647","16","14","513644","-14","3200","509647","516830","516830","0",515805,1,2161,"2","2","1","13","516843","2","800","516830","516845","516846","15","13","517643","-13","1200","516846","518830","518830","0","6",NA,NA,NA,NA,NA,NA,NA,NA,NA,100019
"CuedTSTrialPROC","baseline1","10","?","baselineBlockList","2","33",NA,NA,NA,NA,NA,NA,NA,NA,NA,NA,NA,NA,NA,NA,NA,NA,NA,"1B","Odd","Consonant","Congruent","Attend Letter","2","2","?","?","1","1","?","?","Red","Black","Black","NonIncentive","0","2","3200","X","2400","2","13","518843","2","800","518832","518845","518845","15","13",519643,"1","300","518845","519644","519645","14","13","519943","2","500","519645","519945","519945","15","13","520443","2","4000","519945","520445","520445","15","12","524442","-12","3200","520446","527630","527630","0",525501,1,1059,"2","2","1","11","527641","3","800","527630","527644","527644","14","11","528441","-11","2400","527644","530830","530830","0","17",NA,NA,NA,NA,NA,NA,NA,NA,NA,100019
"CuedTSTrialPROC","baseline1","10","?","baselineBlockList","2","34",NA,NA,NA,NA,NA,NA,NA,NA,NA,NA,NA,NA,NA,NA,NA,NA,NA,"3E","Odd","Vowel","Incongruent","Attend Letter","2","1","?","?","0","1","?","?","Red","Black","Green","NonIncentive","1","2","3200","X","2400","1","11","530841","2","800","530832","530843","530843","13","11",531641,"1","300","530844","531642","531643","12","11","531941","2","500","531643","531943","531944","13","11","532441","2","4000","531944","532443","532443","13","10","536440","-10","3200","532444","539630","539630","0",537414,1,974,"1","1","1","10","539640","2","800","539630","539642","539642","12","9","540439","-9","2400","539642","542830","542830","0","2",NA,NA,NA,NA,NA,NA,NA,NA,NA,100019
"CuedTSTrialPROC","baseline1","10","?","baselineBlockList","2","35",NA,NA,NA,NA,NA,NA,NA,NA,NA,NA,NA,NA,NA,NA,NA,NA,NA,"2A","Even","Vowel","Congruent","Attend Number","1","1","?","?","1","0","?","?","Red","Black","Black","NonIncentive","0","2","3200","X","2400","1","9","542839","2","800","542832","542841","542842","11","9",543639,"2","300","542842","543641","543641","11","9","543939","3","500","543641","543942","543942","12","9","544439","2","4000","543942","544441","544441","11","8","548438","-8","3200","544442","551630","551630","0",549554,1,1116,"1","1","1","24","551654","3","800","551630","551657","551657","27","8","552438","-8","2400","551657","554830","554830","0","15",NA,NA,NA,NA,NA,NA,NA,NA,NA,100019
"CuedTSTrialPROC","baseline1","10","?","baselineBlockList","2","36",NA,NA,NA,NA,NA,NA,NA,NA,NA,NA,NA,NA,NA,NA,NA,NA,NA,"E3","Odd","Vowel","Incongruent","Attend Number","2","1","?","?","0","1","?","?","Red","Black","Green","NonIncentive","1","1","2000","X","1200","2","24","554854","2","800","554832","554856","554856","26","7",555637,"2","300","554856","555639","555639","9","7","555937","2","500","555639","555939","555939","9","7","556437","2","4000","555940","556439","556439","9","6","560436","-6","3200","556440","563630","563630","0",561575,1,1139,"2","2","1","22","563652","3","800","563630","563655","563655","25","6","564436","-6","1200","563655","565630","565630","0","1",NA,NA,NA,NA,NA,NA,NA,NA,NA,100019
"CuedTSTrialPROC","baseline1","10","?","baselineBlockList","2","37",NA,NA,NA,NA,NA,NA,NA,NA,NA,NA,NA,NA,NA,NA,NA,NA,NA,"2A","Even","Vowel","Congruent","Attend Letter","1","1","?","?","1","0","?","?","Red","Black","Black","NonIncentive","0","3","4400","X","3600","1","22","565652","2","800","565632","565654","565655","24","5",566435,"2","300","565655","566437","566437","7","5","566735","2","500","566437","566737","566738","7","5","567235","2","4000","566738","567237","567238","7","5","571235","-5","3200","567238","574430","574430","0",572408,1,1173,"1","1","1","21","574451","2","800","574430","574453","574453","23","4","575234","-4","3600","574453","578830","578830","0","12",NA,NA,NA,NA,NA,NA,NA,NA,NA,100019
"CuedTSTrialPROC","baseline1","10","?","baselineBlockList","2","38",NA,NA,NA,NA,NA,NA,NA,NA,NA,NA,NA,NA,NA,NA,NA,NA,NA,"A2","Even","Vowel","Congruent","Attend Number","1","1","?","?","1","1","?","?","Red","Black","Black","NonIncentive","0","3","4400","X","3600","1","20","578850","2","800","578832","578852","578853","22","3",579633,"2","300","578853","579635","579635","5","3","579933","2","500","579635","579935","579936","5","3","580433","2","4000","579936","580435","580436","5","2","584432","-2","3200","580436","587630","587630","0",585802,1,1370,"1","1","1","19","587649","2","800","587630","587651","587651","21","2","588432","-2","3600","587651","592030","592030","0","14",NA,NA,NA,NA,NA,NA,NA,NA,NA,100019
"FixationGetReadyPROC","baseline1","11","?","baselineBlockList","2","39","18","592048","2","28400","592031","592050","592050","20","13","620443","3","1600","592051","620446","0","16",NA,NA,NA,NA,NA,NA,NA,NA,NA,NA,NA,NA,NA,NA,NA,NA,NA,NA,NA,NA,NA,NA,NA,NA,NA,NA,NA,NA,NA,NA,NA,NA,NA,NA,NA,NA,NA,NA,NA,NA,NA,NA,NA,NA,NA,NA,NA,NA,NA,NA,NA,NA,NA,NA,NA,NA,NA,NA,NA,NA,NA,NA,NA,NA,NA,NA,NA,NA,NA,NA,NA,NA,NA,NA,NA,NA,NA,NA,NA,NA,NA,NA,NA,NA,NA,NA,NA,NA,NA,NA,NA,NA,NA,NA,NA,NA,100019
"CuedTSTrialPROC","baseline1","12","?","baselineBlockList","2","40",NA,NA,NA,NA,NA,NA,NA,NA,NA,NA,NA,NA,NA,NA,NA,NA,NA,"E3","Odd","Vowel","Incongruent","Attend Letter","2","1","?","?","2","2","?","?","Red","Black","Green","NonIncentive","1","2","3200","X","2400","1","13","622043","2","800","620447","622045","622046","15","13",622843,"2","300","622046","622845","622845","15","13","623143","2","500","622845","623145","623146","15","13","623643","2","4000","623146","623645","623645","15","12","627642","-12","3200","623646","630830","630830","0",628642,1,1000,"1","1","1","12","630842","2","800","630830","630844","630844","14","12","631642","-12","2400","630844","634030","634030","0",NA,"3",NA,NA,NA,NA,NA,NA,NA,NA,100019
"CuedTSTrialPROC","baseline1","12","?","baselineBlockList","2","41",NA,NA,NA,NA,NA,NA,NA,NA,NA,NA,NA,NA,NA,NA,NA,NA,NA,"1B","Odd","Consonant","Congruent","Attend Letter","2","2","?","?","0","2","?","?","Red","Black","Black","NonIncentive","0","2","3200","X","2400","2","11","634041","2","800","634032","634043","634044","13","11",634841,"2","300","634044","634843","634843","13","11","635141","2","500","634843","635143","635144","13","11","635641","2","4000","635144","635643","635643","13","10","639640","-10","3200","635644","642830","642830","0",640682,1,1042,"2","2","1","10","642840","2","800","642830","642842","642842","12","10","643640","-10","2400","642843","646030","646030","0",NA,"16",NA,NA,NA,NA,NA,NA,NA,NA,100019
"CuedTSTrialPROC","baseline1","12","?","baselineBlockList","2","42",NA,NA,NA,NA,NA,NA,NA,NA,NA,NA,NA,NA,NA,NA,NA,NA,NA,"H5","Odd","Consonant","Congruent","Attend Number","2","2","?","?","1","0","?","?","Red","Black","Black","NonIncentive","0","3","4400","X","3600","2","9","646039","3","800","646031","646042","646042","12","9",646839,"2","300","646042","646841","646841","11","9","647139","2","500","646841","647141","647142","11","9","647639","2","4000","647142","647641","647642","11","9","651639","-9","3200","647642","654830","654830","0",652962,1,1323,"2","2","1","8","654838","2","800","654830","654840","654840","10","8","655638","-8","3600","654841","659230","659230","0",NA,"8",NA,NA,NA,NA,NA,NA,NA,NA,100019
"CuedTSTrialPROC","baseline1","12","?","baselineBlockList","2","43",NA,NA,NA,NA,NA,NA,NA,NA,NA,NA,NA,NA,NA,NA,NA,NA,NA,"4D","Even","Consonant","Incongruent","Attend Number","1","2","?","?","0","1","?","?","Red","Black","Green","NonIncentive","1","3","4400","X","3600","1","24","659254","2","800","659232","659256","659256","26","7",660037,"2","300","659257","660039","660039","9","7","660337","2","500","660039","660339","660340","9","7","660837","2","4000","660340","660839","660840","9","6","664836","-6","3200","660840","668030","668030","0",666451,1,1615,"1","1","1","23","668053","2","800","668030","668055","668055","25","6","668836","-6","3600","668055","672430","672430","0",NA,"2",NA,NA,NA,NA,NA,NA,NA,NA,100019
"CuedTSTrialPROC","baseline1","12","?","baselineBlockList","2","44",NA,NA,NA,NA,NA,NA,NA,NA,NA,NA,NA,NA,NA,NA,NA,NA,NA,"1B","Odd","Consonant","Congruent","Attend Number","2","2","?","?","0","0","?","?","Red","Black","Black","NonIncentive","0","1","2000","X","1200","2","22","672452","2","800","672432","672454","672454","24","5",673235,"2","300","672454","673237","673237","7","5","673535","2","500","673237","673537","673538","7","5","674035","2","4000","673538","674037","674038","7","4","678034","-4","3200","674038","681230","681230","0",679278,1,1244,"2","2","1","20","681250","3","800","681230","681253","681253","23","4","682034","-4","1200","681253","683230","683230","0",NA,"18",NA,NA,NA,NA,NA,NA,NA,NA,100019
"CuedTSTrialPROC","baseline1","12","?","baselineBlockList","2","45",NA,NA,NA,NA,NA,NA,NA,NA,NA,NA,NA,NA,NA,NA,NA,NA,NA,"2A","Even","Vowel","Congruent","Attend Number","1","1","?","?","0","0","?","?","Red","Black","Black","NonIncentive","0","1","2000","X","1200","1","20","683250","2","800","683232","683252","683253","22","3",684033,"2","300","683253","684035","684035","5","3","684333","2","500","684036","684335","684336","5","3","684833","2","4000","684336","684835","684836","5","3","688833","-3","3200","684836","692030","692030","0",690104,1,1271,"1","1","1","19","692049","2","800","692030","692051","692051","21","2","692832","-2","1200","692051","694030","694030","0",NA,"13",NA,NA,NA,NA,NA,NA,NA,NA,100019
"CuedTSTrialPROC","baseline1","12","?","baselineBlockList","2","46",NA,NA,NA,NA,NA,NA,NA,NA,NA,NA,NA,NA,NA,NA,NA,NA,NA,"6I","Even","Vowel","Congruent","Attend Letter","1","1","?","?","1","0","?","?","Red","Black","Black","NonIncentive","0","3","4400","X","3600","1","18","694048","3","800","694031","694051","694051","21","2",694832,"1","300","694051","694833","694834","3","2","695132","2","500","694834","695134","695134","4","2","695632","2","4000","695134","695634","695634","4","1","699631","-1","3200","695635","702830","702830","0",701441,1,1810,"1","1","1","17","702847","2","800","702830","702849","702850","19","0","703630","0","3600","702850","707230","707230","0",NA,"7",NA,NA,NA,NA,NA,NA,NA,NA,100019
"CuedTSTrialPROC","baseline1","12","?","baselineBlockList","2","47",NA,NA,NA,NA,NA,NA,NA,NA,NA,NA,NA,NA,NA,NA,NA,NA,NA,"A2","Even","Vowel","Congruent","Attend Letter","1","1","?","?","0","1","?","?","Red","Black","Black","NonIncentive","0","1","2000","X","1200","1","16","707246","2","800","707232","707248","707249","18","0",708030,"1","300","707249","708031","708031","1","0","708330","2","500","708032","708332","708332","2","16","708846","2","4000","708332","708848","708849","18","15","712845","-15","3200","708849","716030","716030","0",714330,1,1485,"1","1","1","15","716045","2","800","716030","716047","716047","17","15","716845","-15","1200","716048","718030","718030","0",NA,"12",NA,NA,NA,NA,NA,NA,NA,NA,100019
"CuedTSTrialPROC","baseline1","12","?","baselineBlockList","2","48",NA,NA,NA,NA,NA,NA,NA,NA,NA,NA,NA,NA,NA,NA,NA,NA,NA,"6I","Even","Vowel","Congruent","Attend Number","1","1","?","?","1","0","?","?","Red","Black","Black","NonIncentive","0","2","3200","X","2400","1","15","718045","2","800","718031","718047","718047","17","15",718845,"1","300","718047","718846","718846","16","15","719145","2","500","718847","719147","719147","17","14","719644","3","4000","719147","719647","719647","17","14","723644","-14","3200","719647","726830","726830","0",725292,1,1648,"1","1","1","13","726843","2","800","726830","726845","726846","15","13","727643","-13","2400","726846","730030","730030","0",NA,"9",NA,NA,NA,NA,NA,NA,NA,NA,100019
"CuedTSTrialPROC","baseline1","12","?","baselineBlockList","2","49",NA,NA,NA,NA,NA,NA,NA,NA,NA,NA,NA,NA,NA,NA,NA,NA,NA,"B1","Odd","Consonant","Congruent","Attend Number","2","2","?","?","0","1","?","?","Red","Black","Black","NonIncentive","0","2","3200","X","2400","2","13","730043","2","800","730032","730045","730045","15","13",730843,"1","300","730045","730844","730844","14","13","731143","2","500","730845","731145","731145","15","13","731643","2","4000","731145","731645","731645","15","12","735642","-12","3200","731646","738830","738830","0",737308,1,1666,"2","2","1","11","738841","3","800","738830","738844","738844","14","11","739641","-11","2400","738844","742030","742030","0",NA,"15",NA,NA,NA,NA,NA,NA,NA,NA,100019
"CuedTSTrialPROC","baseline1","12","?","baselineBlockList","2","50",NA,NA,NA,NA,NA,NA,NA,NA,NA,NA,NA,NA,NA,NA,NA,NA,NA,"3E","Odd","Vowel","Incongruent","Attend Letter","2","1","?","?","1","0","?","?","Red","Black","Green","NonIncentive","1","3","4400","X","3600","1","11","742041","2","800","742032","742043","742043","13","11",742841,"1","300","742044","742842","742843","12","11","743141","2","500","742843","743143","743143","13","11","743641","2","4000","743143","743643","743643","13","10","747640","-10","3200","743644","750830","750830","0",749178,1,1538,"1","1","1","9","750839","3","800","750830","750842","750842","12","9","751639","-9","3600","750842","755230","755230","0",NA,"5",NA,NA,NA,NA,NA,NA,NA,NA,100019
"CuedTSTrialPROC","baseline1","12","?","baselineBlockList","2","51",NA,NA,NA,NA,NA,NA,NA,NA,NA,NA,NA,NA,NA,NA,NA,NA,NA,"1A","Odd","Vowel","Incongruent","Attend Number","2","1","?","?","1","1","?","?","Red","Black","Black","NonIncentive","0","1","2000","X","1200","2","9","755239","2","800","755232","755241","755241","11","9",756039,"1","300","755242","756040","756041","10","9","756339","2","500","756041","756341","756341","11","9","756839","2","4000","756341","756841","756841","11","8","760838","-8","3200","756842","764030","764030","0",763112,1,2274,"2","2","1","8","764038","2","800","764030","764040","764040","10","7","764837","-7","1200","764040","766030","766030","0",NA,"10",NA,NA,NA,NA,NA,NA,NA,NA,100019
"CuedTSTrialPROC","baseline1","12","?","baselineBlockList","2","52",NA,NA,NA,NA,NA,NA,NA,NA,NA,NA,NA,NA,NA,NA,NA,NA,NA,"2A","Even","Vowel","Congruent","Attend Letter","1","1","?","?","1","1","?","?","Red","Black","Black","NonIncentive","0","3","4400","X","3600","1","24","766054","2","800","766032","766056","766056","26","7",766837,"2","300","766056","766839","766839","9","7","767137","2","500","766839","767139","767139","9","7","767637","2","4000","767140","767639","767639","9","6","771636","-6","3200","767640","774830","774830","0",773089,1,1453,"1","1","1","22","774852","3","800","774830","774855","774855","25","6","775636","-6","3600","774855","779230","779230","0",NA,"11",NA,NA,NA,NA,NA,NA,NA,NA,100019
"CuedTSTrialPROC","baseline1","12","?","baselineBlockList","2","53",NA,NA,NA,NA,NA,NA,NA,NA,NA,NA,NA,NA,NA,NA,NA,NA,NA,"4D","Even","Consonant","Incongruent","Attend Letter","1","2","?","?","0","1","?","?","Red","Black","Green","NonIncentive","1","2","3200","X","2400","2","22","779252","2","800","779231","779254","779254","24","5",780035,"2","300","779254","780037","780037","7","5","780335","2","500","780037","780337","780337","7","5","780835","2","4000","780337","780837","780837","7","4","784834","-4","3200","780838","788030","788030","0",786672,1,1838,"2","2","1","20","788050","2","800","788030","788052","788053","22","3","788833","-3","2400","788053","791230","791230","0",NA,"1",NA,NA,NA,NA,NA,NA,NA,NA,100019
"CuedTSTrialPROC","baseline1","12","?","baselineBlockList","2","54",NA,NA,NA,NA,NA,NA,NA,NA,NA,NA,NA,NA,NA,NA,NA,NA,NA,"B1","Odd","Consonant","Congruent","Attend Letter","2","2","?","?","0","0","?","?","Red","Black","Black","NonIncentive","0","1","2000","X","1200","2","20","791250","2","800","791232","791252","791252","22","3",792033,"2","300","791252","792035","792035","5","3","792333","2","500","792035","792335","792335","5","3","792833","2","4000","792336","792835","792835","5","2","796832","-2","3200","792836","800030","800030","0",799043,1,2211,"2","2","1","18","800048","3","800","800030","800051","800051","21","2","800832","-2","1200","800051","802030","802030","0",NA,"17",NA,NA,NA,NA,NA,NA,NA,NA,100019
"CuedTSTrialPROC","baseline1","12","?","baselineBlockList","2","55",NA,NA,NA,NA,NA,NA,NA,NA,NA,NA,NA,NA,NA,NA,NA,NA,NA,"A2","Even","Vowel","Congruent","Attend Number","1","1","?","?","1","0","?","?","Red","Black","Black","NonIncentive","0","2","3200","X","2400","1","18","802048","2","800","802032","802050","802051","20","1",802831,"2","300","802051","802833","802833","3","1","803131","2","500","802833","803133","803134","3","1","803631","2","4000","803134","803633","803634","3","1","807631","-1","3200","803634","810830","810830","0",809085,1,1454,"1","1","1","17","810847","2","800","810830","810849","810849","19","0","811630","0","2400","810849","814030","814030","0",NA,"14",NA,NA,NA,NA,NA,NA,NA,NA,100019
"CuedTSTrialPROC","baseline1","12","?","baselineBlockList","2","56",NA,NA,NA,NA,NA,NA,NA,NA,NA,NA,NA,NA,NA,NA,NA,NA,NA,"H5","Odd","Consonant","Congruent","Attend Letter","2","2","?","?","1","1","?","?","Red","Black","Green","NonIncentive","1","1","2000","X","1200","2","16","814046","2","800","814032","814048","814049","18","16",814846,"2","300","814049","814848","814848","18","16","815146","2","500","814848","815148","815148","18","16","815646","2","4000","815149","815648","815648","18","15","819645","-15","3200","815649","822830","822830","0",821118,1,1473,"2","2","1","15","822845","2","800","822830","822847","822847","17","15","823645","-15","1200","822847","824830","824830","0",NA,"6",NA,NA,NA,NA,NA,NA,NA,NA,100019
"CuedTSTrialPROC","baseline1","12","?","baselineBlockList","2","57",NA,NA,NA,NA,NA,NA,NA,NA,NA,NA,NA,NA,NA,NA,NA,NA,NA,"3E","Odd","Vowel","Incongruent","Attend Number","2","1","?","?","1","1","?","?","Red","Black","Green","NonIncentive","1","3","4400","X","3600","2","14","824844","3","800","824832","824847","824847","17","14",825644,"2","300","824847","825646","825646","16","14","825944","2","500","825646","825946","825947","16","14","826444","2","4000","825947","826446","826447","16","14","830444","-14","3200","826447","833630","833630","0",832056,1,1612,"2","2","1","13","833643","2","800","833630","833645","833646","15","13","834443","-13","3600","833646","838030","838030","0",NA,"4",NA,NA,NA,NA,NA,NA,NA,NA,100019
"FixationOnlyPROC","baseline1","13","?","baselineBlockList","2","58",NA,NA,NA,NA,NA,NA,NA,NA,NA,NA,NA,NA,NA,NA,NA,NA,NA,NA,NA,NA,NA,NA,NA,NA,NA,NA,NA,NA,NA,NA,NA,NA,NA,NA,NA,NA,NA,NA,NA,NA,NA,NA,NA,NA,NA,NA,NA,NA,NA,NA,NA,NA,NA,NA,NA,NA,NA,NA,NA,NA,NA,NA,NA,NA,NA,NA,NA,NA,NA,NA,NA,NA,NA,NA,NA,NA,NA,NA,NA,NA,NA,NA,NA,NA,NA,NA,NA,NA,NA,NA,NA,NA,NA,NA,NA,NA,NA,NA,NA,NA,NA,NA,NA,NA,"12","838042","2","30000","838031","838044","838045","14",100019
