"Procedure","RunNumberFilterValue","baselineBlockList","Running","baselineBlockList.Cycle","baselineBlockList.Sample","Fixation.OnsetDelay","Fixation.OnsetTime","Fixation.DurationError","Fixation.Duration","Fixation.StartTime","Fixation.OffsetTime","Fixation.FinishTime","Fixation.OffsetDelay","getready.OnsetDelay","getready.OnsetTime","getready.DurationError","getready.Duration","getready.StartTime","getready.OffsetTime","getready.CustomOffsetTime","getready.OffsetDelay","ID","ITI","ms","TRs","Stim","TrialType","LWPC","Correct","Color","BAS2SamplingList","McConBas2","CustomCaptureFilename","ShortenedISI","PreISIfix.OnsetDelay","PreISIfix.OnsetTime","PreISIfix.DurationError","PreISIfix.Duration","PreISIfix.StartTime","PreISIfix.OffsetTime","PreISIfix.FinishTime","PreISIfix.OffsetDelay","Flicker.OnsetDelay","Flicker.OnsetTime","Flicker.DurationError","Flicker.Duration","Flicker.StartTime","Flicker.OffsetTime","Flicker.FinishTime","Flicker.OffsetDelay","AudioRecordSoundIn1.Filename","AudioRecord.OnsetDelay","AudioRecord.OnsetTime","AudioRecord.DurationError","AudioRecord.Duration","AudioRecord.StartTime","AudioRecord.OffsetTime","AudioRecord.FinishTime","AudioRecord.OffsetDelay","Stimuli.OnsetDelay","Stimuli.OnsetTime","Stimuli.DurationError","Stimuli.Duration","Stimuli.StartTime","Stimuli.OffsetTime","Stimuli.FinishTime","Stimuli.OffsetDelay","ISIfix.OnsetDelay","ISIfix.OnsetTime","ISIfix.DurationError","ISIfix.Duration","ISIfix.StartTime","ISIfix.OffsetTime","ISIfix.FinishTime","ISIfix.OffsetDelay","McInConBas2","PC50InConBas2","PC50ConBas2","FixationFinal.OnsetDelay","FixationFinal.OnsetTime","FixationFinal.DurationError","FixationFinal.Duration","FixationFinal.StartTime","FixationFinal.OffsetTime","FixationFinal.FinishTime","FixationFinal.OffsetDelay","InstHalfway.OnsetDelay","InstHalfway.OnsetTime","InstHalfway.StartTime","scanstart.RTTime"
"FixationGetReadyPROC","baseline2","11","baselineBlockList","2","1","19","37188","2","28400","37170","37190","37191","21","15","65584","2","1600","37191","65586","0","17",NA,NA,NA,NA,NA,NA,NA,NA,NA,NA,NA,NA,NA,NA,NA,NA,NA,NA,NA,NA,NA,NA,NA,NA,NA,NA,NA,NA,NA,NA,NA,NA,NA,NA,NA,NA,NA,NA,NA,NA,NA,NA,NA,NA,NA,NA,NA,NA,NA,NA,NA,NA,NA,NA,NA,NA,NA,NA,NA,NA,NA,NA,NA,NA,NA,NA,NA,NA,37163
"StroopTrialPROC","baseline2","12","baselineBlockList","2","2",NA,NA,NA,NA,NA,NA,NA,NA,NA,NA,NA,NA,NA,NA,NA,NA,"1","1","1200","3","WHITE","Con","MC","white","white","1","3","132017_baseline_StroopBas_run2_AudioRecord-1.wav","900","14","67183","3","300","65587","67186","67186","17","14",67483,"2","300","67186","67485","67485","16","132017_baseline_StroopBas_run2_AudioRecord-1.wav","14","67783","3","100","67485","67786","67787","17","14","67883","2","2000","67787","67885","67886","16","14","69883","-14","900","67886","70769","70769","0",NA,NA,NA,NA,NA,NA,NA,NA,NA,NA,NA,NA,NA,NA,37163
"StroopTrialPROC","baseline2","12","baselineBlockList","2","3",NA,NA,NA,NA,NA,NA,NA,NA,NA,NA,NA,NA,NA,NA,NA,NA,"1","3","3600","5","RED","InCon","MC","blue","blue","2",NA,"132017_baseline_StroopBas_run2_AudioRecord-2.wav","3300","30","70799","3","300","70784","70802","70802","33","14",71083,"1","300","70802","71084","71085","15","132017_baseline_StroopBas_run2_AudioRecord-2.wav","14","71383","3","100","71085","71386","71386","17","14","71483","2","2000","71386","71485","71485","16","13","73482","-13","3300","71486","76769","76769","0","4",NA,NA,NA,NA,NA,NA,NA,NA,NA,NA,NA,NA,NA,37163
"StroopTrialPROC","baseline2","12","baselineBlockList","2","4",NA,NA,NA,NA,NA,NA,NA,NA,NA,NA,NA,NA,NA,NA,NA,NA,"1","1","1200","3","GREEN","InCon","PC50","black","black","4",NA,"132017_baseline_StroopBas_run2_AudioRecord-3.wav","900","13","76782","2","300","76775","76784","76784","15","13",77082,"1","300","76785","77083","77084","14","132017_baseline_StroopBas_run2_AudioRecord-3.wav","13","77382","3","100","77084","77385","77385","16","13","77482","2","2000","77385","77484","77484","15","12","79481","-12","900","77485","80369","80369","0",NA,"8",NA,NA,NA,NA,NA,NA,NA,NA,NA,NA,NA,NA,37163
"StroopTrialPROC","baseline2","12","baselineBlockList","2","5",NA,NA,NA,NA,NA,NA,NA,NA,NA,NA,NA,NA,NA,NA,NA,NA,"1","2","2400","4","PURPLE","Con","MC","purple","purple","1","4","132017_baseline_StroopBas_run2_AudioRecord-4.wav","2100","29","80398","2","300","80380","80400","80400","31","12",80681,"2","300","80401","80683","80683","14","132017_baseline_StroopBas_run2_AudioRecord-4.wav","12","80981","3","100","80683","80984","80984","15","12","81081","2","2000","80985","81083","81084","14","12","83081","-12","2100","81084","85169","85169","0",NA,NA,NA,NA,NA,NA,NA,NA,NA,NA,NA,NA,NA,NA,37163
"StroopTrialPROC","baseline2","12","baselineBlockList","2","6",NA,NA,NA,NA,NA,NA,NA,NA,NA,NA,NA,NA,NA,NA,NA,NA,"1","1","1200","3","YELLOW","Con","PC50","yellow","yellow","3",NA,"132017_baseline_StroopBas_run2_AudioRecord-5.wav","900","28","85197","2","300","85175","85199","85200","30","11",85480,"2","300","85200","85482","85482","13","132017_baseline_StroopBas_run2_AudioRecord-5.wav","11","85780","3","100","85483","85783","85784","14","11","85880","3","2000","85784","85883","85883","14","11","87880","-11","900","85883","88769","88769","0",NA,NA,"4",NA,NA,NA,NA,NA,NA,NA,NA,NA,NA,NA,37163
"StroopTrialPROC","baseline2","12","baselineBlockList","2","7",NA,NA,NA,NA,NA,NA,NA,NA,NA,NA,NA,NA,NA,NA,NA,NA,"1","2","2400","4","WHITE","Con","MC","white","white","1","3","132017_baseline_StroopBas_run2_AudioRecord-6.wav","2100","28","88797","2","300","88779","88799","88799","30","11",89080,"2","300","88799","89082","89082","13","132017_baseline_StroopBas_run2_AudioRecord-6.wav","11","89380","3","100","89082","89383","89383","14","11","89480","2","2000","89383","89482","89483","13","10","91479","-10","2100","89483","93569","93569","0",NA,NA,NA,NA,NA,NA,NA,NA,NA,NA,NA,NA,NA,NA,37163
"StroopTrialPROC","baseline2","12","baselineBlockList","2","8",NA,NA,NA,NA,NA,NA,NA,NA,NA,NA,NA,NA,NA,NA,NA,NA,"1","1","1200","3","BLACK","Con","PC50","black","black","3",NA,"132017_baseline_StroopBas_run2_AudioRecord-7.wav","900","27","93596","3","300","93576","93599","93599","30","10",93879,"2","300","93600","93881","93881","12","132017_baseline_StroopBas_run2_AudioRecord-7.wav","10","94179","3","100","93882","94182","94183","13","10","94279","3","2000","94183","94282","94282","13","10","96279","-10","900","94283","97169","97169","0",NA,NA,"3",NA,NA,NA,NA,NA,NA,NA,NA,NA,NA,NA,37163
"StroopTrialPROC","baseline2","12","baselineBlockList","2","9",NA,NA,NA,NA,NA,NA,NA,NA,NA,NA,NA,NA,NA,NA,NA,NA,"1","2","2400","4","PINK","Con","PC50","pink","255,105,180","3",NA,"132017_baseline_StroopBas_run2_AudioRecord-8.wav","2100","26","97195","2","300","97177","97197","97198","28","10",97479,"1","300","97198","97480","97480","11","132017_baseline_StroopBas_run2_AudioRecord-8.wav","9","97778","4","100","97481","97782","97782","13","9","97878","3","2000","97782","97881","97881","12","9","99878","-9","2100","97881","101969","101969","0",NA,NA,"1",NA,NA,NA,NA,NA,NA,NA,NA,NA,NA,NA,37163
"StroopTrialPROC","baseline2","12","baselineBlockList","2","10",NA,NA,NA,NA,NA,NA,NA,NA,NA,NA,NA,NA,NA,NA,NA,NA,"1","3","3600","5","WHITE","InCon","MC","purple","purple","2",NA,"132017_baseline_StroopBas_run2_AudioRecord-9.wav","3300","25","101994","3","300","101975","101997","101997","28","9",102278,"1","300","101997","102279","102280","10","132017_baseline_StroopBas_run2_AudioRecord-9.wav","9","102578","3","100","102280","102581","102581","12","9","102678","2","2000","102581","102680","102680","11","8","104677","-8","3300","102681","107969","107969","0","12",NA,NA,NA,NA,NA,NA,NA,NA,NA,NA,NA,NA,NA,37163
"StroopTrialPROC","baseline2","12","baselineBlockList","2","11",NA,NA,NA,NA,NA,NA,NA,NA,NA,NA,NA,NA,NA,NA,NA,NA,"1","3","3600","5","BLACK","InCon","PC50","pink","255,105,180","4",NA,"132017_baseline_StroopBas_run2_AudioRecord-10.wav","3300","25","107994","2","300","107975","107996","107996","27","8",108277,"2","300","107996","108279","108279","10","132017_baseline_StroopBas_run2_AudioRecord-10.wav","8","108577","3","100","108279","108580","108580","11","8","108677","2","2000","108580","108679","108679","10","7","110676","-7","3300","108680","113969","113969","0",NA,"2",NA,NA,NA,NA,NA,NA,NA,NA,NA,NA,NA,NA,37163
"StroopTrialPROC","baseline2","12","baselineBlockList","2","12",NA,NA,NA,NA,NA,NA,NA,NA,NA,NA,NA,NA,NA,NA,NA,NA,"1","3","3600","5","PURPLE","Con","MC","purple","purple","1","4","132017_baseline_StroopBas_run2_AudioRecord-11.wav","3300","24","113993","2","300","113975","113995","113995","26","7",114276,"2","300","113995","114278","114278","9","132017_baseline_StroopBas_run2_AudioRecord-11.wav","7","114576","3","100","114278","114579","114579","10","7","114676","2","2000","114579","114678","114679","9","6","116675","-6","3300","114679","119969","119969","0",NA,NA,NA,NA,NA,NA,NA,NA,NA,NA,NA,NA,NA,NA,37163
"StroopTrialPROC","baseline2","12","baselineBlockList","2","13",NA,NA,NA,NA,NA,NA,NA,NA,NA,NA,NA,NA,NA,NA,NA,NA,"1","2","2400","4","BLUE","Con","MC","blue","blue","1","2","132017_baseline_StroopBas_run2_AudioRecord-12.wav","2100","23","119992","2","300","119975","119994","119994","25","6",120275,"2","300","119994","120277","120277","8","132017_baseline_StroopBas_run2_AudioRecord-12.wav","6","120575","3","100","120277","120578","120578","9","6","120675","2","2000","120578","120677","120677","8","6","122675","-6","2100","120678","124769","124769","0",NA,NA,NA,NA,NA,NA,NA,NA,NA,NA,NA,NA,NA,NA,37163
"StroopTrialPROC","baseline2","12","baselineBlockList","2","14",NA,NA,NA,NA,NA,NA,NA,NA,NA,NA,NA,NA,NA,NA,NA,NA,"1","2","2400","4","RED","Con","MC","red","red","1","1","132017_baseline_StroopBas_run2_AudioRecord-13.wav","2100","22","124791","2","300","124775","124793","124793","24","5",125074,"2","300","124794","125076","125076","7","132017_baseline_StroopBas_run2_AudioRecord-13.wav","5","125374","3","100","125076","125377","125377","8","5","125474","2","2000","125378","125476","125477","7","5","127474","-5","2100","125477","129569","129569","0",NA,NA,NA,NA,NA,NA,NA,NA,NA,NA,NA,NA,NA,NA,37163
"StroopTrialPROC","baseline2","12","baselineBlockList","2","15",NA,NA,NA,NA,NA,NA,NA,NA,NA,NA,NA,NA,NA,NA,NA,NA,"1","1","1200","3","GREEN","Con","PC50","green","green","3",NA,"132017_baseline_StroopBas_run2_AudioRecord-14.wav","900","21","129590","2","300","129575","129592","129593","23","4",129873,"2","300","129593","129875","129875","6","132017_baseline_StroopBas_run2_AudioRecord-14.wav","4","130173","3","100","129876","130176","130177","7","4","130273","2","2000","130177","130275","130276","6","4","132273","-4","900","130276","133169","133169","0",NA,NA,"2",NA,NA,NA,NA,NA,NA,NA,NA,NA,NA,NA,37163
"StroopTrialPROC","baseline2","12","baselineBlockList","2","16",NA,NA,NA,NA,NA,NA,NA,NA,NA,NA,NA,NA,NA,NA,NA,NA,"1","1","1200","3","BLACK","InCon","PC50","yellow","yellow","4",NA,"132017_baseline_StroopBas_run2_AudioRecord-15.wav","900","37","133206","3","300","133183","133209","133209","40","4",133473,"2","300","133209","133475","133475","6","132017_baseline_StroopBas_run2_AudioRecord-15.wav","4","133773","3","100","133475","133776","133776","7","4","133873","2","2000","133776","133875","133875","6","3","135872","-3","900","133875","136769","136769","0",NA,"12",NA,NA,NA,NA,NA,NA,NA,NA,NA,NA,NA,NA,37163
"StroopTrialPROC","baseline2","12","baselineBlockList","2","17",NA,NA,NA,NA,NA,NA,NA,NA,NA,NA,NA,NA,NA,NA,NA,NA,"1","3","3600","5","PURPLE","Con","MC","purple","purple","1","4","132017_baseline_StroopBas_run2_AudioRecord-16.wav","3300","20","136789","2","300","136782","136791","136792","22","3",137072,"2","300","136792","137074","137074","5","132017_baseline_StroopBas_run2_AudioRecord-16.wav","3","137372","3","100","137074","137375","137376","6","3","137472","2","2000","137376","137474","137475","5","3","139472","-3","3300","137475","142769","142769","0",NA,NA,NA,NA,NA,NA,NA,NA,NA,NA,NA,NA,NA,NA,37163
"StroopTrialPROC","baseline2","12","baselineBlockList","2","18",NA,NA,NA,NA,NA,NA,NA,NA,NA,NA,NA,NA,NA,NA,NA,NA,"1","2","2400","4","WHITE","Con","MC","white","white","1","3","132017_baseline_StroopBas_run2_AudioRecord-17.wav","2100","19","142788","2","300","142775","142790","142791","21","2",143071,"2","300","142791","143073","143073","4","132017_baseline_StroopBas_run2_AudioRecord-17.wav","2","143371","3","100","143073","143374","143375","5","2","143471","3","2000","143375","143474","143474","5","2","145471","-2","2100","143474","147569","147569","0",NA,NA,NA,NA,NA,NA,NA,NA,NA,NA,NA,NA,NA,NA,37163
"StroopTrialPROC","baseline2","12","baselineBlockList","2","19",NA,NA,NA,NA,NA,NA,NA,NA,NA,NA,NA,NA,NA,NA,NA,NA,"1","2","2400","4","PINK","Con","PC50","pink","255,105,180","3",NA,"132017_baseline_StroopBas_run2_AudioRecord-18.wav","2100","18","147587","2","300","147575","147589","147590","20","2",147871,"1","300","147590","147872","147872","3","132017_baseline_StroopBas_run2_AudioRecord-18.wav","2","148171","3","100","147873","148174","148174","5","1","148270","3","2000","148174","148273","148273","4","1","150270","-1","2100","148273","152369","152369","0",NA,NA,"1",NA,NA,NA,NA,NA,NA,NA,NA,NA,NA,NA,37163
"StroopTrialPROC","baseline2","12","baselineBlockList","2","20",NA,NA,NA,NA,NA,NA,NA,NA,NA,NA,NA,NA,NA,NA,NA,NA,"1","1","1200","3","BLUE","Con","MC","blue","blue","1","2","132017_baseline_StroopBas_run2_AudioRecord-19.wav","900","18","152387","2","300","152375","152389","152389","20","1",152670,"1","300","152389","152671","152672","2","132017_baseline_StroopBas_run2_AudioRecord-19.wav","1","152970","3","100","152672","152973","152973","4","1","153070","2","2000","152973","153072","153072","3","0","155069","0","900","153073","155969","155969","0",NA,NA,NA,NA,NA,NA,NA,NA,NA,NA,NA,NA,NA,NA,37163
"StroopTrialPROC","baseline2","12","baselineBlockList","2","21",NA,NA,NA,NA,NA,NA,NA,NA,NA,NA,NA,NA,NA,NA,NA,NA,"1","3","3600","5","WHITE","Con","MC","white","white","1","3","132017_baseline_StroopBas_run2_AudioRecord-20.wav","3300","17","155986","2","300","155979","155988","155989","19","0",156269,"2","300","155989","156271","156271","2","132017_baseline_StroopBas_run2_AudioRecord-20.wav","0","156569","3","100","156272","156572","156573","3","0","156669","3","2000","156573","156672","156672","3","0","158669","0","3300","156672","161969","161969","0",NA,NA,NA,NA,NA,NA,NA,NA,NA,NA,NA,NA,NA,NA,37163
"StroopTrialPROC","baseline2","12","baselineBlockList","2","22",NA,NA,NA,NA,NA,NA,NA,NA,NA,NA,NA,NA,NA,NA,NA,NA,"1","2","2400","4","PINK","InCon","PC50","yellow","yellow","4",NA,"132017_baseline_StroopBas_run2_AudioRecord-21.wav","2100","16","161985","2","300","161975","161987","161988","18","16",162285,"2","300","161988","162287","162287","18","132017_baseline_StroopBas_run2_AudioRecord-21.wav","16","162585","3","100","162287","162588","162588","19","16","162685","2","2000","162589","162687","162688","18","16","164685","-16","2100","162688","166769","166769","0",NA,"10",NA,NA,NA,NA,NA,NA,NA,NA,NA,NA,NA,NA,37163
"StroopTrialPROC","baseline2","12","baselineBlockList","2","23",NA,NA,NA,NA,NA,NA,NA,NA,NA,NA,NA,NA,NA,NA,NA,NA,"1","3","3600","5","RED","Con","MC","red","red","1","1","132017_baseline_StroopBas_run2_AudioRecord-22.wav","3300","15","166784","3","300","166775","166787","166787","18","15",167084,"2","300","166787","167086","167086","17","132017_baseline_StroopBas_run2_AudioRecord-22.wav","15","167384","3","100","167086","167387","167387","18","15","167484","2","2000","167388","167486","167487","17","15","169484","-15","3300","167487","172769","172769","0",NA,NA,NA,NA,NA,NA,NA,NA,NA,NA,NA,NA,NA,NA,37163
"StroopTrialPROC","baseline2","12","baselineBlockList","2","24",NA,NA,NA,NA,NA,NA,NA,NA,NA,NA,NA,NA,NA,NA,NA,NA,"1","3","3600","5","PINK","InCon","PC50","green","green","4",NA,"132017_baseline_StroopBas_run2_AudioRecord-23.wav","3300","14","172783","3","300","172775","172786","172786","17","14",173083,"2","300","172786","173085","173085","16","132017_baseline_StroopBas_run2_AudioRecord-23.wav","14","173383","3","100","173085","173386","173387","17","14","173483","2","2000","173387","173485","173486","16","14","175483","-14","3300","173486","178769","178769","0",NA,"4",NA,NA,NA,NA,NA,NA,NA,NA,NA,NA,NA,NA,37163
"StroopTrialPROC","baseline2","12","baselineBlockList","2","25",NA,NA,NA,NA,NA,NA,NA,NA,NA,NA,NA,NA,NA,NA,NA,NA,"1","1","1200","3","RED","Con","MC","red","red","1","1","132017_baseline_StroopBas_run2_AudioRecord-24.wav","900","30","178799","2","300","178775","178801","178802","32","13",179082,"2","300","178802","179084","179084","15","132017_baseline_StroopBas_run2_AudioRecord-24.wav","13","179382","3","100","179084","179385","179386","16","13","179482","2","2000","179386","179484","179485","15","13","181482","-13","900","179485","182369","182369","0",NA,NA,NA,NA,NA,NA,NA,NA,NA,NA,NA,NA,NA,NA,37163
"StroopTrialPROC","baseline2","12","baselineBlockList","2","26",NA,NA,NA,NA,NA,NA,NA,NA,NA,NA,NA,NA,NA,NA,NA,NA,"1","3","3600","5","BLUE","Con","MC","blue","blue","1","2","132017_baseline_StroopBas_run2_AudioRecord-25.wav","3300","29","182398","3","300","182382","182401","182401","32","13",182682,"1","300","182401","182683","182684","14","132017_baseline_StroopBas_run2_AudioRecord-25.wav","13","182982","3","100","182684","182985","182985","16","13","183082","2","2000","182985","183084","183084","15","12","185081","-12","3300","183085","188369","188369","0",NA,NA,NA,NA,NA,NA,NA,NA,NA,NA,NA,NA,NA,NA,37163
"StroopTrialPROC","baseline2","12","baselineBlockList","2","27",NA,NA,NA,NA,NA,NA,NA,NA,NA,NA,NA,NA,NA,NA,NA,NA,"1","2","2400","4","BLACK","Con","PC50","black","black","3",NA,"132017_baseline_StroopBas_run2_AudioRecord-26.wav","2100","28","188397","3","300","188375","188400","188400","31","12",188681,"1","300","188400","188682","188683","13","132017_baseline_StroopBas_run2_AudioRecord-26.wav","12","188981","3","100","188683","188984","188984","15","12","189081","2","2000","188984","189083","189083","14","11","191080","-11","2100","189084","193169","193169","0",NA,NA,"3",NA,NA,NA,NA,NA,NA,NA,NA,NA,NA,NA,37163
"StroopTrialPROC","baseline2","12","baselineBlockList","2","28",NA,NA,NA,NA,NA,NA,NA,NA,NA,NA,NA,NA,NA,NA,NA,NA,"1","1","1200","3","RED","InCon","MC","purple","purple","2",NA,"132017_baseline_StroopBas_run2_AudioRecord-27.wav","900","28","193197","2","300","193176","193199","193199","30","11",193480,"2","300","193199","193482","193482","13","132017_baseline_StroopBas_run2_AudioRecord-27.wav","11","193780","3","100","193482","193783","193783","14","11","193880","2","2000","193784","193882","193883","13","11","195880","-11","900","193883","196769","196769","0","10",NA,NA,NA,NA,NA,NA,NA,NA,NA,NA,NA,NA,NA,37163
"StroopTrialPROC","baseline2","12","baselineBlockList","2","29",NA,NA,NA,NA,NA,NA,NA,NA,NA,NA,NA,NA,NA,NA,NA,NA,"1","3","3600","5","PURPLE","InCon","MC","blue","blue","2",NA,"132017_baseline_StroopBas_run2_AudioRecord-28.wav","3300","27","196796","2","300","196779","196798","196799","29","10",197079,"2","300","196799","197081","197081","12","132017_baseline_StroopBas_run2_AudioRecord-28.wav","10","197379","3","100","197082","197382","197383","13","10","197479","3","2000","197383","197482","197482","13","10","199479","-10","3300","197483","202769","202769","0","6",NA,NA,NA,NA,NA,NA,NA,NA,NA,NA,NA,NA,NA,37163
"StroopTrialPROC","baseline2","12","baselineBlockList","2","30",NA,NA,NA,NA,NA,NA,NA,NA,NA,NA,NA,NA,NA,NA,NA,NA,"1","2","2400","4","PURPLE","Con","MC","purple","purple","1","4","132017_baseline_StroopBas_run2_AudioRecord-29.wav","2100","26","202795","2","300","202775","202797","202798","28","9",203078,"2","300","202798","203080","203080","11","132017_baseline_StroopBas_run2_AudioRecord-29.wav","9","203378","3","100","203081","203381","203382","12","9","203478","3","2000","203382","203481","203481","12","9","205478","-9","2100","203481","207569","207569","0",NA,NA,NA,NA,NA,NA,NA,NA,NA,NA,NA,NA,NA,NA,37163
"StroopTrialPROC","baseline2","12","baselineBlockList","2","31",NA,NA,NA,NA,NA,NA,NA,NA,NA,NA,NA,NA,NA,NA,NA,NA,"1","2","2400","4","BLUE","Con","MC","blue","blue","1","2","132017_baseline_StroopBas_run2_AudioRecord-30.wav","2100","25","207594","3","300","207575","207597","207597","28","9",207878,"1","300","207597","207879","207880","10","132017_baseline_StroopBas_run2_AudioRecord-30.wav","9","208178","3","100","207880","208181","208181","12","9","208278","2","2000","208181","208280","208280","11","8","210277","-8","2100","208281","212369","212369","0",NA,NA,NA,NA,NA,NA,NA,NA,NA,NA,NA,NA,NA,NA,37163
"StroopTrialPROC","baseline2","12","baselineBlockList","2","32",NA,NA,NA,NA,NA,NA,NA,NA,NA,NA,NA,NA,NA,NA,NA,NA,"1","3","3600","5","YELLOW","InCon","PC50","green","green","4",NA,"132017_baseline_StroopBas_run2_AudioRecord-31.wav","3300","25","212394","2","300","212375","212396","212396","27","8",212677,"2","300","212396","212679","212679","10","132017_baseline_StroopBas_run2_AudioRecord-31.wav","8","212977","3","100","212679","212980","212980","11","8","213077","2","2000","212981","213079","213079","10","8","215077","-8","3300","213080","218369","218369","0",NA,"6",NA,NA,NA,NA,NA,NA,NA,NA,NA,NA,NA,NA,37163
"StroopTrialPROC","baseline2","12","baselineBlockList","2","33",NA,NA,NA,NA,NA,NA,NA,NA,NA,NA,NA,NA,NA,NA,NA,NA,"1","3","3600","5","RED","Con","MC","red","red","1","1","132017_baseline_StroopBas_run2_AudioRecord-32.wav","3300","24","218393","2","300","218375","218395","218395","26","7",218676,"2","300","218396","218678","218678","9","132017_baseline_StroopBas_run2_AudioRecord-32.wav","7","218976","3","100","218678","218979","218979","10","7","219076","2","2000","218980","219078","219079","9","7","221076","-7","3300","219079","224369","224369","0",NA,NA,NA,NA,NA,NA,NA,NA,NA,NA,NA,NA,NA,NA,37163
"StroopTrialPROC","baseline2","12","baselineBlockList","2","34",NA,NA,NA,NA,NA,NA,NA,NA,NA,NA,NA,NA,NA,NA,NA,NA,"1","2","2400","4","WHITE","InCon","MC","red","red","2",NA,"132017_baseline_StroopBas_run2_AudioRecord-33.wav","2100","23","224392","2","300","224375","224394","224394","25","6",224675,"2","300","224394","224677","224677","8","132017_baseline_StroopBas_run2_AudioRecord-33.wav","6","224975","3","100","224677","224978","224978","9","6","225075","2","2000","224979","225077","225077","8","6","227075","-6","2100","225078","229169","229169","0","2",NA,NA,NA,NA,NA,NA,NA,NA,NA,NA,NA,NA,NA,37163
"StroopTrialPROC","baseline2","12","baselineBlockList","2","35",NA,NA,NA,NA,NA,NA,NA,NA,NA,NA,NA,NA,NA,NA,NA,NA,"1","1","1200","3","BLUE","InCon","MC","white","white","2",NA,"132017_baseline_StroopBas_run2_AudioRecord-34.wav","900","22","229191","2","300","229175","229193","229193","24","5",229474,"2","300","229194","229476","229476","7","132017_baseline_StroopBas_run2_AudioRecord-34.wav","5","229774","3","100","229476","229777","229778","8","5","229874","3","2000","229778","229877","229877","8","5","231874","-5","900","229877","232769","232769","0","8",NA,NA,NA,NA,NA,NA,NA,NA,NA,NA,NA,NA,NA,37163
"StroopTrialPROC","baseline2","12","baselineBlockList","2","36",NA,NA,NA,NA,NA,NA,NA,NA,NA,NA,NA,NA,NA,NA,NA,NA,"1","1","1200","3","WHITE","Con","MC","white","white","1","3","132017_baseline_StroopBas_run2_AudioRecord-35.wav","900","21","232790","3","300","232783","232793","232793","24","5",233074,"1","300","232793","233075","233076","6","132017_baseline_StroopBas_run2_AudioRecord-35.wav","5","233374","3","100","233076","233377","233377","8","5","233474","2","2000","233378","233476","233476","7","4","235473","-4","900","233477","236369","236369","0",NA,NA,NA,NA,NA,NA,NA,NA,NA,NA,NA,NA,NA,NA,37163
"StroopTrialPROC","baseline2","12","baselineBlockList","2","37",NA,NA,NA,NA,NA,NA,NA,NA,NA,NA,NA,NA,NA,NA,NA,NA,"1","1","1200","3","RED","Con","MC","red","red","1","1","132017_baseline_StroopBas_run2_AudioRecord-36.wav","900","121","236490","2","300","236479","236492","236493","123","4",236673,"2","300","236493","236675","236675","6","132017_baseline_StroopBas_run2_AudioRecord-36.wav","4","236973","3","100","236675","236976","236976","7","4","237073","2","2000","236977","237075","237076","6","4","239073","-4","900","237076","239969","239969","0",NA,NA,NA,NA,NA,NA,NA,NA,NA,NA,NA,NA,NA,NA,37163
"FixationGetReadyPROC","baseline2","13","baselineBlockList","2","38","21","239990","2","28400","239982","239992","239992","23","16","268385","2","1600","239992","268387","0","18",NA,NA,NA,NA,NA,NA,NA,NA,NA,NA,NA,NA,NA,NA,NA,NA,NA,NA,NA,NA,NA,NA,NA,NA,NA,NA,NA,NA,NA,NA,NA,NA,NA,NA,NA,NA,NA,NA,NA,NA,NA,NA,NA,NA,NA,NA,NA,NA,NA,NA,NA,NA,NA,NA,NA,NA,NA,NA,NA,NA,NA,NA,NA,NA,NA,NA,NA,NA,37163
"StroopTrialPROC","baseline2","14","baselineBlockList","2","39",NA,NA,NA,NA,NA,NA,NA,NA,NA,NA,NA,NA,NA,NA,NA,NA,"1","2","2400","4","PURPLE","Con","MC","purple","purple","1","4","132017_baseline_StroopBas_run2_AudioRecord-37.wav","2100","16","269985","2","300","268389","269987","269987","18","16",270285,"1","300","269987","270286","270286","17","132017_baseline_StroopBas_run2_AudioRecord-37.wav","15","270584","3","100","270287","270587","270588","18","15","270684","3","2000","270588","270687","270687","18","15","272684","-15","2100","270687","274769","274769","0",NA,NA,NA,NA,NA,NA,NA,NA,NA,NA,NA,NA,NA,NA,37163
"StroopTrialPROC","baseline2","14","baselineBlockList","2","40",NA,NA,NA,NA,NA,NA,NA,NA,NA,NA,NA,NA,NA,NA,NA,NA,"1","3","3600","5","RED","InCon","MC","blue","blue","2",NA,"132017_baseline_StroopBas_run2_AudioRecord-38.wav","3300","15","274784","2","300","274776","274786","274787","17","15",275084,"1","300","274787","275085","275086","16","132017_baseline_StroopBas_run2_AudioRecord-38.wav","15","275384","3","100","275086","275387","275387","18","15","275484","2","2000","275387","275486","275486","17","14","277483","-14","3300","275487","280769","280769","0","4",NA,NA,NA,NA,NA,NA,NA,NA,NA,NA,NA,NA,NA,37163
"StroopTrialPROC","baseline2","14","baselineBlockList","2","41",NA,NA,NA,NA,NA,NA,NA,NA,NA,NA,NA,NA,NA,NA,NA,NA,"1","1","1200","3","PINK","Con","PC50","pink","255,105,180","3",NA,"132017_baseline_StroopBas_run2_AudioRecord-39.wav","900","14","280783","2","300","280775","280785","280786","16","14",281083,"1","300","280786","281084","281085","15","132017_baseline_StroopBas_run2_AudioRecord-39.wav","14","281383","3","100","281085","281386","281386","17","14","281483","2","2000","281386","281485","281485","16","13","283482","-13","900","281486","284369","284369","0",NA,NA,"1",NA,NA,NA,NA,NA,NA,NA,NA,NA,NA,NA,37163
"StroopTrialPROC","baseline2","14","baselineBlockList","2","42",NA,NA,NA,NA,NA,NA,NA,NA,NA,NA,NA,NA,NA,NA,NA,NA,"1","2","2400","4","RED","Con","MC","red","red","1","1","132017_baseline_StroopBas_run2_AudioRecord-40.wav","2100","47","284416","2","300","284401","284418","284418","49","13",284682,"2","300","284419","284684","284684","15","132017_baseline_StroopBas_run2_AudioRecord-40.wav","13","284982","3","100","284684","284985","284986","16","13","285082","2","2000","284986","285084","285085","15","13","287082","-13","2100","285085","289169","289169","0",NA,NA,NA,NA,NA,NA,NA,NA,NA,NA,NA,NA,NA,NA,37163
"StroopTrialPROC","baseline2","14","baselineBlockList","2","43",NA,NA,NA,NA,NA,NA,NA,NA,NA,NA,NA,NA,NA,NA,NA,NA,"1","1","1200","3","BLUE","Con","MC","blue","blue","1","2","132017_baseline_StroopBas_run2_AudioRecord-41.wav","900","29","289198","2","300","289175","289200","289201","31","12",289481,"2","300","289201","289483","289483","14","132017_baseline_StroopBas_run2_AudioRecord-41.wav","12","289781","3","100","289484","289784","289785","15","12","289881","3","2000","289785","289884","289884","15","12","291881","-12","900","289884","292769","292769","0",NA,NA,NA,NA,NA,NA,NA,NA,NA,NA,NA,NA,NA,NA,37163
"StroopTrialPROC","baseline2","14","baselineBlockList","2","44",NA,NA,NA,NA,NA,NA,NA,NA,NA,NA,NA,NA,NA,NA,NA,NA,"1","1","1200","3","RED","Con","MC","red","red","1","1","132017_baseline_StroopBas_run2_AudioRecord-42.wav","900","29","292798","2","300","292780","292800","292800","31","12",293081,"2","300","292800","293083","293083","14","132017_baseline_StroopBas_run2_AudioRecord-42.wav","12","293381","3","100","293083","293384","293384","15","12","293481","2","2000","293385","293483","293484","14","12","295481","-12","900","293484","296369","296369","0",NA,NA,NA,NA,NA,NA,NA,NA,NA,NA,NA,NA,NA,NA,37163
"StroopTrialPROC","baseline2","14","baselineBlockList","2","45",NA,NA,NA,NA,NA,NA,NA,NA,NA,NA,NA,NA,NA,NA,NA,NA,"1","1","1200","3","PINK","InCon","PC50","yellow","yellow","4",NA,"132017_baseline_StroopBas_run2_AudioRecord-43.wav","900","28","296397","2","300","296379","296399","296400","30","11",296680,"2","300","296400","296682","296682","13","132017_baseline_StroopBas_run2_AudioRecord-43.wav","11","296980","3","100","296683","296983","296984","14","11","297080","2","2000","296984","297082","297083","13","11","299080","-11","900","297083","299969","299969","0",NA,"10",NA,NA,NA,NA,NA,NA,NA,NA,NA,NA,NA,NA,37163
"StroopTrialPROC","baseline2","14","baselineBlockList","2","46",NA,NA,NA,NA,NA,NA,NA,NA,NA,NA,NA,NA,NA,NA,NA,NA,"1","3","3600","5","RED","InCon","MC","purple","purple","2",NA,"132017_baseline_StroopBas_run2_AudioRecord-44.wav","3300","27","299996","3","300","299978","299999","299999","30","11",300280,"1","300","300000","300281","300282","12","132017_baseline_StroopBas_run2_AudioRecord-44.wav","11","300580","3","100","300282","300583","300583","14","11","300680","2","2000","300583","300682","300682","13","10","302679","-10","3300","300683","305969","305969","0","10",NA,NA,NA,NA,NA,NA,NA,NA,NA,NA,NA,NA,NA,37163
"StroopTrialPROC","baseline2","14","baselineBlockList","2","47",NA,NA,NA,NA,NA,NA,NA,NA,NA,NA,NA,NA,NA,NA,NA,NA,"1","3","3600","5","YELLOW","Con","PC50","yellow","yellow","3",NA,"132017_baseline_StroopBas_run2_AudioRecord-45.wav","3300","27","305996","2","300","305975","305998","305998","29","10",306279,"2","300","305998","306281","306281","12","132017_baseline_StroopBas_run2_AudioRecord-45.wav","10","306579","3","100","306281","306582","306582","13","10","306679","2","2000","306582","306681","306681","12","9","308678","-9","3300","306682","311969","311969","0",NA,NA,"4",NA,NA,NA,NA,NA,NA,NA,NA,NA,NA,NA,37163
"StroopTrialPROC","baseline2","14","baselineBlockList","2","48",NA,NA,NA,NA,NA,NA,NA,NA,NA,NA,NA,NA,NA,NA,NA,NA,"1","3","3600","5","WHITE","Con","MC","white","white","1","3","132017_baseline_StroopBas_run2_AudioRecord-46.wav","3300","26","311995","2","300","311975","311997","311997","28","9",312278,"2","300","311997","312280","312280","11","132017_baseline_StroopBas_run2_AudioRecord-46.wav","9","312578","3","100","312280","312581","312581","12","9","312678","2","2000","312582","312680","312680","11","9","314678","-9","3300","312681","317969","317969","0",NA,NA,NA,NA,NA,NA,NA,NA,NA,NA,NA,NA,NA,NA,37163
"StroopTrialPROC","baseline2","14","baselineBlockList","2","49",NA,NA,NA,NA,NA,NA,NA,NA,NA,NA,NA,NA,NA,NA,NA,NA,"1","2","2400","4","PURPLE","Con","MC","purple","purple","1","4","132017_baseline_StroopBas_run2_AudioRecord-47.wav","2100","25","317994","2","300","317975","317996","317996","27","8",318277,"2","300","317996","318279","318279","10","132017_baseline_StroopBas_run2_AudioRecord-47.wav","8","318577","3","100","318279","318580","318580","11","8","318677","2","2000","318580","318679","318679","10","8","320677","-8","2100","318680","322769","322769","0",NA,NA,NA,NA,NA,NA,NA,NA,NA,NA,NA,NA,NA,NA,37163
"StroopTrialPROC","baseline2","14","baselineBlockList","2","50",NA,NA,NA,NA,NA,NA,NA,NA,NA,NA,NA,NA,NA,NA,NA,NA,"1","2","2400","4","BLUE","Con","MC","blue","blue","1","2","132017_baseline_StroopBas_run2_AudioRecord-48.wav","2100","24","322793","2","300","322776","322795","322795","26","7",323076,"2","300","322795","323078","323078","9","132017_baseline_StroopBas_run2_AudioRecord-48.wav","7","323376","3","100","323078","323379","323380","10","7","323476","2","2000","323380","323478","323479","9","7","325476","-7","2100","323479","327569","327569","0",NA,NA,NA,NA,NA,NA,NA,NA,NA,NA,NA,NA,NA,NA,37163
"StroopTrialPROC","baseline2","14","baselineBlockList","2","51",NA,NA,NA,NA,NA,NA,NA,NA,NA,NA,NA,NA,NA,NA,NA,NA,"1","1","1200","3","RED","Con","MC","red","red","1","1","132017_baseline_StroopBas_run2_AudioRecord-49.wav","900","23","327592","2","300","327575","327594","327595","25","6",327875,"2","300","327595","327877","327877","8","132017_baseline_StroopBas_run2_AudioRecord-49.wav","6","328175","3","100","327878","328178","328179","9","6","328275","3","2000","328179","328278","328278","9","6","330275","-6","900","328278","331169","331169","0",NA,NA,NA,NA,NA,NA,NA,NA,NA,NA,NA,NA,NA,NA,37163
"StroopTrialPROC","baseline2","14","baselineBlockList","2","52",NA,NA,NA,NA,NA,NA,NA,NA,NA,NA,NA,NA,NA,NA,NA,NA,"1","1","1200","3","BLACK","Con","PC50","black","black","3",NA,"132017_baseline_StroopBas_run2_AudioRecord-50.wav","900","23","331192","2","300","331184","331194","331194","25","6",331475,"1","300","331194","331476","331477","7","132017_baseline_StroopBas_run2_AudioRecord-50.wav","6","331775","3","100","331477","331778","331778","9","6","331875","2","2000","331778","331877","331877","8","5","333874","-5","900","331878","334769","334769","0",NA,NA,"3",NA,NA,NA,NA,NA,NA,NA,NA,NA,NA,NA,37163
"StroopTrialPROC","baseline2","14","baselineBlockList","2","53",NA,NA,NA,NA,NA,NA,NA,NA,NA,NA,NA,NA,NA,NA,NA,NA,"1","1","1200","3","WHITE","Con","MC","white","white","1","3","132017_baseline_StroopBas_run2_AudioRecord-51.wav","900","22","334791","2","300","334784","334793","334794","24","5",335074,"2","300","334794","335076","335076","7","132017_baseline_StroopBas_run2_AudioRecord-51.wav","5","335374","3","100","335077","335377","335378","8","5","335474","3","2000","335378","335477","335477","8","5","337474","-5","900","335477","338369","338369","0",NA,NA,NA,NA,NA,NA,NA,NA,NA,NA,NA,NA,NA,NA,37163
"StroopTrialPROC","baseline2","14","baselineBlockList","2","54",NA,NA,NA,NA,NA,NA,NA,NA,NA,NA,NA,NA,NA,NA,NA,NA,"1","3","3600","5","GREEN","InCon","PC50","black","black","4",NA,"132017_baseline_StroopBas_run2_AudioRecord-52.wav","3300","21","338390","3","300","338382","338393","338393","24","5",338674,"1","300","338393","338675","338676","6","132017_baseline_StroopBas_run2_AudioRecord-52.wav","5","338974","3","100","338676","338977","338977","8","5","339074","2","2000","338977","339076","339076","7","4","341073","-4","3300","339076","344369","344369","0",NA,"8",NA,NA,NA,NA,NA,NA,NA,NA,NA,NA,NA,NA,37163
"StroopTrialPROC","baseline2","14","baselineBlockList","2","55",NA,NA,NA,NA,NA,NA,NA,NA,NA,NA,NA,NA,NA,NA,NA,NA,"1","3","3600","5","WHITE","InCon","MC","purple","purple","2",NA,"132017_baseline_StroopBas_run2_AudioRecord-53.wav","3300","20","344389","3","300","344375","344392","344392","23","4",344673,"1","300","344392","344674","344675","5","132017_baseline_StroopBas_run2_AudioRecord-53.wav","4","344973","3","100","344675","344976","344976","7","4","345073","2","2000","344976","345075","345075","6","3","347072","-3","3300","345075","350369","350369","0","12",NA,NA,NA,NA,NA,NA,NA,NA,NA,NA,NA,NA,NA,37163
"StroopTrialPROC","baseline2","14","baselineBlockList","2","56",NA,NA,NA,NA,NA,NA,NA,NA,NA,NA,NA,NA,NA,NA,NA,NA,"1","2","2400","4","WHITE","Con","MC","white","white","1","3","132017_baseline_StroopBas_run2_AudioRecord-54.wav","2100","20","350389","2","300","350375","350391","350391","22","3",350672,"1","300","350392","350673","350674","4","132017_baseline_StroopBas_run2_AudioRecord-54.wav","3","350972","3","100","350674","350975","350975","6","3","351072","2","2000","350975","351074","351074","5","2","353071","-2","2100","351075","355169","355169","0",NA,NA,NA,NA,NA,NA,NA,NA,NA,NA,NA,NA,NA,NA,37163
"StroopTrialPROC","baseline2","14","baselineBlockList","2","57",NA,NA,NA,NA,NA,NA,NA,NA,NA,NA,NA,NA,NA,NA,NA,NA,"1","1","1200","3","BLUE","Con","MC","blue","blue","1","2","132017_baseline_StroopBas_run2_AudioRecord-55.wav","900","19","355188","2","300","355175","355190","355190","21","2",355471,"2","300","355190","355473","355473","4","132017_baseline_StroopBas_run2_AudioRecord-55.wav","2","355771","3","100","355473","355774","355774","5","2","355871","2","2000","355775","355873","355874","4","2","357871","-2","900","355874","358769","358769","0",NA,NA,NA,NA,NA,NA,NA,NA,NA,NA,NA,NA,NA,NA,37163
"StroopTrialPROC","baseline2","14","baselineBlockList","2","58",NA,NA,NA,NA,NA,NA,NA,NA,NA,NA,NA,NA,NA,NA,NA,NA,"1","3","3600","5","PURPLE","Con","MC","purple","purple","1","4","132017_baseline_StroopBas_run2_AudioRecord-56.wav","3300","52","358821","2","300","358805","358823","358823","54","1",359070,"2","300","358824","359072","359072","3","132017_baseline_StroopBas_run2_AudioRecord-56.wav","1","359370","3","100","359073","359373","359374","4","1","359470","3","2000","359374","359473","359473","4","1","361470","-1","3300","359473","364769","364769","0",NA,NA,NA,NA,NA,NA,NA,NA,NA,NA,NA,NA,NA,NA,37163
"StroopTrialPROC","baseline2","14","baselineBlockList","2","59",NA,NA,NA,NA,NA,NA,NA,NA,NA,NA,NA,NA,NA,NA,NA,NA,"1","2","2400","4","PURPLE","Con","MC","purple","purple","1","4","132017_baseline_StroopBas_run2_AudioRecord-57.wav","2100","17","364786","3","300","364775","364789","364789","20","1",365070,"1","300","364789","365071","365071","2","132017_baseline_StroopBas_run2_AudioRecord-57.wav","0","365369","3","100","365072","365372","365373","3","0","365469","3","2000","365373","365472","365472","3","0","367469","0","2100","365472","369569","369569","0",NA,NA,NA,NA,NA,NA,NA,NA,NA,NA,NA,NA,NA,NA,37163
"StroopTrialPROC","baseline2","14","baselineBlockList","2","60",NA,NA,NA,NA,NA,NA,NA,NA,NA,NA,NA,NA,NA,NA,NA,NA,"1","3","3600","5","PINK","Con","PC50","pink","255,105,180","3",NA,"132017_baseline_StroopBas_run2_AudioRecord-58.wav","3300","16","369585","3","300","369575","369588","369588","19","0",369869,"1","300","369588","369870","369871","1","132017_baseline_StroopBas_run2_AudioRecord-58.wav","0","370169","3","100","369871","370172","370172","3","0","370269","2","2000","370172","370271","370271","2","16","372285","-16","3300","370272","375569","375569","0",NA,NA,"1",NA,NA,NA,NA,NA,NA,NA,NA,NA,NA,NA,37163
"StroopTrialPROC","baseline2","14","baselineBlockList","2","61",NA,NA,NA,NA,NA,NA,NA,NA,NA,NA,NA,NA,NA,NA,NA,NA,"1","2","2400","4","PURPLE","InCon","MC","blue","blue","2",NA,"132017_baseline_StroopBas_run2_AudioRecord-59.wav","2100","32","375601","2","300","375589","375603","375604","34","15",375884,"2","300","375604","375886","375886","17","132017_baseline_StroopBas_run2_AudioRecord-59.wav","15","376184","3","100","375887","376187","376188","18","15","376284","3","2000","376188","376287","376287","18","15","378284","-15","2100","376287","380369","380369","0","6",NA,NA,NA,NA,NA,NA,NA,NA,NA,NA,NA,NA,NA,37163
"StroopTrialPROC","baseline2","14","baselineBlockList","2","62",NA,NA,NA,NA,NA,NA,NA,NA,NA,NA,NA,NA,NA,NA,NA,NA,"1","2","2400","4","WHITE","Con","MC","white","white","1","3","132017_baseline_StroopBas_run2_AudioRecord-60.wav","2100","15","380384","2","300","380376","380386","380387","17","15",380684,"1","300","380387","380685","380686","16","132017_baseline_StroopBas_run2_AudioRecord-60.wav","15","380984","3","100","380686","380987","380987","18","15","381084","2","2000","380987","381086","381086","17","14","383083","-14","2100","381087","385169","385169","0",NA,NA,NA,NA,NA,NA,NA,NA,NA,NA,NA,NA,NA,NA,37163
"StroopTrialPROC","baseline2","14","baselineBlockList","2","63",NA,NA,NA,NA,NA,NA,NA,NA,NA,NA,NA,NA,NA,NA,NA,NA,"1","2","2400","4","BLUE","Con","MC","blue","blue","1","2","132017_baseline_StroopBas_run2_AudioRecord-61.wav","2100","14","385183","3","300","385176","385186","385186","17","14",385483,"2","300","385186","385485","385485","16","132017_baseline_StroopBas_run2_AudioRecord-61.wav","14","385783","3","100","385485","385786","385786","17","14","385883","2","2000","385787","385885","385886","16","14","387883","-14","2100","385886","389969","389969","0",NA,NA,NA,NA,NA,NA,NA,NA,NA,NA,NA,NA,NA,NA,37163
"StroopTrialPROC","baseline2","14","baselineBlockList","2","64",NA,NA,NA,NA,NA,NA,NA,NA,NA,NA,NA,NA,NA,NA,NA,NA,"1","1","1200","3","BLACK","InCon","PC50","yellow","yellow","4",NA,"132017_baseline_StroopBas_run2_AudioRecord-62.wav","900","13","389982","3","300","389975","389985","389985","16","13",390282,"2","300","389985","390284","390284","15","132017_baseline_StroopBas_run2_AudioRecord-62.wav","13","390582","3","100","390284","390585","390585","16","13","390682","3","2000","390586","390685","390685","16","13","392682","-13","900","390685","393569","393569","0",NA,"12",NA,NA,NA,NA,NA,NA,NA,NA,NA,NA,NA,NA,37163
"StroopTrialPROC","baseline2","14","baselineBlockList","2","65",NA,NA,NA,NA,NA,NA,NA,NA,NA,NA,NA,NA,NA,NA,NA,NA,"1","3","3600","5","BLACK","Con","PC50","black","black","3",NA,"132017_baseline_StroopBas_run2_AudioRecord-63.wav","3300","179","393748","3","300","393723","393751","393752","182","13",393882,"1","300","393752","393883","393884","14","132017_baseline_StroopBas_run2_AudioRecord-63.wav","13","394182","3","100","393884","394185","394185","16","13","394282","2","2000","394185","394284","394284","15","12","396281","-12","3300","394284","399569","399569","0",NA,NA,"3",NA,NA,NA,NA,NA,NA,NA,NA,NA,NA,NA,37163
"StroopTrialPROC","baseline2","14","baselineBlockList","2","66",NA,NA,NA,NA,NA,NA,NA,NA,NA,NA,NA,NA,NA,NA,NA,NA,"1","1","1200","3","WHITE","Con","MC","white","white","1","3","132017_baseline_StroopBas_run2_AudioRecord-64.wav","900","28","399597","3","300","399575","399600","399600","31","12",399881,"1","300","399600","399882","399883","13","132017_baseline_StroopBas_run2_AudioRecord-64.wav","12","400181","3","100","399883","400184","400184","15","12","400281","2","2000","400184","400283","400284","14","11","402280","-11","900","400284","403169","403169","0",NA,NA,NA,NA,NA,NA,NA,NA,NA,NA,NA,NA,NA,NA,37163
"StroopTrialPROC","baseline2","14","baselineBlockList","2","67",NA,NA,NA,NA,NA,NA,NA,NA,NA,NA,NA,NA,NA,NA,NA,NA,"1","1","1200","3","BLUE","InCon","MC","white","white","2",NA,"132017_baseline_StroopBas_run2_AudioRecord-65.wav","900","28","403197","2","300","403179","403199","403199","30","11",403480,"2","300","403199","403482","403482","13","132017_baseline_StroopBas_run2_AudioRecord-65.wav","11","403780","3","100","403482","403783","403783","14","11","403880","2","2000","403784","403882","403883","13","11","405880","-11","900","403883","406769","406769","0","8",NA,NA,NA,NA,NA,NA,NA,NA,NA,NA,NA,NA,NA,37163
"StroopTrialPROC","baseline2","14","baselineBlockList","2","68",NA,NA,NA,NA,NA,NA,NA,NA,NA,NA,NA,NA,NA,NA,NA,NA,"1","3","3600","5","RED","Con","MC","red","red","1","1","132017_baseline_StroopBas_run2_AudioRecord-66.wav","3300","27","406796","2","300","406778","406798","406799","29","11",407080,"1","300","406799","407081","407081","12","132017_baseline_StroopBas_run2_AudioRecord-66.wav","11","407380","2","100","407082","407382","407383","13","10","407479","3","2000","407383","407482","407482","13","10","409479","-10","3300","407482","412769","412769","0",NA,NA,NA,NA,NA,NA,NA,NA,NA,NA,NA,NA,NA,NA,37163
"StroopTrialPROC","baseline2","14","baselineBlockList","2","69",NA,NA,NA,NA,NA,NA,NA,NA,NA,NA,NA,NA,NA,NA,NA,NA,"1","2","2400","4","PINK","InCon","PC50","green","green","4",NA,"132017_baseline_StroopBas_run2_AudioRecord-67.wav","2100","26","412795","2","300","412775","412797","412798","28","10",413079,"1","300","412798","413080","413080","11","132017_baseline_StroopBas_run2_AudioRecord-67.wav","10","413379","3","100","413081","413382","413382","13","10","413479","2","2000","413382","413481","413481","12","9","415478","-9","2100","413481","417569","417569","0",NA,"4",NA,NA,NA,NA,NA,NA,NA,NA,NA,NA,NA,NA,37163
"StroopTrialPROC","baseline2","14","baselineBlockList","2","70",NA,NA,NA,NA,NA,NA,NA,NA,NA,NA,NA,NA,NA,NA,NA,NA,"1","2","2400","4","RED","Con","MC","red","red","1","1","132017_baseline_StroopBas_run2_AudioRecord-68.wav","2100","26","417595","2","300","417575","417597","417597","28","9",417878,"2","300","417597","417880","417880","11","132017_baseline_StroopBas_run2_AudioRecord-68.wav","9","418178","3","100","417880","418181","418181","12","9","418278","2","2000","418181","418280","418280","11","8","420277","-8","2100","418281","422369","422369","0",NA,NA,NA,NA,NA,NA,NA,NA,NA,NA,NA,NA,NA,NA,37163
"StroopTrialPROC","baseline2","14","baselineBlockList","2","71",NA,NA,NA,NA,NA,NA,NA,NA,NA,NA,NA,NA,NA,NA,NA,NA,"1","1","1200","3","BLACK","InCon","PC50","pink","255,105,180","4",NA,"132017_baseline_StroopBas_run2_AudioRecord-69.wav","900","25","422394","2","300","422375","422396","422396","27","8",422677,"2","300","422396","422679","422679","10","132017_baseline_StroopBas_run2_AudioRecord-69.wav","8","422977","3","100","422679","422980","422980","11","8","423077","2","2000","422981","423079","423080","10","8","425077","-8","900","423080","425969","425969","0",NA,"2",NA,NA,NA,NA,NA,NA,NA,NA,NA,NA,NA,NA,37163
"StroopTrialPROC","baseline2","14","baselineBlockList","2","72",NA,NA,NA,NA,NA,NA,NA,NA,NA,NA,NA,NA,NA,NA,NA,NA,"1","3","3600","5","WHITE","InCon","MC","red","red","2",NA,"132017_baseline_StroopBas_run2_AudioRecord-70.wav","3300","24","425993","2","300","425976","425995","425996","26","8",426277,"1","300","425996","426278","426278","9","132017_baseline_StroopBas_run2_AudioRecord-70.wav","7","426576","4","100","426279","426580","426580","11","7","426676","3","2000","426580","426679","426679","10","7","428676","-7","3300","426679","431969","431969","0","2",NA,NA,NA,NA,NA,NA,NA,NA,NA,NA,NA,NA,NA,37163
"StroopTrialPROC","baseline2","14","baselineBlockList","2","73",NA,NA,NA,NA,NA,NA,NA,NA,NA,NA,NA,NA,NA,NA,NA,NA,"1","2","2400","4","YELLOW","InCon","PC50","green","green","4",NA,"132017_baseline_StroopBas_run2_AudioRecord-71.wav","2100","23","431992","2","300","431975","431994","431995","25","7",432276,"1","300","431995","432277","432277","8","132017_baseline_StroopBas_run2_AudioRecord-71.wav","7","432576","3","100","432278","432579","432579","10","7","432676","2","2000","432579","432678","432678","9","6","434675","-6","2100","432678","436769","436769","0",NA,"6",NA,NA,NA,NA,NA,NA,NA,NA,NA,NA,NA,NA,37163
"StroopTrialPROC","baseline2","14","baselineBlockList","2","74",NA,NA,NA,NA,NA,NA,NA,NA,NA,NA,NA,NA,NA,NA,NA,NA,"1","3","3600","5","GREEN","Con","PC50","green","green","3",NA,"132017_baseline_StroopBas_run2_AudioRecord-72.wav","3300","23","436792","2","300","436775","436794","436794","25","6",437075,"1","300","436794","437076","437077","7","132017_baseline_StroopBas_run2_AudioRecord-72.wav","6","437375","3","100","437077","437378","437378","9","6","437475","2","2000","437378","437477","437477","8","5","439474","-5","3300","437478","442769","442769","0",NA,NA,"2",NA,NA,NA,NA,NA,NA,NA,NA,NA,NA,NA,37163
"FixationGetReadyPROC","baseline2","15","baselineBlockList","2","75","22","442791","2","28400","442776","442793","442793","24","17","471186","2","1600","442793","471188","0","19",NA,NA,NA,NA,NA,NA,NA,NA,NA,NA,NA,NA,NA,NA,NA,NA,NA,NA,NA,NA,NA,NA,NA,NA,NA,NA,NA,NA,NA,NA,NA,NA,NA,NA,NA,NA,NA,NA,NA,NA,NA,NA,NA,NA,NA,NA,NA,NA,NA,NA,NA,NA,NA,NA,NA,NA,NA,NA,NA,NA,NA,NA,NA,NA,NA,NA,NA,NA,37163
"StroopTrialPROC","baseline2","16","baselineBlockList","2","76",NA,NA,NA,NA,NA,NA,NA,NA,NA,NA,NA,NA,NA,NA,NA,NA,"1","3","3600","5","YELLOW","Con","PC50","yellow","yellow","3",NA,"132017_baseline_StroopBas_run2_AudioRecord-73.wav","3300","0","472769","2","300","471190","472771","472772","2","0",473069,"2","300","472772","473071","473071","2","132017_baseline_StroopBas_run2_AudioRecord-73.wav","0","473369","3","100","473071","473372","473372","3","0","473469","2","2000","473373","473471","473472","2","0","475469","0","3300","473472","478769","478769","0",NA,NA,"4",NA,NA,NA,NA,NA,NA,NA,NA,NA,NA,NA,37163
"StroopTrialPROC","baseline2","16","baselineBlockList","2","77",NA,NA,NA,NA,NA,NA,NA,NA,NA,NA,NA,NA,NA,NA,NA,NA,"1","1","1200","3","RED","InCon","MC","purple","purple","2",NA,"132017_baseline_StroopBas_run2_AudioRecord-74.wav","900","16","478785","2","300","478776","478787","478788","18","16",479085,"2","300","478788","479087","479087","18","132017_baseline_StroopBas_run2_AudioRecord-74.wav","16","479385","3","100","479087","479388","479388","19","16","479485","2","2000","479388","479487","479487","18","15","481484","-15","900","479488","482369","482369","0","10",NA,NA,NA,NA,NA,NA,NA,NA,NA,NA,NA,NA,NA,37163
"StroopTrialPROC","baseline2","16","baselineBlockList","2","78",NA,NA,NA,NA,NA,NA,NA,NA,NA,NA,NA,NA,NA,NA,NA,NA,"1","3","3600","5","PURPLE","Con","MC","purple","purple","1","4","132017_baseline_StroopBas_run2_AudioRecord-75.wav","3300","32","482401","3","300","482383","482404","482404","35","15",482684,"2","300","482404","482686","482686","17","132017_baseline_StroopBas_run2_AudioRecord-75.wav","15","482984","3","100","482686","482987","482988","18","15","483084","3","2000","482988","483087","483087","18","15","485084","-15","3300","483087","488369","488369","0",NA,NA,NA,NA,NA,NA,NA,NA,NA,NA,NA,NA,NA,NA,37163
"StroopTrialPROC","baseline2","16","baselineBlockList","2","79",NA,NA,NA,NA,NA,NA,NA,NA,NA,NA,NA,NA,NA,NA,NA,NA,"1","2","2400","4","PURPLE","Con","MC","purple","purple","1","4","132017_baseline_StroopBas_run2_AudioRecord-76.wav","2100","14","488383","3","300","488375","488386","488386","17","14",488683,"2","300","488386","488685","488685","16","132017_baseline_StroopBas_run2_AudioRecord-76.wav","14","488983","3","100","488685","488986","488987","17","14","489083","2","2000","488987","489085","489086","16","14","491083","-14","2100","489086","493169","493169","0",NA,NA,NA,NA,NA,NA,NA,NA,NA,NA,NA,NA,NA,NA,37163
"StroopTrialPROC","baseline2","16","baselineBlockList","2","80",NA,NA,NA,NA,NA,NA,NA,NA,NA,NA,NA,NA,NA,NA,NA,NA,"1","2","2400","4","GREEN","InCon","PC50","black","black","4",NA,"132017_baseline_StroopBas_run2_AudioRecord-77.wav","2100","14","493183","2","300","493175","493185","493185","16","14",493483,"1","300","493186","493484","493484","15","132017_baseline_StroopBas_run2_AudioRecord-77.wav","14","493783","3","100","493485","493786","493786","17","13","493882","3","2000","493786","493885","493885","16","13","495882","-13","2100","493885","497969","497969","0",NA,"8",NA,NA,NA,NA,NA,NA,NA,NA,NA,NA,NA,NA,37163
"StroopTrialPROC","baseline2","16","baselineBlockList","2","81",NA,NA,NA,NA,NA,NA,NA,NA,NA,NA,NA,NA,NA,NA,NA,NA,"1","2","2400","4","BLACK","InCon","PC50","pink","255,105,180","4",NA,"132017_baseline_StroopBas_run2_AudioRecord-78.wav","2100","30","497999","2","300","497975","498001","498001","32","13",498282,"1","300","498001","498283","498284","14","132017_baseline_StroopBas_run2_AudioRecord-78.wav","13","498582","3","100","498284","498585","498585","16","13","498682","2","2000","498585","498684","498684","15","12","500681","-12","2100","498685","502769","502769","0",NA,"2",NA,NA,NA,NA,NA,NA,NA,NA,NA,NA,NA,NA,37163
"StroopTrialPROC","baseline2","16","baselineBlockList","2","82",NA,NA,NA,NA,NA,NA,NA,NA,NA,NA,NA,NA,NA,NA,NA,NA,"1","2","2400","4","WHITE","Con","MC","white","white","1","3","132017_baseline_StroopBas_run2_AudioRecord-79.wav","2100","29","502798","2","300","502775","502800","502800","31","12",503081,"2","300","502800","503083","503083","14","132017_baseline_StroopBas_run2_AudioRecord-79.wav","12","503381","3","100","503083","503384","503384","15","12","503481","2","2000","503385","503483","503484","14","12","505481","-12","2100","503484","507569","507569","0",NA,NA,NA,NA,NA,NA,NA,NA,NA,NA,NA,NA,NA,NA,37163
"StroopTrialPROC","baseline2","16","baselineBlockList","2","83",NA,NA,NA,NA,NA,NA,NA,NA,NA,NA,NA,NA,NA,NA,NA,NA,"1","1","1200","3","BLACK","Con","PC50","black","black","3",NA,"132017_baseline_StroopBas_run2_AudioRecord-80.wav","900","28","507597","2","300","507576","507599","507600","30","11",507880,"2","300","507600","507882","507882","13","132017_baseline_StroopBas_run2_AudioRecord-80.wav","11","508180","3","100","507883","508183","508184","14","11","508280","3","2000","508184","508283","508283","14","11","510280","-11","900","508283","511169","511169","0",NA,NA,"3",NA,NA,NA,NA,NA,NA,NA,NA,NA,NA,NA,37163
"StroopTrialPROC","baseline2","16","baselineBlockList","2","84",NA,NA,NA,NA,NA,NA,NA,NA,NA,NA,NA,NA,NA,NA,NA,NA,"1","1","1200","3","BLUE","Con","MC","blue","blue","1","2","132017_baseline_StroopBas_run2_AudioRecord-81.wav","900","27","511196","3","300","511179","511199","511199","30","11",511480,"1","300","511199","511481","511482","12","132017_baseline_StroopBas_run2_AudioRecord-81.wav","11","511780","3","100","511482","511783","511783","14","11","511880","2","2000","511783","511882","511882","13","10","513879","-10","900","511882","514769","514769","0",NA,NA,NA,NA,NA,NA,NA,NA,NA,NA,NA,NA,NA,NA,37163
"StroopTrialPROC","baseline2","16","baselineBlockList","2","85",NA,NA,NA,NA,NA,NA,NA,NA,NA,NA,NA,NA,NA,NA,NA,NA,"1","1","1200","3","PINK","InCon","PC50","green","green","4",NA,"132017_baseline_StroopBas_run2_AudioRecord-82.wav","900","27","514796","2","300","514778","514798","514798","29","10",515079,"2","300","514798","515081","515081","12","132017_baseline_StroopBas_run2_AudioRecord-82.wav","10","515379","3","100","515081","515382","515383","13","10","515479","2","2000","515383","515481","515482","12","10","517479","-10","900","515482","518369","518369","0",NA,"4",NA,NA,NA,NA,NA,NA,NA,NA,NA,NA,NA,NA,37163
"StroopTrialPROC","baseline2","16","baselineBlockList","2","86",NA,NA,NA,NA,NA,NA,NA,NA,NA,NA,NA,NA,NA,NA,NA,NA,"1","3","3600","5","BLACK","InCon","PC50","yellow","yellow","4",NA,"132017_baseline_StroopBas_run2_AudioRecord-83.wav","3300","26","518395","2","300","518378","518397","518398","28","10",518679,"2","300","518398","518681","518681","12","132017_baseline_StroopBas_run2_AudioRecord-83.wav","10","518979","3","100","518681","518982","518982","13","10","519079","2","2000","518982","519081","519081","12","9","521078","-9","3300","519081","524369","524369","0",NA,"12",NA,NA,NA,NA,NA,NA,NA,NA,NA,NA,NA,NA,37163
"StroopTrialPROC","baseline2","16","baselineBlockList","2","87",NA,NA,NA,NA,NA,NA,NA,NA,NA,NA,NA,NA,NA,NA,NA,NA,"1","3","3600","5","BLUE","Con","MC","blue","blue","1","2","132017_baseline_StroopBas_run2_AudioRecord-84.wav","3300","25","524394","3","300","524375","524397","524397","28","9",524678,"1","300","524397","524679","524679","10","132017_baseline_StroopBas_run2_AudioRecord-84.wav","9","524978","3","100","524680","524981","524981","12","9","525078","2","2000","524981","525080","525080","11","8","527077","-8","3300","525080","530369","530369","0",NA,NA,NA,NA,NA,NA,NA,NA,NA,NA,NA,NA,NA,NA,37163
"StroopTrialPROC","baseline2","16","baselineBlockList","2","88",NA,NA,NA,NA,NA,NA,NA,NA,NA,NA,NA,NA,NA,NA,NA,NA,"1","1","1200","3","RED","Con","MC","red","red","1","1","132017_baseline_StroopBas_run2_AudioRecord-85.wav","900","24","530393","3","300","530375","530396","530396","27","8",530677,"1","300","530396","530678","530679","9","132017_baseline_StroopBas_run2_AudioRecord-85.wav","8","530977","3","100","530679","530980","530980","11","8","531077","2","2000","530980","531079","531079","10","7","533076","-7","900","531079","533969","533969","0",NA,NA,NA,NA,NA,NA,NA,NA,NA,NA,NA,NA,NA,NA,37163
"StroopTrialPROC","baseline2","16","baselineBlockList","2","89",NA,NA,NA,NA,NA,NA,NA,NA,NA,NA,NA,NA,NA,NA,NA,NA,"1","3","3600","5","YELLOW","InCon","PC50","green","green","4",NA,"132017_baseline_StroopBas_run2_AudioRecord-86.wav","3300","24","533993","2","300","533976","533995","533995","26","7",534276,"2","300","533995","534278","534278","9","132017_baseline_StroopBas_run2_AudioRecord-86.wav","7","534576","3","100","534278","534579","534579","10","7","534676","2","2000","534580","534678","534679","9","7","536676","-7","3300","534679","539969","539969","0",NA,"6",NA,NA,NA,NA,NA,NA,NA,NA,NA,NA,NA,NA,37163
"StroopTrialPROC","baseline2","16","baselineBlockList","2","90",NA,NA,NA,NA,NA,NA,NA,NA,NA,NA,NA,NA,NA,NA,NA,NA,"1","2","2400","4","WHITE","Con","MC","white","white","1","3","132017_baseline_StroopBas_run2_AudioRecord-87.wav","2100","23","539992","2","300","539975","539994","539994","25","6",540275,"2","300","539995","540277","540277","8","132017_baseline_StroopBas_run2_AudioRecord-87.wav","6","540575","3","100","540277","540578","540579","9","6","540675","2","2000","540579","540677","540678","8","6","542675","-6","2100","540678","544769","544769","0",NA,NA,NA,NA,NA,NA,NA,NA,NA,NA,NA,NA,NA,NA,37163
"StroopTrialPROC","baseline2","16","baselineBlockList","2","91",NA,NA,NA,NA,NA,NA,NA,NA,NA,NA,NA,NA,NA,NA,NA,NA,"1","1","1200","3","RED","InCon","MC","blue","blue","2",NA,"132017_baseline_StroopBas_run2_AudioRecord-88.wav","900","22","544791","2","300","544775","544793","544794","24","5",545074,"2","300","544794","545076","545076","7","132017_baseline_StroopBas_run2_AudioRecord-88.wav","5","545374","3","100","545077","545377","545378","8","5","545474","3","2000","545378","545477","545477","8","5","547474","-5","900","545477","548369","548369","0","4",NA,NA,NA,NA,NA,NA,NA,NA,NA,NA,NA,NA,NA,37163
"StroopTrialPROC","baseline2","16","baselineBlockList","2","92",NA,NA,NA,NA,NA,NA,NA,NA,NA,NA,NA,NA,NA,NA,NA,NA,"1","2","2400","4","BLACK","Con","PC50","black","black","3",NA,"132017_baseline_StroopBas_run2_AudioRecord-89.wav","2100","22","548391","2","300","548383","548393","548393","24","5",548674,"1","300","548393","548675","548676","6","132017_baseline_StroopBas_run2_AudioRecord-89.wav","5","548974","3","100","548676","548977","548977","8","5","549074","2","2000","548977","549076","549076","7","4","551073","-4","2100","549077","553169","553169","0",NA,NA,"3",NA,NA,NA,NA,NA,NA,NA,NA,NA,NA,NA,37163
"StroopTrialPROC","baseline2","16","baselineBlockList","2","93",NA,NA,NA,NA,NA,NA,NA,NA,NA,NA,NA,NA,NA,NA,NA,NA,"1","2","2400","4","GREEN","Con","PC50","green","green","3",NA,"132017_baseline_StroopBas_run2_AudioRecord-90.wav","2100","21","553190","2","300","553176","553192","553192","23","4",553473,"2","300","553192","553475","553475","6","132017_baseline_StroopBas_run2_AudioRecord-90.wav","4","553773","3","100","553475","553776","553776","7","4","553873","2","2000","553777","553875","553876","6","4","555873","-4","2100","553876","557969","557969","0",NA,NA,"2",NA,NA,NA,NA,NA,NA,NA,NA,NA,NA,NA,37163
"StroopTrialPROC","baseline2","16","baselineBlockList","2","94",NA,NA,NA,NA,NA,NA,NA,NA,NA,NA,NA,NA,NA,NA,NA,NA,"1","2","2400","4","RED","Con","MC","red","red","1","1","132017_baseline_StroopBas_run2_AudioRecord-91.wav","2100","20","557989","2","300","557975","557991","557992","22","3",558272,"2","300","557992","558274","558274","5","132017_baseline_StroopBas_run2_AudioRecord-91.wav","3","558572","3","100","558274","558575","558576","6","3","558672","3","2000","558576","558675","558675","6","3","560672","-3","2100","558675","562769","562769","0",NA,NA,NA,NA,NA,NA,NA,NA,NA,NA,NA,NA,NA,NA,37163
"StroopTrialPROC","baseline2","16","baselineBlockList","2","95",NA,NA,NA,NA,NA,NA,NA,NA,NA,NA,NA,NA,NA,NA,NA,NA,"1","1","1200","3","WHITE","Con","MC","white","white","1","3","132017_baseline_StroopBas_run2_AudioRecord-92.wav","900","19","562788","2","300","562775","562790","562791","21","3",563072,"1","300","562791","563073","563074","4","132017_baseline_StroopBas_run2_AudioRecord-92.wav","3","563372","3","100","563074","563375","563375","6","3","563472","2","2000","563375","563474","563474","5","2","565471","-2","900","563474","566369","566369","0",NA,NA,NA,NA,NA,NA,NA,NA,NA,NA,NA,NA,NA,NA,37163
"StroopTrialPROC","baseline2","16","baselineBlockList","2","96",NA,NA,NA,NA,NA,NA,NA,NA,NA,NA,NA,NA,NA,NA,NA,NA,"1","1","1200","3","PURPLE","Con","MC","purple","purple","1","4","132017_baseline_StroopBas_run2_AudioRecord-93.wav","900","35","566404","3","300","566381","566407","566407","38","2",566671,"2","300","566407","566673","566673","4","132017_baseline_StroopBas_run2_AudioRecord-93.wav","2","566971","3","100","566673","566974","566974","5","2","567071","2","2000","566974","567073","567074","4","2","569071","-2","900","567074","569969","569969","0",NA,NA,NA,NA,NA,NA,NA,NA,NA,NA,NA,NA,NA,NA,37163
"StroopTrialPROC","baseline2","16","baselineBlockList","2","97",NA,NA,NA,NA,NA,NA,NA,NA,NA,NA,NA,NA,NA,NA,NA,NA,"1","3","3600","5","PINK","Con","PC50","pink","255,105,180","3",NA,"132017_baseline_StroopBas_run2_AudioRecord-94.wav","3300","18","569987","3","300","569980","569990","569990","21","1",570270,"2","300","569990","570272","570272","3","132017_baseline_StroopBas_run2_AudioRecord-94.wav","1","570570","3","100","570273","570573","570574","4","1","570670","3","2000","570574","570673","570673","4","1","572670","-1","3300","570673","575969","575969","0",NA,NA,"1",NA,NA,NA,NA,NA,NA,NA,NA,NA,NA,NA,37163
"StroopTrialPROC","baseline2","16","baselineBlockList","2","98",NA,NA,NA,NA,NA,NA,NA,NA,NA,NA,NA,NA,NA,NA,NA,NA,"1","3","3600","5","PINK","Con","PC50","pink","255,105,180","3",NA,"132017_baseline_StroopBas_run2_AudioRecord-95.wav","3300","17","575986","3","300","575975","575989","575989","20","0",576269,"2","300","575989","576271","576271","2","132017_baseline_StroopBas_run2_AudioRecord-95.wav","0","576569","4","100","576272","576573","576573","4","0","576669","3","2000","576573","576672","576672","3","0","578669","0","3300","576672","581969","581969","0",NA,NA,"1",NA,NA,NA,NA,NA,NA,NA,NA,NA,NA,NA,37163
"StroopTrialPROC","baseline2","16","baselineBlockList","2","99",NA,NA,NA,NA,NA,NA,NA,NA,NA,NA,NA,NA,NA,NA,NA,NA,"1","3","3600","5","RED","Con","MC","red","red","1","1","132017_baseline_StroopBas_run2_AudioRecord-96.wav","3300","16","581985","3","300","581975","581988","581988","19","16",582285,"2","300","581988","582287","582287","18","132017_baseline_StroopBas_run2_AudioRecord-96.wav","16","582585","3","100","582287","582588","582589","19","16","582685","2","2000","582589","582687","582688","18","16","584685","-16","3300","582688","587969","587969","0",NA,NA,NA,NA,NA,NA,NA,NA,NA,NA,NA,NA,NA,NA,37163
"StroopTrialPROC","baseline2","16","baselineBlockList","2","100",NA,NA,NA,NA,NA,NA,NA,NA,NA,NA,NA,NA,NA,NA,NA,NA,"1","2","2400","4","WHITE","InCon","MC","purple","purple","2",NA,"132017_baseline_StroopBas_run2_AudioRecord-97.wav","2100","15","587984","3","300","587975","587987","587987","18","15",588284,"2","300","587987","588286","588286","17","132017_baseline_StroopBas_run2_AudioRecord-97.wav","15","588584","3","100","588286","588587","588587","18","15","588684","2","2000","588588","588686","588687","17","15","590684","-15","2100","588687","592769","592769","0","12",NA,NA,NA,NA,NA,NA,NA,NA,NA,NA,NA,NA,NA,37163
"StroopTrialPROC","baseline2","16","baselineBlockList","2","101",NA,NA,NA,NA,NA,NA,NA,NA,NA,NA,NA,NA,NA,NA,NA,NA,"1","1","1200","3","PURPLE","InCon","MC","blue","blue","2",NA,"132017_baseline_StroopBas_run2_AudioRecord-98.wav","900","15","592784","2","300","592775","592786","592786","17","14",593083,"2","300","592786","593085","593085","16","132017_baseline_StroopBas_run2_AudioRecord-98.wav","14","593383","3","100","593086","593386","593387","17","14","593483","3","2000","593387","593486","593486","17","14","595483","-14","900","593486","596369","596369","0","6",NA,NA,NA,NA,NA,NA,NA,NA,NA,NA,NA,NA,NA,37163
"StroopTrialPROC","baseline2","16","baselineBlockList","2","102",NA,NA,NA,NA,NA,NA,NA,NA,NA,NA,NA,NA,NA,NA,NA,NA,"1","2","2400","4","BLUE","Con","MC","blue","blue","1","2","132017_baseline_StroopBas_run2_AudioRecord-99.wav","2100","31","596400","2","300","596382","596402","596402","33","14",596683,"2","300","596402","596685","596685","16","132017_baseline_StroopBas_run2_AudioRecord-99.wav","14","596983","3","100","596685","596986","596986","17","14","597083","2","2000","596987","597085","597085","16","14","599083","-14","2100","597086","601169","601169","0",NA,NA,NA,NA,NA,NA,NA,NA,NA,NA,NA,NA,NA,NA,37163
"StroopTrialPROC","baseline2","16","baselineBlockList","2","103",NA,NA,NA,NA,NA,NA,NA,NA,NA,NA,NA,NA,NA,NA,NA,NA,"1","2","2400","4","PURPLE","Con","MC","purple","purple","1","4","132017_baseline_StroopBas_run2_AudioRecord-100.wav","2100","30","601199","2","300","601176","601201","601201","32","13",601482,"2","300","601202","601484","601484","15","132017_baseline_StroopBas_run2_AudioRecord-100.wav","13","601782","3","100","601484","601785","601785","16","13","601882","2","2000","601786","601884","601885","15","13","603882","-13","2100","601885","605969","605969","0",NA,NA,NA,NA,NA,NA,NA,NA,NA,NA,NA,NA,NA,NA,37163
"StroopTrialPROC","baseline2","16","baselineBlockList","2","104",NA,NA,NA,NA,NA,NA,NA,NA,NA,NA,NA,NA,NA,NA,NA,NA,"1","3","3600","5","WHITE","Con","MC","white","white","1","3","132017_baseline_StroopBas_run2_AudioRecord-101.wav","3300","29","605998","2","300","605975","606000","606001","31","12",606281,"2","300","606001","606283","606283","14","132017_baseline_StroopBas_run2_AudioRecord-101.wav","12","606581","3","100","606284","606584","606585","15","12","606681","3","2000","606585","606684","606684","15","12","608681","-12","3300","606684","611969","611969","0",NA,NA,NA,NA,NA,NA,NA,NA,NA,NA,NA,NA,NA,NA,37163
"StroopTrialPROC","baseline2","16","baselineBlockList","2","105",NA,NA,NA,NA,NA,NA,NA,NA,NA,NA,NA,NA,NA,NA,NA,NA,"1","3","3600","5","PINK","InCon","PC50","yellow","yellow","4",NA,"132017_baseline_StroopBas_run2_AudioRecord-102.wav","3300","28","611997","3","300","611975","612000","612000","31","11",612280,"2","300","612000","612282","612282","13","132017_baseline_StroopBas_run2_AudioRecord-102.wav","11","612580","3","100","612283","612583","612584","14","11","612680","3","2000","612584","612683","612683","14","11","614680","-11","3300","612683","617969","617969","0",NA,"10",NA,NA,NA,NA,NA,NA,NA,NA,NA,NA,NA,NA,37163
"StroopTrialPROC","baseline2","16","baselineBlockList","2","106",NA,NA,NA,NA,NA,NA,NA,NA,NA,NA,NA,NA,NA,NA,NA,NA,"1","3","3600","5","BLUE","InCon","MC","white","white","2",NA,"132017_baseline_StroopBas_run2_AudioRecord-103.wav","3300","27","617996","2","300","617975","617998","617999","29","10",618279,"2","300","617999","618281","618281","12","132017_baseline_StroopBas_run2_AudioRecord-103.wav","10","618579","3","100","618282","618582","618583","13","10","618679","3","2000","618583","618682","618682","13","10","620679","-10","3300","618682","623969","623969","0","8",NA,NA,NA,NA,NA,NA,NA,NA,NA,NA,NA,NA,NA,37163
"StroopTrialPROC","baseline2","16","baselineBlockList","2","107",NA,NA,NA,NA,NA,NA,NA,NA,NA,NA,NA,NA,NA,NA,NA,NA,"1","1","1200","3","RED","Con","MC","red","red","1","1","132017_baseline_StroopBas_run2_AudioRecord-104.wav","900","60","624029","2","300","624003","624031","624031","62","10",624279,"1","300","624032","624280","624280","11","132017_baseline_StroopBas_run2_AudioRecord-104.wav","10","624579","3","100","624281","624582","624582","13","9","624678","3","2000","624582","624681","624681","12","9","626678","-9","900","624682","627569","627569","0",NA,NA,NA,NA,NA,NA,NA,NA,NA,NA,NA,NA,NA,NA,37163
"StroopTrialPROC","baseline2","16","baselineBlockList","2","108",NA,NA,NA,NA,NA,NA,NA,NA,NA,NA,NA,NA,NA,NA,NA,NA,"1","2","2400","4","WHITE","Con","MC","white","white","1","3","132017_baseline_StroopBas_run2_AudioRecord-105.wav","2100","26","627595","2","300","627577","627597","627597","28","9",627878,"2","300","627597","627880","627880","11","132017_baseline_StroopBas_run2_AudioRecord-105.wav","9","628178","3","100","627880","628181","628181","12","9","628278","2","2000","628181","628280","628281","11","9","630278","-9","2100","628281","632369","632369","0",NA,NA,NA,NA,NA,NA,NA,NA,NA,NA,NA,NA,NA,NA,37163
"StroopTrialPROC","baseline2","16","baselineBlockList","2","109",NA,NA,NA,NA,NA,NA,NA,NA,NA,NA,NA,NA,NA,NA,NA,NA,"1","3","3600","5","RED","Con","MC","red","red","1","1","132017_baseline_StroopBas_run2_AudioRecord-106.wav","3300","25","632394","2","300","632375","632396","632396","27","8",632677,"2","300","632397","632679","632679","10","132017_baseline_StroopBas_run2_AudioRecord-106.wav","8","632977","3","100","632679","632980","632981","11","8","633077","2","2000","632981","633079","633080","10","8","635077","-8","3300","633080","638369","638369","0",NA,NA,NA,NA,NA,NA,NA,NA,NA,NA,NA,NA,NA,NA,37163
"StroopTrialPROC","baseline2","16","baselineBlockList","2","110",NA,NA,NA,NA,NA,NA,NA,NA,NA,NA,NA,NA,NA,NA,NA,NA,"1","1","1200","3","BLUE","Con","MC","blue","blue","1","2","132017_baseline_StroopBas_run2_AudioRecord-107.wav","900","41","638410","2","300","638393","638412","638412","43","7",638676,"2","300","638412","638678","638678","9","132017_baseline_StroopBas_run2_AudioRecord-107.wav","7","638976","3","100","638678","638979","638980","10","7","639076","2","2000","638980","639078","639079","9","7","641076","-7","900","639079","641969","641969","0",NA,NA,NA,NA,NA,NA,NA,NA,NA,NA,NA,NA,NA,NA,37163
"StroopTrialPROC","baseline2","16","baselineBlockList","2","111",NA,NA,NA,NA,NA,NA,NA,NA,NA,NA,NA,NA,NA,NA,NA,NA,"1","1","1200","3","WHITE","InCon","MC","red","red","2",NA,"132017_baseline_StroopBas_run2_AudioRecord-108.wav","900","40","642009","3","300","641986","642012","642012","43","7",642276,"1","300","642012","642277","642278","8","132017_baseline_StroopBas_run2_AudioRecord-108.wav","7","642576","3","100","642278","642579","642579","10","7","642676","2","2000","642579","642678","642678","9","6","644675","-6","900","642679","645569","645569","0","2",NA,NA,NA,NA,NA,NA,NA,NA,NA,NA,NA,NA,NA,37163
"FixationOnlyPROC","baseline2","17","baselineBlockList","2","112",NA,NA,NA,NA,NA,NA,NA,NA,NA,NA,NA,NA,NA,NA,NA,NA,NA,NA,NA,NA,NA,NA,NA,NA,NA,NA,NA,NA,NA,NA,NA,NA,NA,NA,NA,NA,NA,NA,NA,NA,NA,NA,NA,NA,NA,NA,NA,NA,NA,NA,NA,NA,NA,NA,NA,NA,NA,NA,NA,NA,NA,NA,NA,NA,NA,NA,NA,NA,NA,NA,NA,NA,NA,"23","645592","2","30000","645584","645594","645595","25",NA,NA,NA,37163
"PausePROC","baseline2","18","baselineBlockList","2","113",NA,NA,NA,NA,NA,NA,NA,NA,NA,NA,NA,NA,NA,NA,NA,NA,NA,NA,NA,NA,NA,NA,NA,NA,NA,NA,NA,NA,NA,NA,NA,NA,NA,NA,NA,NA,NA,NA,NA,NA,NA,NA,NA,NA,NA,NA,NA,NA,NA,NA,NA,NA,NA,NA,NA,NA,NA,NA,NA,NA,NA,NA,NA,NA,NA,NA,NA,NA,NA,NA,NA,NA,NA,NA,NA,NA,NA,NA,NA,NA,NA,"1","675570","645596",37163
