"Procedure","RunNumberFilterValue","reactiveBlockList","Running","reactiveBlockList.Cycle","reactiveBlockList.Sample","Fixation.OnsetDelay","Fixation.OnsetTime","Fixation.DurationError","Fixation.Duration","Fixation.StartTime","Fixation.OffsetTime","Fixation.FinishTime","Fixation.OffsetDelay","getready.OnsetDelay","getready.OnsetTime","getready.DurationError","getready.Duration","getready.StartTime","getready.OffsetTime","getready.CustomOffsetTime","getready.OffsetDelay","ID","ITI","ms","TRs","Stim","TrialType","LWPC","Correct","Color","REA2SamplingList","MiInConRea2","CustomCaptureFilename","ShortenedISI","PreISIfix.OnsetDelay","PreISIfix.OnsetTime","PreISIfix.DurationError","PreISIfix.Duration","PreISIfix.StartTime","PreISIfix.OffsetTime","PreISIfix.FinishTime","PreISIfix.OffsetDelay","Flicker.OnsetDelay","Flicker.OnsetTime","Flicker.DurationError","Flicker.Duration","Flicker.StartTime","Flicker.OffsetTime","Flicker.FinishTime","Flicker.OffsetDelay","AudioRecordSoundIn1.Filename","AudioRecord.OnsetDelay","AudioRecord.OnsetTime","AudioRecord.DurationError","AudioRecord.Duration","AudioRecord.StartTime","AudioRecord.OffsetTime","AudioRecord.FinishTime","AudioRecord.OffsetDelay","Stimuli.OnsetDelay","Stimuli.OnsetTime","Stimuli.DurationError","Stimuli.Duration","Stimuli.StartTime","Stimuli.OffsetTime","Stimuli.FinishTime","Stimuli.OffsetDelay","ISIfix.OnsetDelay","ISIfix.OnsetTime","ISIfix.DurationError","ISIfix.Duration","ISIfix.StartTime","ISIfix.OffsetTime","ISIfix.FinishTime","ISIfix.OffsetDelay","PC50InConRea2","MiConRea2","McConRea2","PC50ConRea2","FixationFinal.OnsetDelay","FixationFinal.OnsetTime","FixationFinal.DurationError","FixationFinal.Duration","FixationFinal.StartTime","FixationFinal.OffsetTime","FixationFinal.FinishTime","FixationFinal.OffsetDelay","InstHalfway.OnsetDelay","InstHalfway.OnsetTime","InstHalfway.StartTime","scanstart.RTTime"
"FixationGetReadyPROC","reactive2","11","reactiveBlockList","2","1","16","28702","2","28400","28687","28704","28704","18","11","57097","3","1600","28705","57100","0","14",NA,NA,NA,NA,NA,NA,NA,NA,NA,NA,NA,NA,NA,NA,NA,NA,NA,NA,NA,NA,NA,NA,NA,NA,NA,NA,NA,NA,NA,NA,NA,NA,NA,NA,NA,NA,NA,NA,NA,NA,NA,NA,NA,NA,NA,NA,NA,NA,NA,NA,NA,NA,NA,NA,NA,NA,NA,NA,NA,NA,NA,NA,NA,NA,NA,NA,NA,NA,NA,28676
"StroopTrialPROC","reactive2","12","reactiveBlockList","2","2",NA,NA,NA,NA,NA,NA,NA,NA,NA,NA,NA,NA,NA,NA,NA,NA,"1","2","2400","4","BLUE","InCon","MI","purple","purple","1","5","132017_reactive_StroopRea_run2_AudioRecord-1.wav","2100","11","58697","2","300","57101","58699","58700","13","11",58997,"2","300","58700","58999","58999","13","132017_reactive_StroopRea_run2_AudioRecord-1.wav","11","59297","3","100","58999","59300","59300","14","11","59397","2","2000","59301","59399","59400","13","11","61397","-11","2100","59400","63486","63486","0",NA,NA,NA,NA,NA,NA,NA,NA,NA,NA,NA,NA,NA,NA,NA,28676
"StroopTrialPROC","reactive2","12","reactiveBlockList","2","3",NA,NA,NA,NA,NA,NA,NA,NA,NA,NA,NA,NA,NA,NA,NA,NA,"1","2","2400","4","YELLOW","InCon","PC50","pink","255,105,180","4",NA,"132017_reactive_StroopRea_run2_AudioRecord-2.wav","2100","44","63530","2","300","63513","63532","63532","46","10",63796,"2","300","63532","63798","63798","12","132017_reactive_StroopRea_run2_AudioRecord-2.wav","10","64096","3","100","63799","64099","64100","13","10","64196","3","2000","64100","64199","64199","13","10","66196","-10","2100","64199","68286","68286","0","9",NA,NA,NA,NA,NA,NA,NA,NA,NA,NA,NA,NA,NA,NA,28676
"StroopTrialPROC","reactive2","12","reactiveBlockList","2","4",NA,NA,NA,NA,NA,NA,NA,NA,NA,NA,NA,NA,NA,NA,NA,NA,"1","2","2400","4","PURPLE","Con","MI","purple","purple","2",NA,"132017_reactive_StroopRea_run2_AudioRecord-3.wav","2100","43","68329","2","300","68314","68331","68332","45","10",68596,"1","300","68332","68597","68598","11","132017_reactive_StroopRea_run2_AudioRecord-3.wav","10","68896","2","100","68598","68898","68899","12","10","68996","2","2000","68899","68998","68998","12","9","70995","-9","2100","68998","73086","73086","0",NA,"2",NA,NA,NA,NA,NA,NA,NA,NA,NA,NA,NA,NA,NA,28676
"StroopTrialPROC","reactive2","12","reactiveBlockList","2","5",NA,NA,NA,NA,NA,NA,NA,NA,NA,NA,NA,NA,NA,NA,NA,NA,"1","1","1200","3","BLUE","Con","MC","blue","blue","5",NA,"132017_reactive_StroopRea_run2_AudioRecord-4.wav","900","26","73112","2","300","73093","73114","73114","28","9",73395,"1","300","73114","73396","73397","10","132017_reactive_StroopRea_run2_AudioRecord-4.wav","9","73695","3","100","73397","73698","73698","12","9","73795","2","2000","73698","73797","73797","11","8","75794","-8","900","73798","76686","76686","0",NA,NA,"2",NA,NA,NA,NA,NA,NA,NA,NA,NA,NA,NA,NA,28676
"StroopTrialPROC","reactive2","12","reactiveBlockList","2","6",NA,NA,NA,NA,NA,NA,NA,NA,NA,NA,NA,NA,NA,NA,NA,NA,"1","3","3600","5","BLUE","Con","MC","blue","blue","5",NA,"132017_reactive_StroopRea_run2_AudioRecord-5.wav","3300","25","76711","2","300","76694","76713","76713","27","8",76994,"2","300","76714","76996","76996","10","132017_reactive_StroopRea_run2_AudioRecord-5.wav","8","77294","3","100","76996","77297","77298","11","8","77394","2","2000","77298","77396","77397","10","8","79394","-8","3300","77397","82686","82686","0",NA,NA,"2",NA,NA,NA,NA,NA,NA,NA,NA,NA,NA,NA,NA,28676
"StroopTrialPROC","reactive2","12","reactiveBlockList","2","7",NA,NA,NA,NA,NA,NA,NA,NA,NA,NA,NA,NA,NA,NA,NA,NA,"1","1","1200","3","RED","InCon","MI","white","white","1","1","132017_reactive_StroopRea_run2_AudioRecord-6.wav","900","24","82710","2","300","82693","82712","82713","26","7",82993,"2","300","82713","82995","82995","9","132017_reactive_StroopRea_run2_AudioRecord-6.wav","7","83293","3","100","82995","83296","83297","10","7","83393","2","2000","83297","83395","83396","9","7","85393","-7","900","83396","86286","86286","0",NA,NA,NA,NA,NA,NA,NA,NA,NA,NA,NA,NA,NA,NA,NA,28676
"StroopTrialPROC","reactive2","12","reactiveBlockList","2","8",NA,NA,NA,NA,NA,NA,NA,NA,NA,NA,NA,NA,NA,NA,NA,NA,"1","1","1200","3","BLUE","InCon","MI","white","white","1","2","132017_reactive_StroopRea_run2_AudioRecord-7.wav","900","23","86309","3","300","86302","86312","86312","26","7",86593,"1","300","86312","86594","86595","8","132017_reactive_StroopRea_run2_AudioRecord-7.wav","7","86893","3","100","86595","86896","86896","10","7","86993","2","2000","86896","86995","86995","9","6","88992","-6","900","86996","89886","89886","0",NA,NA,NA,NA,NA,NA,NA,NA,NA,NA,NA,NA,NA,NA,NA,28676
"StroopTrialPROC","reactive2","12","reactiveBlockList","2","9",NA,NA,NA,NA,NA,NA,NA,NA,NA,NA,NA,NA,NA,NA,NA,NA,"1","2","2400","4","WHITE","Con","MI","white","white","2",NA,"132017_reactive_StroopRea_run2_AudioRecord-8.wav","2100","73","89959","2","300","89936","89961","89961","75","6",90192,"2","300","89962","90194","90194","8","132017_reactive_StroopRea_run2_AudioRecord-8.wav","6","90492","3","100","90194","90495","90496","9","6","90592","2","2000","90496","90594","90595","8","6","92592","-6","2100","90595","94686","94686","0",NA,"1",NA,NA,NA,NA,NA,NA,NA,NA,NA,NA,NA,NA,NA,28676
"StroopTrialPROC","reactive2","12","reactiveBlockList","2","10",NA,NA,NA,NA,NA,NA,NA,NA,NA,NA,NA,NA,NA,NA,NA,NA,"1","3","3600","5","PURPLE","InCon","MI","white","white","1","3","132017_reactive_StroopRea_run2_AudioRecord-9.wav","3300","22","94708","2","300","94693","94710","94711","24","5",94991,"2","300","94711","94993","94993","7","132017_reactive_StroopRea_run2_AudioRecord-9.wav","5","95291","3","100","94994","95294","95295","8","5","95391","3","2000","95295","95394","95394","8","5","97391","-5","3300","95394","100686","100686","0",NA,NA,NA,NA,NA,NA,NA,NA,NA,NA,NA,NA,NA,NA,NA,28676
"StroopTrialPROC","reactive2","12","reactiveBlockList","2","11",NA,NA,NA,NA,NA,NA,NA,NA,NA,NA,NA,NA,NA,NA,NA,NA,"1","1","1200","3","GREEN","InCon","PC50","black","black","4",NA,"132017_reactive_StroopRea_run2_AudioRecord-10.wav","900","21","100707","2","300","100693","100709","100710","23","4",100990,"2","300","100710","100992","100993","6","132017_reactive_StroopRea_run2_AudioRecord-10.wav","4","101290","4","100","100993","101294","101294","8","4","101390","3","2000","101294","101393","101393","7","4","103390","-4","900","101393","104286","104286","0","2",NA,NA,NA,NA,NA,NA,NA,NA,NA,NA,NA,NA,NA,NA,28676
"StroopTrialPROC","reactive2","12","reactiveBlockList","2","12",NA,NA,NA,NA,NA,NA,NA,NA,NA,NA,NA,NA,NA,NA,NA,NA,"1","3","3600","5","RED","Con","MC","red","red","5",NA,"132017_reactive_StroopRea_run2_AudioRecord-11.wav","3300","87","104373","3","300","104358","104376","104377","90","4",104590,"2","300","104377","104592","104592","6","132017_reactive_StroopRea_run2_AudioRecord-11.wav","4","104890","3","100","104592","104893","104893","7","4","104990","2","2000","104893","104992","104992","6","4","106990","-4","3300","104993","110286","110286","0",NA,NA,"1",NA,NA,NA,NA,NA,NA,NA,NA,NA,NA,NA,NA,28676
"StroopTrialPROC","reactive2","12","reactiveBlockList","2","13",NA,NA,NA,NA,NA,NA,NA,NA,NA,NA,NA,NA,NA,NA,NA,NA,"1","3","3600","5","RED","Con","MC","red","red","5",NA,"132017_reactive_StroopRea_run2_AudioRecord-12.wav","3300","20","110306","2","300","110292","110308","110308","22","3",110589,"2","300","110308","110591","110591","5","132017_reactive_StroopRea_run2_AudioRecord-12.wav","3","110889","3","100","110591","110892","110892","6","3","110989","2","2000","110893","110991","110992","5","3","112989","-3","3300","110992","116286","116286","0",NA,NA,"1",NA,NA,NA,NA,NA,NA,NA,NA,NA,NA,NA,NA,28676
"StroopTrialPROC","reactive2","12","reactiveBlockList","2","14",NA,NA,NA,NA,NA,NA,NA,NA,NA,NA,NA,NA,NA,NA,NA,NA,"1","1","1200","3","RED","InCon","MI","white","white","1","1","132017_reactive_StroopRea_run2_AudioRecord-13.wav","900","19","116305","2","300","116292","116307","116307","21","2",116588,"2","300","116307","116590","116590","4","132017_reactive_StroopRea_run2_AudioRecord-13.wav","2","116888","3","100","116590","116891","116891","5","2","116988","2","2000","116892","116990","116991","4","2","118988","-2","900","116991","119886","119886","0",NA,NA,NA,NA,NA,NA,NA,NA,NA,NA,NA,NA,NA,NA,NA,28676
"StroopTrialPROC","reactive2","12","reactiveBlockList","2","15",NA,NA,NA,NA,NA,NA,NA,NA,NA,NA,NA,NA,NA,NA,NA,NA,"1","1","1200","3","BLUE","Con","MC","blue","blue","5",NA,"132017_reactive_StroopRea_run2_AudioRecord-14.wav","900","18","119904","3","300","119897","119907","119907","21","1",120187,"2","300","119907","120189","120189","3","132017_reactive_StroopRea_run2_AudioRecord-14.wav","1","120487","3","100","120190","120490","120491","4","1","120587","3","2000","120491","120590","120590","4","1","122587","-1","900","120590","123486","123486","0",NA,NA,"2",NA,NA,NA,NA,NA,NA,NA,NA,NA,NA,NA,NA,28676
"StroopTrialPROC","reactive2","12","reactiveBlockList","2","16",NA,NA,NA,NA,NA,NA,NA,NA,NA,NA,NA,NA,NA,NA,NA,NA,"1","1","1200","3","RED","InCon","MI","purple","purple","1","4","132017_reactive_StroopRea_run2_AudioRecord-15.wav","900","51","123537","3","300","123525","123540","123540","54","1",123787,"2","300","123540","123789","123789","3","132017_reactive_StroopRea_run2_AudioRecord-15.wav","1","124087","3","100","123789","124090","124090","4","1","124187","2","2000","124090","124189","124189","3","0","126186","0","900","124190","127086","127086","0",NA,NA,NA,NA,NA,NA,NA,NA,NA,NA,NA,NA,NA,NA,NA,28676
"StroopTrialPROC","reactive2","12","reactiveBlockList","2","17",NA,NA,NA,NA,NA,NA,NA,NA,NA,NA,NA,NA,NA,NA,NA,NA,"1","2","2400","4","PURPLE","InCon","MI","white","white","1","3","132017_reactive_StroopRea_run2_AudioRecord-16.wav","2100","17","127103","2","300","127095","127105","127106","19","0",127386,"2","300","127106","127388","127388","2","132017_reactive_StroopRea_run2_AudioRecord-16.wav","0","127686","3","100","127388","127689","127690","3","0","127786","3","2000","127690","127789","127789","3","0","129786","0","2100","127789","131886","131886","0",NA,NA,NA,NA,NA,NA,NA,NA,NA,NA,NA,NA,NA,NA,NA,28676
"StroopTrialPROC","reactive2","12","reactiveBlockList","2","18",NA,NA,NA,NA,NA,NA,NA,NA,NA,NA,NA,NA,NA,NA,NA,NA,"1","1","1200","3","RED","Con","MC","red","red","5",NA,"132017_reactive_StroopRea_run2_AudioRecord-17.wav","900","16","131902","3","300","131892","131905","131905","19","0",132186,"1","300","131905","132187","132187","1","132017_reactive_StroopRea_run2_AudioRecord-17.wav","16","132502","3","100","132188","132505","132506","19","16","132602","2","2000","132506","132604","132605","18","16","134602","-16","900","132605","135486","135486","0",NA,NA,"1",NA,NA,NA,NA,NA,NA,NA,NA,NA,NA,NA,NA,28676
"StroopTrialPROC","reactive2","12","reactiveBlockList","2","19",NA,NA,NA,NA,NA,NA,NA,NA,NA,NA,NA,NA,NA,NA,NA,NA,"1","2","2400","4","GREEN","InCon","PC50","yellow","yellow","4",NA,"132017_reactive_StroopRea_run2_AudioRecord-18.wav","2100","32","135518","3","300","135502","135521","135521","35","16",135802,"1","300","135521","135803","135804","17","132017_reactive_StroopRea_run2_AudioRecord-18.wav","16","136102","3","100","135804","136105","136105","19","16","136202","2","2000","136106","136204","136204","18","15","138201","-15","2100","136204","140286","140286","0","6",NA,NA,NA,NA,NA,NA,NA,NA,NA,NA,NA,NA,NA,NA,28676
"StroopTrialPROC","reactive2","12","reactiveBlockList","2","20",NA,NA,NA,NA,NA,NA,NA,NA,NA,NA,NA,NA,NA,NA,NA,NA,"1","3","3600","5","PURPLE","Con","MI","purple","purple","2",NA,"132017_reactive_StroopRea_run2_AudioRecord-19.wav","3300","15","140301","2","300","140292","140303","140304","17","15",140601,"2","300","140304","140603","140603","17","132017_reactive_StroopRea_run2_AudioRecord-19.wav","15","140901","3","100","140603","140904","140904","18","15","141001","2","2000","140905","141003","141003","17","15","143001","-15","3300","141004","146286","146286","0",NA,"2",NA,NA,NA,NA,NA,NA,NA,NA,NA,NA,NA,NA,NA,28676
"StroopTrialPROC","reactive2","12","reactiveBlockList","2","21",NA,NA,NA,NA,NA,NA,NA,NA,NA,NA,NA,NA,NA,NA,NA,NA,"1","2","2400","4","BLUE","Con","MC","blue","blue","5",NA,"132017_reactive_StroopRea_run2_AudioRecord-20.wav","2100","14","146300","2","300","146292","146302","146303","16","14",146600,"2","300","146303","146602","146602","16","132017_reactive_StroopRea_run2_AudioRecord-20.wav","14","146900","3","100","146602","146903","146903","17","14","147000","2","2000","146903","147002","147003","16","14","149000","-14","2100","147003","151086","151086","0",NA,NA,"2",NA,NA,NA,NA,NA,NA,NA,NA,NA,NA,NA,NA,28676
"StroopTrialPROC","reactive2","12","reactiveBlockList","2","22",NA,NA,NA,NA,NA,NA,NA,NA,NA,NA,NA,NA,NA,NA,NA,NA,"1","3","3600","5","BLUE","InCon","MI","purple","purple","1","5","132017_reactive_StroopRea_run2_AudioRecord-21.wav","3300","30","151116","2","300","151093","151118","151119","32","13",151399,"2","300","151119","151401","151401","15","132017_reactive_StroopRea_run2_AudioRecord-21.wav","13","151699","3","100","151401","151702","151703","16","13","151799","2","2000","151703","151801","151802","15","13","153799","-13","3300","151802","157086","157086","0",NA,NA,NA,NA,NA,NA,NA,NA,NA,NA,NA,NA,NA,NA,NA,28676
"StroopTrialPROC","reactive2","12","reactiveBlockList","2","23",NA,NA,NA,NA,NA,NA,NA,NA,NA,NA,NA,NA,NA,NA,NA,NA,"1","2","2400","4","RED","Con","MC","red","red","5",NA,"132017_reactive_StroopRea_run2_AudioRecord-22.wav","2100","29","157115","2","300","157093","157117","157117","31","12",157398,"2","300","157118","157400","157400","14","132017_reactive_StroopRea_run2_AudioRecord-22.wav","12","157698","3","100","157400","157701","157702","15","12","157798","3","2000","157702","157801","157801","15","12","159798","-12","2100","157801","161886","161886","0",NA,NA,"1",NA,NA,NA,NA,NA,NA,NA,NA,NA,NA,NA,NA,28676
"StroopTrialPROC","reactive2","12","reactiveBlockList","2","24",NA,NA,NA,NA,NA,NA,NA,NA,NA,NA,NA,NA,NA,NA,NA,NA,"1","3","3600","5","GREEN","Con","PC50","green","green","3",NA,"132017_reactive_StroopRea_run2_AudioRecord-23.wav","3300","28","161914","2","300","161892","161916","161917","30","11",162197,"2","300","161917","162199","162199","13","132017_reactive_StroopRea_run2_AudioRecord-23.wav","11","162497","3","100","162200","162500","162501","14","11","162597","3","2000","162501","162600","162600","14","11","164597","-11","3300","162600","167886","167886","0",NA,NA,NA,"4",NA,NA,NA,NA,NA,NA,NA,NA,NA,NA,NA,28676
"StroopTrialPROC","reactive2","12","reactiveBlockList","2","25",NA,NA,NA,NA,NA,NA,NA,NA,NA,NA,NA,NA,NA,NA,NA,NA,"1","3","3600","5","WHITE","InCon","MI","purple","purple","1","6","132017_reactive_StroopRea_run2_AudioRecord-24.wav","3300","27","167913","2","300","167892","167915","167916","29","11",168197,"1","300","167916","168198","168198","12","132017_reactive_StroopRea_run2_AudioRecord-24.wav","10","168496","4","100","168199","168500","168500","14","10","168596","3","2000","168500","168599","168599","13","10","170596","-10","3300","168599","173886","173886","0",NA,NA,NA,NA,NA,NA,NA,NA,NA,NA,NA,NA,NA,NA,NA,28676
"StroopTrialPROC","reactive2","12","reactiveBlockList","2","26",NA,NA,NA,NA,NA,NA,NA,NA,NA,NA,NA,NA,NA,NA,NA,NA,"1","2","2400","4","WHITE","InCon","MI","purple","purple","1","6","132017_reactive_StroopRea_run2_AudioRecord-25.wav","2100","26","173912","2","300","173892","173914","173915","28","10",174196,"1","300","173915","174197","174198","11","132017_reactive_StroopRea_run2_AudioRecord-25.wav","10","174496","3","100","174198","174499","174499","13","10","174596","2","2000","174499","174598","174598","12","9","176595","-9","2100","174598","178686","178686","0",NA,NA,NA,NA,NA,NA,NA,NA,NA,NA,NA,NA,NA,NA,NA,28676
"StroopTrialPROC","reactive2","12","reactiveBlockList","2","27",NA,NA,NA,NA,NA,NA,NA,NA,NA,NA,NA,NA,NA,NA,NA,NA,"1","3","3600","5","BLUE","Con","MC","blue","blue","5",NA,"132017_reactive_StroopRea_run2_AudioRecord-26.wav","3300","26","178712","2","300","178693","178714","178714","28","9",178995,"1","300","178714","178996","178997","10","132017_reactive_StroopRea_run2_AudioRecord-26.wav","9","179295","3","100","178997","179298","179298","12","9","179395","2","2000","179298","179397","179397","11","8","181394","-8","3300","179398","184686","184686","0",NA,NA,"2",NA,NA,NA,NA,NA,NA,NA,NA,NA,NA,NA,NA,28676
"StroopTrialPROC","reactive2","12","reactiveBlockList","2","28",NA,NA,NA,NA,NA,NA,NA,NA,NA,NA,NA,NA,NA,NA,NA,NA,"1","2","2400","4","BLUE","Con","MC","blue","blue","5",NA,"132017_reactive_StroopRea_run2_AudioRecord-27.wav","2100","25","184711","2","300","184693","184713","184713","27","8",184994,"2","300","184713","184996","184996","10","132017_reactive_StroopRea_run2_AudioRecord-27.wav","8","185294","3","100","184996","185297","185297","11","8","185394","2","2000","185297","185396","185396","10","7","187393","-7","2100","185397","189486","189486","0",NA,NA,"2",NA,NA,NA,NA,NA,NA,NA,NA,NA,NA,NA,NA,28676
"StroopTrialPROC","reactive2","12","reactiveBlockList","2","29",NA,NA,NA,NA,NA,NA,NA,NA,NA,NA,NA,NA,NA,NA,NA,NA,"1","3","3600","5","PINK","InCon","PC50","yellow","yellow","4",NA,"132017_reactive_StroopRea_run2_AudioRecord-28.wav","3300","24","189510","2","300","189502","189512","189513","26","7",189793,"2","300","189513","189795","189795","9","132017_reactive_StroopRea_run2_AudioRecord-28.wav","7","190093","3","100","189795","190096","190096","10","7","190193","3","2000","190097","190196","190196","10","7","192193","-7","3300","190196","195486","195486","0","5",NA,NA,NA,NA,NA,NA,NA,NA,NA,NA,NA,NA,NA,NA,28676
"StroopTrialPROC","reactive2","12","reactiveBlockList","2","30",NA,NA,NA,NA,NA,NA,NA,NA,NA,NA,NA,NA,NA,NA,NA,NA,"1","1","1200","3","PINK","Con","PC50","pink","255,105,180","3",NA,"132017_reactive_StroopRea_run2_AudioRecord-29.wav","900","23","195509","2","300","195493","195511","195511","25","6",195792,"2","300","195512","195794","195794","8","132017_reactive_StroopRea_run2_AudioRecord-29.wav","6","196092","3","100","195794","196095","196095","9","6","196192","2","2000","196096","196194","196195","8","6","198192","-6","900","196195","199086","199086","0",NA,NA,NA,"3",NA,NA,NA,NA,NA,NA,NA,NA,NA,NA,NA,28676
"StroopTrialPROC","reactive2","12","reactiveBlockList","2","31",NA,NA,NA,NA,NA,NA,NA,NA,NA,NA,NA,NA,NA,NA,NA,NA,"1","1","1200","3","BLUE","InCon","MI","white","white","1","2","132017_reactive_StroopRea_run2_AudioRecord-30.wav","900","22","199108","3","300","199101","199111","199111","25","6",199392,"1","300","199111","199393","199393","7","132017_reactive_StroopRea_run2_AudioRecord-30.wav","6","199692","3","100","199394","199695","199695","9","6","199792","2","2000","199695","199794","199794","8","5","201791","-5","900","199794","202686","202686","0",NA,NA,NA,NA,NA,NA,NA,NA,NA,NA,NA,NA,NA,NA,NA,28676
"StroopTrialPROC","reactive2","12","reactiveBlockList","2","32",NA,NA,NA,NA,NA,NA,NA,NA,NA,NA,NA,NA,NA,NA,NA,NA,"1","3","3600","5","BLACK","Con","PC50","black","black","3",NA,"132017_reactive_StroopRea_run2_AudioRecord-31.wav","3300","22","202708","2","300","202700","202710","202710","24","5",202991,"2","300","202711","202993","202993","7","132017_reactive_StroopRea_run2_AudioRecord-31.wav","5","203291","3","100","202993","203294","203294","8","5","203391","2","2000","203295","203393","203394","7","5","205391","-5","3300","203394","208686","208686","0",NA,NA,NA,"1",NA,NA,NA,NA,NA,NA,NA,NA,NA,NA,NA,28676
"StroopTrialPROC","reactive2","12","reactiveBlockList","2","33",NA,NA,NA,NA,NA,NA,NA,NA,NA,NA,NA,NA,NA,NA,NA,NA,"1","2","2400","4","RED","Con","MC","red","red","5",NA,"132017_reactive_StroopRea_run2_AudioRecord-32.wav","2100","21","208707","2","300","208692","208709","208709","23","4",208990,"2","300","208709","208992","208992","6","132017_reactive_StroopRea_run2_AudioRecord-32.wav","4","209290","3","100","208992","209293","209293","7","4","209390","2","2000","209294","209392","209393","6","4","211390","-4","2100","209393","213486","213486","0",NA,NA,"1",NA,NA,NA,NA,NA,NA,NA,NA,NA,NA,NA,NA,28676
"StroopTrialPROC","reactive2","12","reactiveBlockList","2","34",NA,NA,NA,NA,NA,NA,NA,NA,NA,NA,NA,NA,NA,NA,NA,NA,"1","2","2400","4","RED","Con","MC","red","red","5",NA,"132017_reactive_StroopRea_run2_AudioRecord-33.wav","2100","37","213523","2","300","213509","213525","213525","39","3",213789,"2","300","213525","213791","213791","5","132017_reactive_StroopRea_run2_AudioRecord-33.wav","3","214089","3","100","213791","214092","214093","6","3","214189","3","2000","214093","214192","214192","6","3","216189","-3","2100","214192","218286","218286","0",NA,NA,"1",NA,NA,NA,NA,NA,NA,NA,NA,NA,NA,NA,NA,28676
"StroopTrialPROC","reactive2","12","reactiveBlockList","2","35",NA,NA,NA,NA,NA,NA,NA,NA,NA,NA,NA,NA,NA,NA,NA,NA,"1","1","1200","3","BLUE","Con","MC","blue","blue","5",NA,"132017_reactive_StroopRea_run2_AudioRecord-34.wav","900","19","218305","2","300","218293","218307","218308","21","3",218589,"1","300","218308","218590","218590","4","132017_reactive_StroopRea_run2_AudioRecord-34.wav","3","218889","3","100","218591","218892","218892","6","2","218988","3","2000","218892","218991","218991","5","2","220988","-2","900","218991","221886","221886","0",NA,NA,"2",NA,NA,NA,NA,NA,NA,NA,NA,NA,NA,NA,NA,28676
"StroopTrialPROC","reactive2","12","reactiveBlockList","2","36",NA,NA,NA,NA,NA,NA,NA,NA,NA,NA,NA,NA,NA,NA,NA,NA,"1","1","1200","3","WHITE","Con","MI","white","white","2",NA,"132017_reactive_StroopRea_run2_AudioRecord-35.wav","900","19","221905","2","300","221897","221907","221907","21","2",222188,"2","300","221908","222190","222190","4","132017_reactive_StroopRea_run2_AudioRecord-35.wav","2","222488","3","100","222190","222491","222491","5","2","222588","2","2000","222491","222590","222591","4","2","224588","-2","900","222591","225486","225486","0",NA,"1",NA,NA,NA,NA,NA,NA,NA,NA,NA,NA,NA,NA,NA,28676
"StroopTrialPROC","reactive2","12","reactiveBlockList","2","37",NA,NA,NA,NA,NA,NA,NA,NA,NA,NA,NA,NA,NA,NA,NA,NA,"1","3","3600","5","RED","InCon","MI","purple","purple","1","4","132017_reactive_StroopRea_run2_AudioRecord-36.wav","3300","18","225504","3","300","225497","225507","225507","21","1",225787,"2","300","225507","225789","225789","3","132017_reactive_StroopRea_run2_AudioRecord-36.wav","1","226087","3","100","225790","226090","226091","4","1","226187","3","2000","226091","226190","226190","4","1","228187","-1","3300","226190","231486","231486","0",NA,NA,NA,NA,NA,NA,NA,NA,NA,NA,NA,NA,NA,NA,NA,28676
"StroopTrialPROC","reactive2","12","reactiveBlockList","2","38",NA,NA,NA,NA,NA,NA,NA,NA,NA,NA,NA,NA,NA,NA,NA,NA,"1","3","3600","5","RED","Con","MC","red","red","5",NA,"132017_reactive_StroopRea_run2_AudioRecord-37.wav","3300","17","231503","3","300","231492","231506","231506","20","0",231786,"2","300","231506","231788","231788","2","132017_reactive_StroopRea_run2_AudioRecord-37.wav","0","232086","3","100","231789","232089","232090","3","0","232186","3","2000","232090","232189","232189","3","0","234186","0","3300","232189","237486","237486","0",NA,NA,"1",NA,NA,NA,NA,NA,NA,NA,NA,NA,NA,NA,NA,28676
"StroopTrialPROC","reactive2","12","reactiveBlockList","2","39",NA,NA,NA,NA,NA,NA,NA,NA,NA,NA,NA,NA,NA,NA,NA,NA,"1","3","3600","5","RED","Con","MC","red","red","5",NA,"132017_reactive_StroopRea_run2_AudioRecord-38.wav","3300","16","237502","3","300","237492","237505","237505","19","16",237802,"2","300","237505","237804","237804","18","132017_reactive_StroopRea_run2_AudioRecord-38.wav","16","238102","3","100","237804","238105","238105","19","16","238202","2","2000","238106","238204","238205","18","16","240202","-16","3300","238205","243486","243486","0",NA,NA,"1",NA,NA,NA,NA,NA,NA,NA,NA,NA,NA,NA,NA,28676
"StroopTrialPROC","reactive2","12","reactiveBlockList","2","40",NA,NA,NA,NA,NA,NA,NA,NA,NA,NA,NA,NA,NA,NA,NA,NA,"1","2","2400","4","BLUE","Con","MC","blue","blue","5",NA,"132017_reactive_StroopRea_run2_AudioRecord-39.wav","2100","15","243501","3","300","243492","243504","243504","18","15",243801,"2","300","243504","243803","243803","17","132017_reactive_StroopRea_run2_AudioRecord-39.wav","15","244101","3","100","243803","244104","244105","18","15","244201","2","2000","244105","244203","244204","17","15","246201","-15","2100","244204","248286","248286","0",NA,NA,"2",NA,NA,NA,NA,NA,NA,NA,NA,NA,NA,NA,NA,28676
"StroopTrialPROC","reactive2","12","reactiveBlockList","2","41",NA,NA,NA,NA,NA,NA,NA,NA,NA,NA,NA,NA,NA,NA,NA,NA,"1","1","1200","3","YELLOW","Con","PC50","yellow","yellow","3",NA,"132017_reactive_StroopRea_run2_AudioRecord-40.wav","900","15","248301","2","300","248292","248303","248303","17","14",248600,"2","300","248303","248602","248602","16","132017_reactive_StroopRea_run2_AudioRecord-40.wav","14","248900","3","100","248603","248903","248904","17","14","249000","3","2000","248904","249003","249003","17","14","251000","-14","900","249003","251886","251886","0",NA,NA,NA,"2",NA,NA,NA,NA,NA,NA,NA,NA,NA,NA,NA,28676
"FixationGetReadyPROC","reactive2","13","reactiveBlockList","2","42","31","251917","2","28400","251899","251919","251919","33","9","280295","3","1600","251919","280298","0","12",NA,NA,NA,NA,NA,NA,NA,NA,NA,NA,NA,NA,NA,NA,NA,NA,NA,NA,NA,NA,NA,NA,NA,NA,NA,NA,NA,NA,NA,NA,NA,NA,NA,NA,NA,NA,NA,NA,NA,NA,NA,NA,NA,NA,NA,NA,NA,NA,NA,NA,NA,NA,NA,NA,NA,NA,NA,NA,NA,NA,NA,NA,NA,NA,NA,NA,NA,NA,NA,28676
"StroopTrialPROC","reactive2","14","reactiveBlockList","2","43",NA,NA,NA,NA,NA,NA,NA,NA,NA,NA,NA,NA,NA,NA,NA,NA,"1","2","2400","4","RED","InCon","MI","purple","purple","1","4","132017_reactive_StroopRea_run2_AudioRecord-41.wav","2100","9","281895","2","300","280299","281897","281898","11","9",282195,"2","300","281898","282197","282197","11","132017_reactive_StroopRea_run2_AudioRecord-41.wav","9","282495","3","100","282197","282498","282498","12","9","282595","3","2000","282499","282598","282598","12","9","284595","-9","2100","282598","286686","286686","0",NA,NA,NA,NA,NA,NA,NA,NA,NA,NA,NA,NA,NA,NA,NA,28676
"StroopTrialPROC","reactive2","14","reactiveBlockList","2","44",NA,NA,NA,NA,NA,NA,NA,NA,NA,NA,NA,NA,NA,NA,NA,NA,"1","1","1200","3","WHITE","Con","MI","white","white","2",NA,"132017_reactive_StroopRea_run2_AudioRecord-42.wav","900","25","286711","2","300","286693","286713","286714","27","8",286994,"2","300","286714","286996","286996","10","132017_reactive_StroopRea_run2_AudioRecord-42.wav","8","287294","3","100","286997","287297","287298","11","8","287394","3","2000","287298","287397","287397","11","8","289394","-8","900","287397","290286","290286","0",NA,"1",NA,NA,NA,NA,NA,NA,NA,NA,NA,NA,NA,NA,NA,28676
"StroopTrialPROC","reactive2","14","reactiveBlockList","2","45",NA,NA,NA,NA,NA,NA,NA,NA,NA,NA,NA,NA,NA,NA,NA,NA,"1","2","2400","4","BLUE","InCon","MI","white","white","1","2","132017_reactive_StroopRea_run2_AudioRecord-43.wav","2100","25","290311","2","300","290293","290313","290313","27","8",290594,"2","300","290313","290596","290596","10","132017_reactive_StroopRea_run2_AudioRecord-43.wav","8","290894","3","100","290596","290897","290897","11","8","290994","2","2000","290897","290996","290996","10","7","292993","-7","2100","290997","295086","295086","0",NA,NA,NA,NA,NA,NA,NA,NA,NA,NA,NA,NA,NA,NA,NA,28676
"StroopTrialPROC","reactive2","14","reactiveBlockList","2","46",NA,NA,NA,NA,NA,NA,NA,NA,NA,NA,NA,NA,NA,NA,NA,NA,"1","1","1200","3","PINK","Con","PC50","pink","255,105,180","3",NA,"132017_reactive_StroopRea_run2_AudioRecord-44.wav","900","24","295110","2","300","295092","295112","295112","26","7",295393,"2","300","295112","295395","295395","9","132017_reactive_StroopRea_run2_AudioRecord-44.wav","7","295693","3","100","295395","295696","295696","10","7","295793","2","2000","295697","295795","295796","9","7","297793","-7","900","295796","298686","298686","0",NA,NA,NA,"3",NA,NA,NA,NA,NA,NA,NA,NA,NA,NA,NA,28676
"StroopTrialPROC","reactive2","14","reactiveBlockList","2","47",NA,NA,NA,NA,NA,NA,NA,NA,NA,NA,NA,NA,NA,NA,NA,NA,"1","1","1200","3","RED","Con","MC","red","red","5",NA,"132017_reactive_StroopRea_run2_AudioRecord-45.wav","900","40","298726","2","300","298719","298728","298729","42","7",298993,"1","300","298729","298994","298994","8","132017_reactive_StroopRea_run2_AudioRecord-45.wav","6","299292","3","100","298995","299295","299296","9","6","299392","3","2000","299296","299395","299395","9","6","301392","-6","900","299395","302286","302286","0",NA,NA,"1",NA,NA,NA,NA,NA,NA,NA,NA,NA,NA,NA,NA,28676
"StroopTrialPROC","reactive2","14","reactiveBlockList","2","48",NA,NA,NA,NA,NA,NA,NA,NA,NA,NA,NA,NA,NA,NA,NA,NA,"1","2","2400","4","RED","Con","MC","red","red","5",NA,"132017_reactive_StroopRea_run2_AudioRecord-46.wav","2100","23","302309","2","300","302302","302311","302311","25","6",302592,"2","300","302312","302594","302594","8","132017_reactive_StroopRea_run2_AudioRecord-46.wav","6","302892","3","100","302594","302895","302895","9","6","302992","2","2000","302895","302994","302995","8","6","304992","-6","2100","302995","307086","307086","0",NA,NA,"1",NA,NA,NA,NA,NA,NA,NA,NA,NA,NA,NA,NA,28676
"StroopTrialPROC","reactive2","14","reactiveBlockList","2","49",NA,NA,NA,NA,NA,NA,NA,NA,NA,NA,NA,NA,NA,NA,NA,NA,"1","3","3600","5","RED","InCon","MI","white","white","1","1","132017_reactive_StroopRea_run2_AudioRecord-47.wav","3300","22","307108","2","300","307093","307110","307110","24","5",307391,"2","300","307110","307393","307393","7","132017_reactive_StroopRea_run2_AudioRecord-47.wav","5","307691","3","100","307393","307694","307694","8","5","307791","2","2000","307695","307793","307794","7","5","309791","-5","3300","307794","313086","313086","0",NA,NA,NA,NA,NA,NA,NA,NA,NA,NA,NA,NA,NA,NA,NA,28676
"StroopTrialPROC","reactive2","14","reactiveBlockList","2","50",NA,NA,NA,NA,NA,NA,NA,NA,NA,NA,NA,NA,NA,NA,NA,NA,"1","3","3600","5","BLUE","Con","MC","blue","blue","5",NA,"132017_reactive_StroopRea_run2_AudioRecord-48.wav","3300","38","313124","2","300","313107","313126","313126","40","4",313390,"2","300","313126","313392","313392","6","132017_reactive_StroopRea_run2_AudioRecord-48.wav","4","313690","3","100","313392","313693","313694","7","4","313790","3","2000","313694","313793","313793","7","4","315790","-4","3300","313793","319086","319086","0",NA,NA,"2",NA,NA,NA,NA,NA,NA,NA,NA,NA,NA,NA,NA,28676
"StroopTrialPROC","reactive2","14","reactiveBlockList","2","51",NA,NA,NA,NA,NA,NA,NA,NA,NA,NA,NA,NA,NA,NA,NA,NA,"1","1","1200","3","BLUE","Con","MC","blue","blue","5",NA,"132017_reactive_StroopRea_run2_AudioRecord-49.wav","900","20","319106","2","300","319093","319108","319109","22","3",319389,"2","300","319109","319391","319391","5","132017_reactive_StroopRea_run2_AudioRecord-49.wav","3","319689","3","100","319392","319692","319693","6","3","319789","2","2000","319693","319791","319792","5","3","321789","-3","900","319792","322686","322686","0",NA,NA,"2",NA,NA,NA,NA,NA,NA,NA,NA,NA,NA,NA,NA,28676
"StroopTrialPROC","reactive2","14","reactiveBlockList","2","52",NA,NA,NA,NA,NA,NA,NA,NA,NA,NA,NA,NA,NA,NA,NA,NA,"1","3","3600","5","WHITE","InCon","MI","purple","purple","1","6","132017_reactive_StroopRea_run2_AudioRecord-50.wav","3300","19","322705","3","300","322698","322708","322708","22","3",322989,"1","300","322708","322990","322991","4","132017_reactive_StroopRea_run2_AudioRecord-50.wav","3","323289","3","100","322991","323292","323292","6","3","323389","2","2000","323292","323391","323391","5","2","325388","-2","3300","323391","328686","328686","0",NA,NA,NA,NA,NA,NA,NA,NA,NA,NA,NA,NA,NA,NA,NA,28676
"StroopTrialPROC","reactive2","14","reactiveBlockList","2","53",NA,NA,NA,NA,NA,NA,NA,NA,NA,NA,NA,NA,NA,NA,NA,NA,"1","2","2400","4","RED","InCon","MI","white","white","1","1","132017_reactive_StroopRea_run2_AudioRecord-51.wav","2100","18","328704","3","300","328693","328707","328707","21","2",328988,"1","300","328707","328989","328990","3","132017_reactive_StroopRea_run2_AudioRecord-51.wav","2","329288","3","100","328990","329291","329291","5","2","329388","2","2000","329291","329390","329390","4","1","331387","-1","2100","329390","333486","333486","0",NA,NA,NA,NA,NA,NA,NA,NA,NA,NA,NA,NA,NA,NA,NA,28676
"StroopTrialPROC","reactive2","14","reactiveBlockList","2","54",NA,NA,NA,NA,NA,NA,NA,NA,NA,NA,NA,NA,NA,NA,NA,NA,"1","3","3600","5","RED","Con","MC","red","red","5",NA,"132017_reactive_StroopRea_run2_AudioRecord-52.wav","3300","18","333504","2","300","333493","333506","333507","20","1",333787,"2","300","333507","333789","333789","3","132017_reactive_StroopRea_run2_AudioRecord-52.wav","1","334087","3","100","333789","334090","334090","4","1","334187","2","2000","334090","334189","334190","3","1","336187","-1","3300","334190","339486","339486","0",NA,NA,"1",NA,NA,NA,NA,NA,NA,NA,NA,NA,NA,NA,NA,28676
"StroopTrialPROC","reactive2","14","reactiveBlockList","2","55",NA,NA,NA,NA,NA,NA,NA,NA,NA,NA,NA,NA,NA,NA,NA,NA,"1","3","3600","5","BLACK","InCon","PC50","green","green","4",NA,"132017_reactive_StroopRea_run2_AudioRecord-53.wav","3300","17","339503","2","300","339493","339505","339506","19","0",339786,"2","300","339506","339788","339788","2","132017_reactive_StroopRea_run2_AudioRecord-53.wav","0","340086","3","100","339788","340089","340089","3","0","340186","2","2000","340090","340188","340189","2","0","342186","0","3300","340189","345486","345486","0","10",NA,NA,NA,NA,NA,NA,NA,NA,NA,NA,NA,NA,NA,NA,28676
"StroopTrialPROC","reactive2","14","reactiveBlockList","2","56",NA,NA,NA,NA,NA,NA,NA,NA,NA,NA,NA,NA,NA,NA,NA,NA,"1","2","2400","4","BLUE","InCon","MI","white","white","1","2","132017_reactive_StroopRea_run2_AudioRecord-54.wav","2100","16","345502","2","300","345493","345504","345505","18","16",345802,"2","300","345505","345804","345804","18","132017_reactive_StroopRea_run2_AudioRecord-54.wav","16","346102","3","100","345804","346105","346105","19","16","346202","2","2000","346105","346204","346204","18","15","348201","-15","2100","346205","350286","350286","0",NA,NA,NA,NA,NA,NA,NA,NA,NA,NA,NA,NA,NA,NA,NA,28676
"StroopTrialPROC","reactive2","14","reactiveBlockList","2","57",NA,NA,NA,NA,NA,NA,NA,NA,NA,NA,NA,NA,NA,NA,NA,NA,"1","2","2400","4","WHITE","InCon","MI","purple","purple","1","6","132017_reactive_StroopRea_run2_AudioRecord-55.wav","2100","15","350301","2","300","350292","350303","350304","17","15",350601,"2","300","350304","350603","350603","17","132017_reactive_StroopRea_run2_AudioRecord-55.wav","15","350901","3","100","350603","350904","350904","18","15","351001","2","2000","350904","351003","351004","17","15","353001","-15","2100","351004","355086","355086","0",NA,NA,NA,NA,NA,NA,NA,NA,NA,NA,NA,NA,NA,NA,NA,28676
"StroopTrialPROC","reactive2","14","reactiveBlockList","2","58",NA,NA,NA,NA,NA,NA,NA,NA,NA,NA,NA,NA,NA,NA,NA,NA,"1","1","1200","3","BLUE","Con","MC","blue","blue","5",NA,"132017_reactive_StroopRea_run2_AudioRecord-56.wav","900","14","355100","3","300","355092","355103","355103","17","14",355400,"2","300","355103","355402","355402","16","132017_reactive_StroopRea_run2_AudioRecord-56.wav","14","355700","3","100","355402","355703","355704","17","14","355800","2","2000","355704","355802","355803","16","14","357800","-14","900","355803","358686","358686","0",NA,NA,"2",NA,NA,NA,NA,NA,NA,NA,NA,NA,NA,NA,NA,28676
"StroopTrialPROC","reactive2","14","reactiveBlockList","2","59",NA,NA,NA,NA,NA,NA,NA,NA,NA,NA,NA,NA,NA,NA,NA,NA,"1","3","3600","5","RED","Con","MC","red","red","5",NA,"132017_reactive_StroopRea_run2_AudioRecord-57.wav","3300","30","358716","3","300","358699","358719","358719","33","14",359000,"1","300","358719","359001","359002","15","132017_reactive_StroopRea_run2_AudioRecord-57.wav","14","359300","3","100","359002","359303","359303","17","14","359400","2","2000","359303","359402","359402","16","13","361399","-13","3300","359402","364686","364686","0",NA,NA,"1",NA,NA,NA,NA,NA,NA,NA,NA,NA,NA,NA,NA,28676
"StroopTrialPROC","reactive2","14","reactiveBlockList","2","60",NA,NA,NA,NA,NA,NA,NA,NA,NA,NA,NA,NA,NA,NA,NA,NA,"1","1","1200","3","PURPLE","Con","MI","purple","purple","2",NA,"132017_reactive_StroopRea_run2_AudioRecord-58.wav","900","29","364715","3","300","364693","364718","364718","32","13",364999,"1","300","364718","365000","365001","14","132017_reactive_StroopRea_run2_AudioRecord-58.wav","13","365299","3","100","365001","365302","365302","16","13","365399","2","2000","365302","365401","365401","15","12","367398","-12","900","365402","368286","368286","0",NA,"2",NA,NA,NA,NA,NA,NA,NA,NA,NA,NA,NA,NA,NA,28676
"StroopTrialPROC","reactive2","14","reactiveBlockList","2","61",NA,NA,NA,NA,NA,NA,NA,NA,NA,NA,NA,NA,NA,NA,NA,NA,"1","1","1200","3","PINK","InCon","PC50","green","green","4",NA,"132017_reactive_StroopRea_run2_AudioRecord-59.wav","900","29","368315","2","300","368298","368317","368317","31","12",368598,"2","300","368318","368600","368600","14","132017_reactive_StroopRea_run2_AudioRecord-59.wav","12","368898","3","100","368600","368901","368901","15","12","368998","2","2000","368902","369000","369001","14","12","370998","-12","900","369001","371886","371886","0","11",NA,NA,NA,NA,NA,NA,NA,NA,NA,NA,NA,NA,NA,NA,28676
"StroopTrialPROC","reactive2","14","reactiveBlockList","2","62",NA,NA,NA,NA,NA,NA,NA,NA,NA,NA,NA,NA,NA,NA,NA,NA,"1","2","2400","4","BLUE","Con","MC","blue","blue","5",NA,"132017_reactive_StroopRea_run2_AudioRecord-60.wav","2100","28","371914","3","300","371897","371917","371917","31","12",372198,"1","300","371917","372199","372199","13","132017_reactive_StroopRea_run2_AudioRecord-60.wav","12","372498","3","100","372200","372501","372501","15","12","372598","2","2000","372501","372600","372600","14","11","374597","-11","2100","372600","376686","376686","0",NA,NA,"2",NA,NA,NA,NA,NA,NA,NA,NA,NA,NA,NA,NA,28676
"StroopTrialPROC","reactive2","14","reactiveBlockList","2","63",NA,NA,NA,NA,NA,NA,NA,NA,NA,NA,NA,NA,NA,NA,NA,NA,"1","1","1200","3","RED","InCon","MI","purple","purple","1","4","132017_reactive_StroopRea_run2_AudioRecord-61.wav","900","28","376714","2","300","376693","376716","376716","30","11",376997,"2","300","376716","376999","376999","13","132017_reactive_StroopRea_run2_AudioRecord-61.wav","11","377297","3","100","376999","377300","377300","14","11","377397","2","2000","377300","377399","377399","13","10","379396","-10","900","377400","380286","380286","0",NA,NA,NA,NA,NA,NA,NA,NA,NA,NA,NA,NA,NA,NA,NA,28676
"StroopTrialPROC","reactive2","14","reactiveBlockList","2","64",NA,NA,NA,NA,NA,NA,NA,NA,NA,NA,NA,NA,NA,NA,NA,NA,"1","3","3600","5","BLACK","InCon","PC50","pink","255,105,180","4",NA,"132017_reactive_StroopRea_run2_AudioRecord-62.wav","3300","44","380330","2","300","380311","380332","380332","46","10",380596,"2","300","380332","380598","380598","12","132017_reactive_StroopRea_run2_AudioRecord-62.wav","10","380896","3","100","380598","380899","380900","13","10","380996","3","2000","380900","380999","380999","13","10","382996","-10","3300","380999","386286","386286","0","7",NA,NA,NA,NA,NA,NA,NA,NA,NA,NA,NA,NA,NA,NA,28676
"StroopTrialPROC","reactive2","14","reactiveBlockList","2","65",NA,NA,NA,NA,NA,NA,NA,NA,NA,NA,NA,NA,NA,NA,NA,NA,"1","1","1200","3","BLUE","Con","MC","blue","blue","5",NA,"132017_reactive_StroopRea_run2_AudioRecord-63.wav","900","26","386312","2","300","386292","386314","386315","28","9",386595,"2","300","386315","386597","386597","11","132017_reactive_StroopRea_run2_AudioRecord-63.wav","9","386895","3","100","386597","386898","386899","12","9","386995","3","2000","386899","386998","386998","12","9","388995","-9","900","386998","389886","389886","0",NA,NA,"2",NA,NA,NA,NA,NA,NA,NA,NA,NA,NA,NA,NA,28676
"StroopTrialPROC","reactive2","14","reactiveBlockList","2","66",NA,NA,NA,NA,NA,NA,NA,NA,NA,NA,NA,NA,NA,NA,NA,NA,"1","2","2400","4","PURPLE","InCon","MI","white","white","1","3","132017_reactive_StroopRea_run2_AudioRecord-64.wav","2100","25","389911","3","300","389894","389914","389914","28","9",390195,"1","300","389914","390196","390197","10","132017_reactive_StroopRea_run2_AudioRecord-64.wav","9","390495","3","100","390197","390498","390498","12","9","390595","2","2000","390498","390597","390597","11","8","392594","-8","2100","390598","394686","394686","0",NA,NA,NA,NA,NA,NA,NA,NA,NA,NA,NA,NA,NA,NA,NA,28676
"StroopTrialPROC","reactive2","14","reactiveBlockList","2","67",NA,NA,NA,NA,NA,NA,NA,NA,NA,NA,NA,NA,NA,NA,NA,NA,"1","3","3600","5","BLACK","Con","PC50","black","black","3",NA,"132017_reactive_StroopRea_run2_AudioRecord-65.wav","3300","25","394711","2","300","394693","394713","394713","27","8",394994,"2","300","394713","394996","394996","10","132017_reactive_StroopRea_run2_AudioRecord-65.wav","8","395294","3","100","394996","395297","395297","11","8","395394","2","2000","395298","395396","395396","10","8","397394","-8","3300","395397","400686","400686","0",NA,NA,NA,"1",NA,NA,NA,NA,NA,NA,NA,NA,NA,NA,NA,28676
"StroopTrialPROC","reactive2","14","reactiveBlockList","2","68",NA,NA,NA,NA,NA,NA,NA,NA,NA,NA,NA,NA,NA,NA,NA,NA,"1","2","2400","4","RED","Con","MC","red","red","5",NA,"132017_reactive_StroopRea_run2_AudioRecord-66.wav","2100","57","400743","2","300","400731","400745","400746","59","7",400993,"2","300","400746","400995","400995","9","132017_reactive_StroopRea_run2_AudioRecord-66.wav","7","401293","3","100","400995","401296","401296","10","7","401393","2","2000","401297","401395","401395","9","7","403393","-7","2100","401396","405486","405486","0",NA,NA,"1",NA,NA,NA,NA,NA,NA,NA,NA,NA,NA,NA,NA,28676
"StroopTrialPROC","reactive2","14","reactiveBlockList","2","69",NA,NA,NA,NA,NA,NA,NA,NA,NA,NA,NA,NA,NA,NA,NA,NA,"1","3","3600","5","BLUE","Con","MC","blue","blue","5",NA,"132017_reactive_StroopRea_run2_AudioRecord-67.wav","3300","23","405509","2","300","405492","405511","405511","25","6",405792,"2","300","405512","405794","405794","8","132017_reactive_StroopRea_run2_AudioRecord-67.wav","6","406092","3","100","405794","406095","406096","9","6","406192","3","2000","406096","406195","406195","9","6","408192","-6","3300","406195","411486","411486","0",NA,NA,"2",NA,NA,NA,NA,NA,NA,NA,NA,NA,NA,NA,NA,28676
"StroopTrialPROC","reactive2","14","reactiveBlockList","2","70",NA,NA,NA,NA,NA,NA,NA,NA,NA,NA,NA,NA,NA,NA,NA,NA,"1","2","2400","4","WHITE","Con","MI","white","white","2",NA,"132017_reactive_StroopRea_run2_AudioRecord-68.wav","2100","22","411508","2","300","411492","411510","411511","24","5",411791,"2","300","411511","411793","411793","7","132017_reactive_StroopRea_run2_AudioRecord-68.wav","5","412091","3","100","411793","412094","412094","8","5","412191","3","2000","412095","412194","412194","8","5","414191","-5","2100","412194","416286","416286","0",NA,"1",NA,NA,NA,NA,NA,NA,NA,NA,NA,NA,NA,NA,NA,28676
"StroopTrialPROC","reactive2","14","reactiveBlockList","2","71",NA,NA,NA,NA,NA,NA,NA,NA,NA,NA,NA,NA,NA,NA,NA,NA,"1","2","2400","4","PURPLE","InCon","MI","white","white","1","3","132017_reactive_StroopRea_run2_AudioRecord-69.wav","2100","21","416307","2","300","416292","416309","416310","23","5",416591,"1","300","416310","416592","416592","6","132017_reactive_StroopRea_run2_AudioRecord-69.wav","5","416891","3","100","416593","416894","416894","8","5","416991","2","2000","416894","416993","416993","7","4","418990","-4","2100","416993","421086","421086","0",NA,NA,NA,NA,NA,NA,NA,NA,NA,NA,NA,NA,NA,NA,NA,28676
"StroopTrialPROC","reactive2","14","reactiveBlockList","2","72",NA,NA,NA,NA,NA,NA,NA,NA,NA,NA,NA,NA,NA,NA,NA,NA,"1","1","1200","3","RED","Con","MC","red","red","5",NA,"132017_reactive_StroopRea_run2_AudioRecord-70.wav","900","21","421107","2","300","421093","421109","421109","23","4",421390,"1","300","421109","421391","421392","5","132017_reactive_StroopRea_run2_AudioRecord-70.wav","4","421690","3","100","421392","421693","421693","7","4","421790","2","2000","421693","421792","421792","6","3","423789","-3","900","421793","424686","424686","0",NA,NA,"1",NA,NA,NA,NA,NA,NA,NA,NA,NA,NA,NA,NA,28676
"StroopTrialPROC","reactive2","14","reactiveBlockList","2","73",NA,NA,NA,NA,NA,NA,NA,NA,NA,NA,NA,NA,NA,NA,NA,NA,"1","3","3600","5","RED","Con","MC","red","red","5",NA,"132017_reactive_StroopRea_run2_AudioRecord-71.wav","3300","20","424706","2","300","424698","424708","424709","22","3",424989,"2","300","424709","424991","424991","5","132017_reactive_StroopRea_run2_AudioRecord-71.wav","3","425289","3","100","424991","425292","425292","6","3","425389","2","2000","425293","425391","425392","5","3","427389","-3","3300","425392","430686","430686","0",NA,NA,"1",NA,NA,NA,NA,NA,NA,NA,NA,NA,NA,NA,NA,28676
"StroopTrialPROC","reactive2","14","reactiveBlockList","2","74",NA,NA,NA,NA,NA,NA,NA,NA,NA,NA,NA,NA,NA,NA,NA,NA,"1","1","1200","3","BLUE","Con","MC","blue","blue","5",NA,"132017_reactive_StroopRea_run2_AudioRecord-72.wav","900","19","430705","2","300","430692","430707","430707","21","2",430988,"2","300","430708","430990","430990","4","132017_reactive_StroopRea_run2_AudioRecord-72.wav","2","431288","3","100","430991","431291","431292","5","2","431388","2","2000","431292","431390","431391","4","2","433388","-2","900","431391","434286","434286","0",NA,NA,"2",NA,NA,NA,NA,NA,NA,NA,NA,NA,NA,NA,NA,28676
"StroopTrialPROC","reactive2","14","reactiveBlockList","2","75",NA,NA,NA,NA,NA,NA,NA,NA,NA,NA,NA,NA,NA,NA,NA,NA,"1","2","2400","4","BLUE","Con","MC","blue","blue","5",NA,"132017_reactive_StroopRea_run2_AudioRecord-73.wav","2100","35","434321","3","300","434298","434324","434324","38","2",434588,"1","300","434324","434589","434590","3","132017_reactive_StroopRea_run2_AudioRecord-73.wav","2","434888","3","100","434590","434891","434891","5","2","434988","2","2000","434891","434990","434990","4","1","436987","-1","2100","434991","439086","439086","0",NA,NA,"2",NA,NA,NA,NA,NA,NA,NA,NA,NA,NA,NA,NA,28676
"StroopTrialPROC","reactive2","14","reactiveBlockList","2","76",NA,NA,NA,NA,NA,NA,NA,NA,NA,NA,NA,NA,NA,NA,NA,NA,"1","1","1200","3","GREEN","Con","PC50","green","green","3",NA,"132017_reactive_StroopRea_run2_AudioRecord-74.wav","900","18","439104","2","300","439092","439106","439107","20","1",439387,"2","300","439107","439389","439389","3","132017_reactive_StroopRea_run2_AudioRecord-74.wav","1","439687","3","100","439389","439690","439690","4","1","439787","2","2000","439690","439789","439790","3","1","441787","-1","900","439790","442686","442686","0",NA,NA,NA,"4",NA,NA,NA,NA,NA,NA,NA,NA,NA,NA,NA,28676
"StroopTrialPROC","reactive2","14","reactiveBlockList","2","77",NA,NA,NA,NA,NA,NA,NA,NA,NA,NA,NA,NA,NA,NA,NA,NA,"1","3","3600","5","BLUE","InCon","MI","purple","purple","1","5","132017_reactive_StroopRea_run2_AudioRecord-75.wav","3300","17","442703","3","300","442696","442706","442706","20","0",442986,"2","300","442706","442988","442988","2","132017_reactive_StroopRea_run2_AudioRecord-75.wav","0","443286","3","100","442989","443289","443290","3","0","443386","2","2000","443290","443388","443389","2","0","445386","0","3300","443389","448686","448686","0",NA,NA,NA,NA,NA,NA,NA,NA,NA,NA,NA,NA,NA,NA,NA,28676
"StroopTrialPROC","reactive2","14","reactiveBlockList","2","78",NA,NA,NA,NA,NA,NA,NA,NA,NA,NA,NA,NA,NA,NA,NA,NA,"1","3","3600","5","YELLOW","InCon","PC50","black","black","4",NA,"132017_reactive_StroopRea_run2_AudioRecord-76.wav","3300","16","448702","2","300","448692","448704","448705","18","16",449002,"2","300","448705","449004","449004","18","132017_reactive_StroopRea_run2_AudioRecord-76.wav","16","449302","3","100","449004","449305","449305","19","16","449402","2","2000","449306","449404","449405","18","16","451402","-16","3300","449405","454686","454686","0","3",NA,NA,NA,NA,NA,NA,NA,NA,NA,NA,NA,NA,NA,NA,28676
"StroopTrialPROC","reactive2","14","reactiveBlockList","2","79",NA,NA,NA,NA,NA,NA,NA,NA,NA,NA,NA,NA,NA,NA,NA,NA,"1","2","2400","4","RED","Con","MC","red","red","5",NA,"132017_reactive_StroopRea_run2_AudioRecord-77.wav","2100","15","454701","3","300","454692","454704","454704","18","15",455001,"2","300","454704","455003","455003","17","132017_reactive_StroopRea_run2_AudioRecord-77.wav","15","455301","3","100","455003","455304","455304","18","15","455401","2","2000","455305","455403","455404","17","15","457401","-15","2100","455404","459486","459486","0",NA,NA,"1",NA,NA,NA,NA,NA,NA,NA,NA,NA,NA,NA,NA,28676
"StroopTrialPROC","reactive2","14","reactiveBlockList","2","80",NA,NA,NA,NA,NA,NA,NA,NA,NA,NA,NA,NA,NA,NA,NA,NA,"1","3","3600","5","PURPLE","Con","MI","purple","purple","2",NA,"132017_reactive_StroopRea_run2_AudioRecord-78.wav","3300","14","459500","3","300","459492","459503","459503","17","14",459800,"2","300","459503","459802","459802","16","132017_reactive_StroopRea_run2_AudioRecord-78.wav","14","460100","3","100","459803","460103","460104","17","14","460200","3","2000","460104","460203","460203","17","14","462200","-14","3300","460203","465486","465486","0",NA,"2",NA,NA,NA,NA,NA,NA,NA,NA,NA,NA,NA,NA,NA,28676
"StroopTrialPROC","reactive2","14","reactiveBlockList","2","81",NA,NA,NA,NA,NA,NA,NA,NA,NA,NA,NA,NA,NA,NA,NA,NA,"1","1","1200","3","BLUE","InCon","MI","purple","purple","1","5","132017_reactive_StroopRea_run2_AudioRecord-79.wav","900","14","465500","2","300","465492","465502","465502","16","13",465799,"2","300","465503","465801","465801","15","132017_reactive_StroopRea_run2_AudioRecord-79.wav","13","466099","3","100","465802","466102","466103","16","13","466199","3","2000","466103","466202","466202","16","13","468199","-13","900","466202","469086","469086","0",NA,NA,NA,NA,NA,NA,NA,NA,NA,NA,NA,NA,NA,NA,NA,28676
"StroopTrialPROC","reactive2","14","reactiveBlockList","2","82",NA,NA,NA,NA,NA,NA,NA,NA,NA,NA,NA,NA,NA,NA,NA,NA,"1","2","2400","4","YELLOW","Con","PC50","yellow","yellow","3",NA,"132017_reactive_StroopRea_run2_AudioRecord-80.wav","2100","30","469116","2","300","469098","469118","469118","32","13",469399,"2","300","469118","469401","469401","15","132017_reactive_StroopRea_run2_AudioRecord-80.wav","13","469699","3","100","469401","469702","469702","16","13","469799","2","2000","469703","469801","469802","15","13","471799","-13","2100","469802","473886","473886","0",NA,NA,NA,"2",NA,NA,NA,NA,NA,NA,NA,NA,NA,NA,NA,28676
"FixationGetReadyPROC","reactive2","15","reactiveBlockList","2","83","29","473915","2","28400","473899","473917","473917","31","8","502294","2","1600","473918","502296","0","10",NA,NA,NA,NA,NA,NA,NA,NA,NA,NA,NA,NA,NA,NA,NA,NA,NA,NA,NA,NA,NA,NA,NA,NA,NA,NA,NA,NA,NA,NA,NA,NA,NA,NA,NA,NA,NA,NA,NA,NA,NA,NA,NA,NA,NA,NA,NA,NA,NA,NA,NA,NA,NA,NA,NA,NA,NA,NA,NA,NA,NA,NA,NA,NA,NA,NA,NA,NA,NA,28676
"StroopTrialPROC","reactive2","16","reactiveBlockList","2","84",NA,NA,NA,NA,NA,NA,NA,NA,NA,NA,NA,NA,NA,NA,NA,NA,"1","1","1200","3","RED","Con","MC","red","red","5",NA,"132017_reactive_StroopRea_run2_AudioRecord-81.wav","900","7","503893","3","300","502298","503896","503896","10","7",504193,"2","300","503896","504195","504195","9","132017_reactive_StroopRea_run2_AudioRecord-81.wav","7","504493","3","100","504196","504496","504497","10","7","504593","2","2000","504497","504595","504596","9","7","506593","-7","900","504596","507486","507486","0",NA,NA,"1",NA,NA,NA,NA,NA,NA,NA,NA,NA,NA,NA,NA,28676
"StroopTrialPROC","reactive2","16","reactiveBlockList","2","85",NA,NA,NA,NA,NA,NA,NA,NA,NA,NA,NA,NA,NA,NA,NA,NA,"1","1","1200","3","RED","InCon","MI","purple","purple","1","4","132017_reactive_StroopRea_run2_AudioRecord-82.wav","900","40","507526","2","300","507504","507528","507529","42","7",507793,"2","300","507529","507795","507795","9","132017_reactive_StroopRea_run2_AudioRecord-82.wav","7","508093","3","100","507795","508096","508096","10","7","508193","2","2000","508096","508195","508195","9","6","510192","-6","900","508196","511086","511086","0",NA,NA,NA,NA,NA,NA,NA,NA,NA,NA,NA,NA,NA,NA,NA,28676
"StroopTrialPROC","reactive2","16","reactiveBlockList","2","86",NA,NA,NA,NA,NA,NA,NA,NA,NA,NA,NA,NA,NA,NA,NA,NA,"1","3","3600","5","PURPLE","Con","MI","purple","purple","2",NA,"132017_reactive_StroopRea_run2_AudioRecord-83.wav","3300","23","511109","2","300","511102","511111","511112","25","6",511392,"2","300","511112","511394","511394","8","132017_reactive_StroopRea_run2_AudioRecord-83.wav","6","511692","3","100","511394","511695","511696","9","6","511792","2","2000","511696","511794","511795","8","6","513792","-6","3300","511795","517086","517086","0",NA,"2",NA,NA,NA,NA,NA,NA,NA,NA,NA,NA,NA,NA,NA,28676
"StroopTrialPROC","reactive2","16","reactiveBlockList","2","87",NA,NA,NA,NA,NA,NA,NA,NA,NA,NA,NA,NA,NA,NA,NA,NA,"1","2","2400","4","GREEN","Con","PC50","green","green","3",NA,"132017_reactive_StroopRea_run2_AudioRecord-84.wav","2100","22","517108","2","300","517092","517110","517111","24","5",517391,"2","300","517111","517393","517393","7","132017_reactive_StroopRea_run2_AudioRecord-84.wav","5","517691","3","100","517393","517694","517694","8","5","517791","3","2000","517695","517794","517794","8","5","519791","-5","2100","517794","521886","521886","0",NA,NA,NA,"4",NA,NA,NA,NA,NA,NA,NA,NA,NA,NA,NA,28676
"StroopTrialPROC","reactive2","16","reactiveBlockList","2","88",NA,NA,NA,NA,NA,NA,NA,NA,NA,NA,NA,NA,NA,NA,NA,NA,"1","2","2400","4","BLUE","Con","MC","blue","blue","5",NA,"132017_reactive_StroopRea_run2_AudioRecord-85.wav","2100","21","521907","2","300","521893","521909","521910","23","5",522191,"1","300","521910","522192","522192","6","132017_reactive_StroopRea_run2_AudioRecord-85.wav","4","522490","4","100","522193","522494","522494","8","4","522590","3","2000","522494","522593","522593","7","4","524590","-4","2100","522593","526686","526686","0",NA,NA,"2",NA,NA,NA,NA,NA,NA,NA,NA,NA,NA,NA,NA,28676
"StroopTrialPROC","reactive2","16","reactiveBlockList","2","89",NA,NA,NA,NA,NA,NA,NA,NA,NA,NA,NA,NA,NA,NA,NA,NA,"1","2","2400","4","BLUE","Con","MC","blue","blue","5",NA,"132017_reactive_StroopRea_run2_AudioRecord-86.wav","2100","20","526706","3","300","526692","526709","526709","23","4",526990,"1","300","526709","526991","526992","5","132017_reactive_StroopRea_run2_AudioRecord-86.wav","4","527290","3","100","526992","527293","527293","7","4","527390","2","2000","527293","527392","527392","6","3","529389","-3","2100","527392","531486","531486","0",NA,NA,"2",NA,NA,NA,NA,NA,NA,NA,NA,NA,NA,NA,NA,28676
"StroopTrialPROC","reactive2","16","reactiveBlockList","2","90",NA,NA,NA,NA,NA,NA,NA,NA,NA,NA,NA,NA,NA,NA,NA,NA,"1","1","1200","3","RED","Con","MC","red","red","5",NA,"132017_reactive_StroopRea_run2_AudioRecord-87.wav","900","20","531506","2","300","531493","531508","531509","22","3",531789,"2","300","531509","531791","531791","5","132017_reactive_StroopRea_run2_AudioRecord-87.wav","3","532089","3","100","531791","532092","532092","6","3","532189","2","2000","532093","532191","532192","5","3","534189","-3","900","532192","535086","535086","0",NA,NA,"1",NA,NA,NA,NA,NA,NA,NA,NA,NA,NA,NA,NA,28676
"StroopTrialPROC","reactive2","16","reactiveBlockList","2","91",NA,NA,NA,NA,NA,NA,NA,NA,NA,NA,NA,NA,NA,NA,NA,NA,"1","2","2400","4","PINK","InCon","PC50","black","black","4",NA,"132017_reactive_StroopRea_run2_AudioRecord-88.wav","2100","19","535105","3","300","535098","535108","535108","22","2",535388,"2","300","535108","535390","535390","4","132017_reactive_StroopRea_run2_AudioRecord-88.wav","2","535688","3","100","535391","535691","535692","5","2","535788","3","2000","535692","535791","535791","5","2","537788","-2","2100","535791","539886","539886","0","1",NA,NA,NA,NA,NA,NA,NA,NA,NA,NA,NA,NA,NA,NA,28676
"StroopTrialPROC","reactive2","16","reactiveBlockList","2","92",NA,NA,NA,NA,NA,NA,NA,NA,NA,NA,NA,NA,NA,NA,NA,NA,"1","3","3600","5","BLUE","Con","MC","blue","blue","5",NA,"132017_reactive_StroopRea_run2_AudioRecord-89.wav","3300","35","539921","3","300","539914","539924","539924","38","2",540188,"1","300","539924","540189","540190","3","132017_reactive_StroopRea_run2_AudioRecord-89.wav","2","540488","3","100","540190","540491","540491","5","2","540588","2","2000","540491","540590","540590","4","1","542587","-1","3300","540590","545886","545886","0",NA,NA,"2",NA,NA,NA,NA,NA,NA,NA,NA,NA,NA,NA,NA,28676
"StroopTrialPROC","reactive2","16","reactiveBlockList","2","93",NA,NA,NA,NA,NA,NA,NA,NA,NA,NA,NA,NA,NA,NA,NA,NA,"1","3","3600","5","RED","InCon","MI","purple","purple","1","4","132017_reactive_StroopRea_run2_AudioRecord-90.wav","3300","51","545937","2","300","545923","545939","545940","53","1",546187,"1","300","545940","546188","546189","2","132017_reactive_StroopRea_run2_AudioRecord-90.wav","1","546487","3","100","546189","546490","546490","4","1","546587","2","2000","546490","546589","546589","3","0","548586","0","3300","546590","551886","551886","0",NA,NA,NA,NA,NA,NA,NA,NA,NA,NA,NA,NA,NA,NA,NA,28676
"StroopTrialPROC","reactive2","16","reactiveBlockList","2","94",NA,NA,NA,NA,NA,NA,NA,NA,NA,NA,NA,NA,NA,NA,NA,NA,"1","3","3600","5","PURPLE","Con","MI","purple","purple","2",NA,"132017_reactive_StroopRea_run2_AudioRecord-91.wav","3300","17","551903","2","300","551893","551905","551905","19","0",552186,"1","300","551905","552187","552188","1","132017_reactive_StroopRea_run2_AudioRecord-91.wav","0","552486","3","100","552188","552489","552489","3","0","552586","2","2000","552489","552588","552588","2","16","554602","-16","3300","552589","557886","557886","0",NA,"2",NA,NA,NA,NA,NA,NA,NA,NA,NA,NA,NA,NA,NA,28676
"StroopTrialPROC","reactive2","16","reactiveBlockList","2","95",NA,NA,NA,NA,NA,NA,NA,NA,NA,NA,NA,NA,NA,NA,NA,NA,"1","1","1200","3","RED","InCon","MI","white","white","1","1","132017_reactive_StroopRea_run2_AudioRecord-92.wav","900","16","557902","2","300","557892","557904","557904","18","16",558202,"1","300","557904","558203","558203","17","132017_reactive_StroopRea_run2_AudioRecord-92.wav","15","558501","4","100","558204","558505","558505","19","15","558601","3","2000","558505","558604","558604","18","15","560601","-15","900","558604","561486","561486","0",NA,NA,NA,NA,NA,NA,NA,NA,NA,NA,NA,NA,NA,NA,NA,28676
"StroopTrialPROC","reactive2","16","reactiveBlockList","2","96",NA,NA,NA,NA,NA,NA,NA,NA,NA,NA,NA,NA,NA,NA,NA,NA,"1","2","2400","4","WHITE","Con","MI","white","white","2",NA,"132017_reactive_StroopRea_run2_AudioRecord-93.wav","2100","32","561518","2","300","561500","561520","561520","34","15",561801,"2","300","561520","561803","561803","17","132017_reactive_StroopRea_run2_AudioRecord-93.wav","15","562101","3","100","561803","562104","562104","18","15","562201","2","2000","562105","562203","562204","17","15","564201","-15","2100","562204","566286","566286","0",NA,"1",NA,NA,NA,NA,NA,NA,NA,NA,NA,NA,NA,NA,NA,28676
"StroopTrialPROC","reactive2","16","reactiveBlockList","2","97",NA,NA,NA,NA,NA,NA,NA,NA,NA,NA,NA,NA,NA,NA,NA,NA,"1","3","3600","5","RED","Con","MC","red","red","5",NA,"132017_reactive_StroopRea_run2_AudioRecord-94.wav","3300","14","566300","3","300","566292","566303","566303","17","14",566600,"2","300","566303","566602","566602","16","132017_reactive_StroopRea_run2_AudioRecord-94.wav","14","566900","3","100","566602","566903","566903","17","14","567000","2","2000","566904","567002","567003","16","14","569000","-14","3300","567003","572286","572286","0",NA,NA,"1",NA,NA,NA,NA,NA,NA,NA,NA,NA,NA,NA,NA,28676
"StroopTrialPROC","reactive2","16","reactiveBlockList","2","98",NA,NA,NA,NA,NA,NA,NA,NA,NA,NA,NA,NA,NA,NA,NA,NA,"1","1","1200","3","BLUE","Con","MC","blue","blue","5",NA,"132017_reactive_StroopRea_run2_AudioRecord-95.wav","900","30","572316","2","300","572293","572318","572319","32","13",572599,"2","300","572319","572601","572601","15","132017_reactive_StroopRea_run2_AudioRecord-95.wav","13","572899","3","100","572601","572902","572903","16","13","572999","3","2000","572903","573002","573002","16","13","574999","-13","900","573002","575886","575886","0",NA,NA,"2",NA,NA,NA,NA,NA,NA,NA,NA,NA,NA,NA,NA,28676
"StroopTrialPROC","reactive2","16","reactiveBlockList","2","99",NA,NA,NA,NA,NA,NA,NA,NA,NA,NA,NA,NA,NA,NA,NA,NA,"1","1","1200","3","RED","Con","MC","red","red","5",NA,"132017_reactive_StroopRea_run2_AudioRecord-96.wav","900","29","575915","3","300","575898","575918","575918","32","13",576199,"1","300","575918","576200","576201","14","132017_reactive_StroopRea_run2_AudioRecord-96.wav","13","576499","3","100","576201","576502","576502","16","13","576599","2","2000","576502","576601","576601","15","12","578598","-12","900","576601","579486","579486","0",NA,NA,"1",NA,NA,NA,NA,NA,NA,NA,NA,NA,NA,NA,NA,28676
"StroopTrialPROC","reactive2","16","reactiveBlockList","2","100",NA,NA,NA,NA,NA,NA,NA,NA,NA,NA,NA,NA,NA,NA,NA,NA,"1","3","3600","5","BLACK","Con","PC50","black","black","3",NA,"132017_reactive_StroopRea_run2_AudioRecord-97.wav","3300","29","579515","2","300","579497","579517","579517","31","12",579798,"2","300","579518","579800","579800","14","132017_reactive_StroopRea_run2_AudioRecord-97.wav","12","580098","3","100","579800","580101","580101","15","12","580198","2","2000","580102","580200","580201","14","12","582198","-12","3300","580201","585486","585486","0",NA,NA,NA,"1",NA,NA,NA,NA,NA,NA,NA,NA,NA,NA,NA,28676
"StroopTrialPROC","reactive2","16","reactiveBlockList","2","101",NA,NA,NA,NA,NA,NA,NA,NA,NA,NA,NA,NA,NA,NA,NA,NA,"1","3","3600","5","BLACK","InCon","PC50","yellow","yellow","4",NA,"132017_reactive_StroopRea_run2_AudioRecord-98.wav","3300","28","585514","2","300","585492","585516","585516","30","11",585797,"2","300","585517","585799","585799","13","132017_reactive_StroopRea_run2_AudioRecord-98.wav","11","586097","3","100","585799","586100","586100","14","11","586197","2","2000","586101","586199","586200","13","11","588197","-11","3300","586200","591486","591486","0","4",NA,NA,NA,NA,NA,NA,NA,NA,NA,NA,NA,NA,NA,NA,28676
"StroopTrialPROC","reactive2","16","reactiveBlockList","2","102",NA,NA,NA,NA,NA,NA,NA,NA,NA,NA,NA,NA,NA,NA,NA,NA,"1","1","1200","3","BLUE","InCon","MI","purple","purple","1","5","132017_reactive_StroopRea_run2_AudioRecord-99.wav","900","27","591513","2","300","591492","591515","591515","29","10",591796,"2","300","591516","591798","591798","12","132017_reactive_StroopRea_run2_AudioRecord-99.wav","10","592096","3","100","591798","592099","592099","13","10","592196","2","2000","592100","592198","592199","12","10","594196","-10","900","592199","595086","595086","0",NA,NA,NA,NA,NA,NA,NA,NA,NA,NA,NA,NA,NA,NA,NA,28676
"StroopTrialPROC","reactive2","16","reactiveBlockList","2","103",NA,NA,NA,NA,NA,NA,NA,NA,NA,NA,NA,NA,NA,NA,NA,NA,"1","1","1200","3","WHITE","Con","MI","white","white","2",NA,"132017_reactive_StroopRea_run2_AudioRecord-100.wav","900","26","595112","2","300","595095","595114","595115","28","10",595396,"1","300","595115","595397","595398","11","132017_reactive_StroopRea_run2_AudioRecord-100.wav","10","595696","3","100","595398","595699","595699","13","10","595796","2","2000","595699","595798","595798","12","9","597795","-9","900","595799","598686","598686","0",NA,"1",NA,NA,NA,NA,NA,NA,NA,NA,NA,NA,NA,NA,NA,28676
"StroopTrialPROC","reactive2","16","reactiveBlockList","2","104",NA,NA,NA,NA,NA,NA,NA,NA,NA,NA,NA,NA,NA,NA,NA,NA,"1","3","3600","5","RED","Con","MC","red","red","5",NA,"132017_reactive_StroopRea_run2_AudioRecord-101.wav","3300","26","598712","2","300","598695","598714","598714","28","9",598995,"2","300","598714","598997","598997","11","132017_reactive_StroopRea_run2_AudioRecord-101.wav","9","599295","3","100","598997","599298","599298","12","9","599395","2","2000","599299","599397","599397","11","9","601395","-9","3300","599398","604686","604686","0",NA,NA,"1",NA,NA,NA,NA,NA,NA,NA,NA,NA,NA,NA,NA,28676
"StroopTrialPROC","reactive2","16","reactiveBlockList","2","105",NA,NA,NA,NA,NA,NA,NA,NA,NA,NA,NA,NA,NA,NA,NA,NA,"1","1","1200","3","RED","Con","MC","red","red","5",NA,"132017_reactive_StroopRea_run2_AudioRecord-102.wav","900","25","604711","2","300","604692","604713","604714","27","8",604994,"2","300","604714","604996","604996","10","132017_reactive_StroopRea_run2_AudioRecord-102.wav","8","605294","3","100","604996","605297","605297","11","8","605394","2","2000","605298","605396","605397","10","8","607394","-8","900","605397","608286","608286","0",NA,NA,"1",NA,NA,NA,NA,NA,NA,NA,NA,NA,NA,NA,NA,28676
"StroopTrialPROC","reactive2","16","reactiveBlockList","2","106",NA,NA,NA,NA,NA,NA,NA,NA,NA,NA,NA,NA,NA,NA,NA,NA,"1","2","2400","4","BLUE","InCon","MI","white","white","1","2","132017_reactive_StroopRea_run2_AudioRecord-103.wav","2100","24","608310","2","300","608293","608312","608313","26","8",608594,"1","300","608313","608595","608595","9","132017_reactive_StroopRea_run2_AudioRecord-103.wav","7","608893","4","100","608596","608897","608897","11","7","608993","3","2000","608897","608996","608996","10","7","610993","-7","2100","608996","613086","613086","0",NA,NA,NA,NA,NA,NA,NA,NA,NA,NA,NA,NA,NA,NA,NA,28676
"StroopTrialPROC","reactive2","16","reactiveBlockList","2","107",NA,NA,NA,NA,NA,NA,NA,NA,NA,NA,NA,NA,NA,NA,NA,NA,"1","2","2400","4","PURPLE","InCon","MI","white","white","1","3","132017_reactive_StroopRea_run2_AudioRecord-104.wav","2100","23","613109","3","300","613092","613112","613112","26","7",613393,"1","300","613112","613394","613395","8","132017_reactive_StroopRea_run2_AudioRecord-104.wav","7","613693","3","100","613395","613696","613696","10","7","613793","2","2000","613696","613795","613795","9","6","615792","-6","2100","613796","617886","617886","0",NA,NA,NA,NA,NA,NA,NA,NA,NA,NA,NA,NA,NA,NA,NA,28676
"StroopTrialPROC","reactive2","16","reactiveBlockList","2","108",NA,NA,NA,NA,NA,NA,NA,NA,NA,NA,NA,NA,NA,NA,NA,NA,"1","1","1200","3","BLUE","Con","MC","blue","blue","5",NA,"132017_reactive_StroopRea_run2_AudioRecord-105.wav","900","23","617909","2","300","617893","617911","617911","25","6",618192,"2","300","617911","618194","618194","8","132017_reactive_StroopRea_run2_AudioRecord-105.wav","6","618492","3","100","618194","618495","618495","9","6","618592","2","2000","618495","618594","618595","8","6","620592","-6","900","618595","621486","621486","0",NA,NA,"2",NA,NA,NA,NA,NA,NA,NA,NA,NA,NA,NA,NA,28676
"StroopTrialPROC","reactive2","16","reactiveBlockList","2","109",NA,NA,NA,NA,NA,NA,NA,NA,NA,NA,NA,NA,NA,NA,NA,NA,"1","2","2400","4","WHITE","InCon","MI","purple","purple","1","6","132017_reactive_StroopRea_run2_AudioRecord-106.wav","2100","55","621541","3","300","621522","621544","621544","58","5",621791,"2","300","621544","621793","621793","7","132017_reactive_StroopRea_run2_AudioRecord-106.wav","5","622091","3","100","621794","622094","622095","8","5","622191","3","2000","622095","622194","622194","8","5","624191","-5","2100","622194","626286","626286","0",NA,NA,NA,NA,NA,NA,NA,NA,NA,NA,NA,NA,NA,NA,NA,28676
"StroopTrialPROC","reactive2","16","reactiveBlockList","2","110",NA,NA,NA,NA,NA,NA,NA,NA,NA,NA,NA,NA,NA,NA,NA,NA,"1","3","3600","5","BLUE","Con","MC","blue","blue","5",NA,"132017_reactive_StroopRea_run2_AudioRecord-107.wav","3300","21","626307","3","300","626293","626310","626310","24","5",626591,"1","300","626310","626592","626593","6","132017_reactive_StroopRea_run2_AudioRecord-107.wav","5","626891","3","100","626593","626894","626894","8","5","626991","2","2000","626894","626993","626993","7","4","628990","-4","3300","626994","632286","632286","0",NA,NA,"2",NA,NA,NA,NA,NA,NA,NA,NA,NA,NA,NA,NA,28676
"StroopTrialPROC","reactive2","16","reactiveBlockList","2","111",NA,NA,NA,NA,NA,NA,NA,NA,NA,NA,NA,NA,NA,NA,NA,NA,"1","2","2400","4","GREEN","InCon","PC50","pink","255,105,180","4",NA,"132017_reactive_StroopRea_run2_AudioRecord-108.wav","2100","20","632306","3","300","632294","632309","632309","23","4",632590,"1","300","632309","632591","632592","5","132017_reactive_StroopRea_run2_AudioRecord-108.wav","4","632890","3","100","632592","632893","632893","7","4","632990","2","2000","632893","632992","632992","6","3","634989","-3","2100","632993","637086","637086","0","8",NA,NA,NA,NA,NA,NA,NA,NA,NA,NA,NA,NA,NA,NA,28676
"StroopTrialPROC","reactive2","16","reactiveBlockList","2","112",NA,NA,NA,NA,NA,NA,NA,NA,NA,NA,NA,NA,NA,NA,NA,NA,"1","3","3600","5","RED","Con","MC","red","red","5",NA,"132017_reactive_StroopRea_run2_AudioRecord-109.wav","3300","20","637106","2","300","637093","637108","637108","22","3",637389,"2","300","637108","637391","637391","5","132017_reactive_StroopRea_run2_AudioRecord-109.wav","3","637689","3","100","637391","637692","637692","6","3","637789","2","2000","637693","637791","637792","5","3","639789","-3","3300","637792","643086","643086","0",NA,NA,"1",NA,NA,NA,NA,NA,NA,NA,NA,NA,NA,NA,NA,28676
"StroopTrialPROC","reactive2","16","reactiveBlockList","2","113",NA,NA,NA,NA,NA,NA,NA,NA,NA,NA,NA,NA,NA,NA,NA,NA,"1","1","1200","3","YELLOW","Con","PC50","yellow","yellow","3",NA,"132017_reactive_StroopRea_run2_AudioRecord-110.wav","900","19","643105","2","300","643092","643107","643107","21","2",643388,"2","300","643107","643390","643390","4","132017_reactive_StroopRea_run2_AudioRecord-110.wav","2","643688","3","100","643390","643691","643691","5","2","643788","2","2000","643692","643790","643791","4","2","645788","-2","900","643791","646686","646686","0",NA,NA,NA,"2",NA,NA,NA,NA,NA,NA,NA,NA,NA,NA,NA,28676
"StroopTrialPROC","reactive2","16","reactiveBlockList","2","114",NA,NA,NA,NA,NA,NA,NA,NA,NA,NA,NA,NA,NA,NA,NA,NA,"1","2","2400","4","RED","InCon","MI","white","white","1","1","132017_reactive_StroopRea_run2_AudioRecord-111.wav","2100","18","646704","3","300","646697","646707","646707","21","1",646987,"2","300","646707","646989","646989","3","132017_reactive_StroopRea_run2_AudioRecord-111.wav","1","647287","3","100","646990","647290","647291","4","1","647387","3","2000","647291","647390","647390","4","1","649387","-1","2100","647390","651486","651486","0",NA,NA,NA,NA,NA,NA,NA,NA,NA,NA,NA,NA,NA,NA,NA,28676
"StroopTrialPROC","reactive2","16","reactiveBlockList","2","115",NA,NA,NA,NA,NA,NA,NA,NA,NA,NA,NA,NA,NA,NA,NA,NA,"1","3","3600","5","RED","Con","MC","red","red","5",NA,"132017_reactive_StroopRea_run2_AudioRecord-112.wav","3300","17","651503","3","300","651493","651506","651506","20","1",651787,"1","300","651506","651788","651789","2","132017_reactive_StroopRea_run2_AudioRecord-112.wav","1","652087","3","100","651789","652090","652090","4","1","652187","2","2000","652090","652189","652189","3","0","654186","0","3300","652189","657486","657486","0",NA,NA,"1",NA,NA,NA,NA,NA,NA,NA,NA,NA,NA,NA,NA,28676
"StroopTrialPROC","reactive2","16","reactiveBlockList","2","116",NA,NA,NA,NA,NA,NA,NA,NA,NA,NA,NA,NA,NA,NA,NA,NA,"1","2","2400","4","WHITE","InCon","MI","purple","purple","1","6","132017_reactive_StroopRea_run2_AudioRecord-113.wav","2100","16","657502","3","300","657492","657505","657505","19","0",657786,"1","300","657505","657787","657788","1","132017_reactive_StroopRea_run2_AudioRecord-113.wav","0","658086","3","100","657788","658089","658089","3","0","658186","2","2000","658089","658188","658188","2","16","660202","-16","2100","658189","662286","662286","0",NA,NA,NA,NA,NA,NA,NA,NA,NA,NA,NA,NA,NA,NA,NA,28676
"StroopTrialPROC","reactive2","16","reactiveBlockList","2","117",NA,NA,NA,NA,NA,NA,NA,NA,NA,NA,NA,NA,NA,NA,NA,NA,"1","2","2400","4","BLUE","Con","MC","blue","blue","5",NA,"132017_reactive_StroopRea_run2_AudioRecord-114.wav","2100","16","662302","2","300","662292","662304","662304","18","16",662602,"1","300","662304","662603","662604","17","132017_reactive_StroopRea_run2_AudioRecord-114.wav","16","662902","3","100","662604","662905","662905","19","16","663002","2","2000","662905","663004","663004","18","15","665001","-15","2100","663004","667086","667086","0",NA,NA,"2",NA,NA,NA,NA,NA,NA,NA,NA,NA,NA,NA,NA,28676
"StroopTrialPROC","reactive2","16","reactiveBlockList","2","118",NA,NA,NA,NA,NA,NA,NA,NA,NA,NA,NA,NA,NA,NA,NA,NA,"1","1","1200","3","YELLOW","InCon","PC50","green","green","4",NA,"132017_reactive_StroopRea_run2_AudioRecord-115.wav","900","15","667101","2","300","667093","667103","667104","17","15",667401,"2","300","667104","667403","667403","17","132017_reactive_StroopRea_run2_AudioRecord-115.wav","15","667701","3","100","667403","667704","667704","18","15","667801","2","2000","667705","667803","667804","17","15","669801","-15","900","667804","670686","670686","0","12",NA,NA,NA,NA,NA,NA,NA,NA,NA,NA,NA,NA,NA,NA,28676
"StroopTrialPROC","reactive2","16","reactiveBlockList","2","119",NA,NA,NA,NA,NA,NA,NA,NA,NA,NA,NA,NA,NA,NA,NA,NA,"1","1","1200","3","PINK","Con","PC50","pink","255,105,180","3",NA,"132017_reactive_StroopRea_run2_AudioRecord-116.wav","900","31","670717","2","300","670700","670719","670720","33","14",671000,"2","300","670720","671002","671002","16","132017_reactive_StroopRea_run2_AudioRecord-116.wav","14","671300","3","100","671002","671303","671303","17","14","671400","2","2000","671304","671402","671403","16","14","673400","-14","900","671403","674286","674286","0",NA,NA,NA,"3",NA,NA,NA,NA,NA,NA,NA,NA,NA,NA,NA,28676
"StroopTrialPROC","reactive2","16","reactiveBlockList","2","120",NA,NA,NA,NA,NA,NA,NA,NA,NA,NA,NA,NA,NA,NA,NA,NA,"1","3","3600","5","BLUE","InCon","MI","purple","purple","1","5","132017_reactive_StroopRea_run2_AudioRecord-117.wav","3300","47","674333","3","300","674310","674336","674336","50","14",674600,"1","300","674336","674601","674602","15","132017_reactive_StroopRea_run2_AudioRecord-117.wav","14","674900","3","100","674602","674903","674903","17","14","675000","2","2000","674903","675002","675002","16","13","676999","-13","3300","675002","680286","680286","0",NA,NA,NA,NA,NA,NA,NA,NA,NA,NA,NA,NA,NA,NA,NA,28676
"StroopTrialPROC","reactive2","16","reactiveBlockList","2","121",NA,NA,NA,NA,NA,NA,NA,NA,NA,NA,NA,NA,NA,NA,NA,NA,"1","2","2400","4","PURPLE","InCon","MI","white","white","1","3","132017_reactive_StroopRea_run2_AudioRecord-118.wav","2100","30","680316","2","300","680292","680318","680318","32","13",680599,"1","300","680318","680600","680601","14","132017_reactive_StroopRea_run2_AudioRecord-118.wav","13","680899","3","100","680601","680902","680902","16","13","680999","2","2000","680903","681001","681001","15","12","682998","-12","2100","681002","685086","685086","0",NA,NA,NA,NA,NA,NA,NA,NA,NA,NA,NA,NA,NA,NA,NA,28676
"StroopTrialPROC","reactive2","16","reactiveBlockList","2","122",NA,NA,NA,NA,NA,NA,NA,NA,NA,NA,NA,NA,NA,NA,NA,NA,"1","1","1200","3","BLUE","Con","MC","blue","blue","5",NA,"132017_reactive_StroopRea_run2_AudioRecord-119.wav","900","29","685115","2","300","685092","685117","685117","31","12",685398,"2","300","685117","685400","685400","14","132017_reactive_StroopRea_run2_AudioRecord-119.wav","12","685698","3","100","685400","685701","685701","15","12","685798","2","2000","685702","685800","685801","14","12","687798","-12","900","685801","688686","688686","0",NA,NA,"2",NA,NA,NA,NA,NA,NA,NA,NA,NA,NA,NA,NA,28676
"StroopTrialPROC","reactive2","16","reactiveBlockList","2","123",NA,NA,NA,NA,NA,NA,NA,NA,NA,NA,NA,NA,NA,NA,NA,NA,"1","3","3600","5","BLUE","InCon","MI","white","white","1","2","132017_reactive_StroopRea_run2_AudioRecord-120.wav","3300","28","688714","2","300","688697","688716","688717","30","11",688997,"2","300","688717","688999","688999","13","132017_reactive_StroopRea_run2_AudioRecord-120.wav","11","689297","4","100","689000","689301","689301","15","11","689397","3","2000","689301","689400","689400","14","11","691397","-11","3300","689400","694686","694686","0",NA,NA,NA,NA,NA,NA,NA,NA,NA,NA,NA,NA,NA,NA,NA,28676
"FixationOnlyPROC","reactive2","17","reactiveBlockList","2","124",NA,NA,NA,NA,NA,NA,NA,NA,NA,NA,NA,NA,NA,NA,NA,NA,NA,NA,NA,NA,NA,NA,NA,NA,NA,NA,NA,NA,NA,NA,NA,NA,NA,NA,NA,NA,NA,NA,NA,NA,NA,NA,NA,NA,NA,NA,NA,NA,NA,NA,NA,NA,NA,NA,NA,NA,NA,NA,NA,NA,NA,NA,NA,NA,NA,NA,NA,NA,NA,NA,NA,NA,NA,NA,"27","694713","2","30000","694693","694715","694716","29",NA,NA,NA,28676
"PausePROC","reactive2","18","reactiveBlockList","2","125",NA,NA,NA,NA,NA,NA,NA,NA,NA,NA,NA,NA,NA,NA,NA,NA,NA,NA,NA,NA,NA,NA,NA,NA,NA,NA,NA,NA,NA,NA,NA,NA,NA,NA,NA,NA,NA,NA,NA,NA,NA,NA,NA,NA,NA,NA,NA,NA,NA,NA,NA,NA,NA,NA,NA,NA,NA,NA,NA,NA,NA,NA,NA,NA,NA,NA,NA,NA,NA,NA,NA,NA,NA,NA,NA,NA,NA,NA,NA,NA,NA,NA,"6","724692","694717",28676
