"Procedure","RunNumberFilterValue","proactiveBlockList","Running","proactiveBlockList.Cycle","proactiveBlockList.Sample","Fixation.OnsetDelay","Fixation.OnsetTime","Fixation.DurationError","Fixation.Duration","Fixation.StartTime","Fixation.OffsetTime","Fixation.FinishTime","Fixation.OffsetDelay","getready.OnsetDelay","getready.OnsetTime","getready.DurationError","getready.Duration","getready.StartTime","getready.OffsetTime","getready.CustomOffsetTime","getready.OffsetDelay","Stimuli","Number","Letter","Congruency","TaskCue","NumberResp","LetterResp","TestGroup","Incentive","n_Switch","n_Min1_Switch","LocVal","Location","CueColor","Color","ColorOrig","TrialType","ToBeIncentivized","ITI","ms","TRs","PRO1B1SamplingList","ShortenedISI","Correct","PreISIfix.OnsetDelay","PreISIfix.OnsetTime","PreISIfix.DurationError","PreISIfix.Duration","PreISIfix.StartTime","PreISIfix.OffsetTime","PreISIfix.FinishTime","PreISIfix.OffsetDelay","Flicker.OnsetDelay","Flicker.OnsetTime","Flicker.DurationError","Flicker.Duration","Flicker.StartTime","Flicker.OffsetTime","Flicker.FinishTime","Flicker.OffsetDelay","CueSlide.OnsetDelay","CueSlide.OnsetTime","CueSlide.DurationError","CueSlide.Duration","CueSlide.StartTime","CueSlide.OffsetTime","CueSlide.FinishTime","CueSlide.OffsetDelay","Delay.OnsetDelay","Delay.OnsetTime","Delay.DurationError","Delay.Duration","Delay.StartTime","Delay.OffsetTime","Delay.FinishTime","Delay.OffsetDelay","TargetSlide.OnsetDelay","TargetSlide.OnsetTime","TargetSlide.DurationError","TargetSlide.Duration","TargetSlide.StartTime","TargetSlide.OffsetTime","TargetSlide.FinishTime","TargetSlide.OffsetDelay","TargetSlide.RTTime","TargetSlide.ACC","TargetSlide.RT","TargetSlide.RESP","TargetSlide.CRESP","TrialACC","FeedbackSlide.OnsetDelay","FeedbackSlide.OnsetTime","FeedbackSlide.DurationError","FeedbackSlide.Duration","FeedbackSlide.StartTime","FeedbackSlide.OffsetTime","FeedbackSlide.FinishTime","FeedbackSlide.OffsetDelay","ISIfix.OnsetDelay","ISIfix.OnsetTime","ISIfix.DurationError","ISIfix.Duration","ISIfix.StartTime","ISIfix.OffsetTime","ISIfix.FinishTime","ISIfix.OffsetDelay","PRO1B2SamplingList","TestOrder","PRO1B3SamplingList","FixationFinal.OnsetDelay","FixationFinal.OnsetTime","FixationFinal.DurationError","FixationFinal.Duration","FixationFinal.StartTime","FixationFinal.OffsetTime","FixationFinal.FinishTime","FixationFinal.OffsetDelay","scanstart.RTTime"
"FixationGetReadyPROC","proactive1","1","proactiveBlockList","2","1","19","130990","2","28400","130972","130992","130992","21","14","159385","2","1600","130992","159387","0","16",NA,NA,NA,NA,NA,NA,NA,NA,NA,NA,NA,NA,NA,NA,NA,NA,NA,NA,NA,NA,NA,NA,NA,NA,NA,NA,NA,NA,NA,NA,NA,NA,NA,NA,NA,NA,NA,NA,NA,NA,NA,NA,NA,NA,NA,NA,NA,NA,NA,NA,NA,NA,NA,NA,NA,NA,NA,NA,NA,NA,NA,NA,NA,NA,NA,NA,NA,NA,NA,NA,NA,NA,NA,NA,NA,NA,NA,NA,NA,NA,NA,NA,NA,NA,NA,NA,NA,NA,NA,NA,NA,NA,NA,NA,NA,NA,NA,130969
"CuedTSTrialPROC","proactive1","2","proactiveBlockList","2","2",NA,NA,NA,NA,NA,NA,NA,NA,NA,NA,NA,NA,NA,NA,NA,NA,"I6","Even","Vowel","Congruent","Attend Letter","1","1","?","1","2","2","?","?","Green","Black","Green","Incentive","0","2","3200","X","6","2400","1","14","160985","2","800","159389","160987","160988","16","14",161785,"2","300","160988","161787","161787","16","14","162085","2","500","161787","162087","162087","16","14","162585","2","4000","162088","162587","162587","16","13","166584","-13","3200","162588","169771","169771","0",167743,1,1159,"1","1","1","13","169784","2","800","169771","169786","169786","15","13","170584","-13","2400","169786","172971","172971","0",NA,NA,NA,NA,NA,NA,NA,NA,NA,NA,NA,130969
"CuedTSTrialPROC","proactive1","2","proactiveBlockList","2","3",NA,NA,NA,NA,NA,NA,NA,NA,NA,NA,NA,NA,NA,NA,NA,NA,"B1","Odd","Consonant","Congruent","Attend Number","2","2","?","?","1","2","?","?","Red","Black","Black","NonIncentive","0","3","4400","X","16","3600","2","12","172983","2","800","172973","172985","172986","14","12",173783,"2","300","172986","173785","173785","14","12","174083","2","500","173785","174085","174086","14","12","174583","2","4000","174086","174585","174585","14","11","178582","-11","3200","174586","181771","181771","0",180205,1,1623,"2","2","1","11","181782","2","800","181771","181784","181784","13","11","182582","-11","3600","181785","186171","186171","0",NA,NA,NA,NA,NA,NA,NA,NA,NA,NA,NA,130969
"CuedTSTrialPROC","proactive1","2","proactiveBlockList","2","4",NA,NA,NA,NA,NA,NA,NA,NA,NA,NA,NA,NA,NA,NA,NA,NA,"B2","Even","Consonant","Incongruent","Attend Number","1","2","?","?","0","1","?","?","Red","Black","Black","NonIncentive","0","2","3200","X","11","2400","1","10","186181","2","800","186173","186183","186184","12","10",186981,"2","300","186184","186983","186983","12","10","187281","2","500","186983","187283","187283","12","10","187781","2","4000","187284","187783","187783","12","9","191780","-9","3200","187784","194971","194971","0",193290,1,1510,"1","1","1","9","194980","2","800","194971","194982","194982","11","9","195780","-9","2400","194982","198171","198171","0",NA,NA,NA,NA,NA,NA,NA,NA,NA,NA,NA,130969
"CuedTSTrialPROC","proactive1","2","proactiveBlockList","2","5",NA,NA,NA,NA,NA,NA,NA,NA,NA,NA,NA,NA,NA,NA,NA,NA,"4D","Even","Consonant","Incongruent","Attend Number","1","2","?","1","0","0","?","?","Green","Black","Green","Incentive","0","1","2000","X","3","1200","1","8","198179","2","800","198173","198181","198182","10","8",198979,"2","300","198182","198981","198981","10","8","199279","2","500","198981","199281","199282","10","8","199779","2","4000","199282","199781","199781","10","7","203778","-7","3200","199782","206971","206971","0",204903,1,1125,"1","1","1","7","206978","2","800","206971","206980","206980","9","7","207778","-7","1200","206981","208971","208971","0",NA,NA,NA,NA,NA,NA,NA,NA,NA,NA,NA,130969
"CuedTSTrialPROC","proactive1","2","proactiveBlockList","2","6",NA,NA,NA,NA,NA,NA,NA,NA,NA,NA,NA,NA,NA,NA,NA,NA,"E3","Odd","Vowel","Incongruent","Attend Letter","2","1","?","1","1","0","?","?","Green","Black","Green","Incentive","0","3","4400","X","2","3600","1","23","208994","2","800","208972","208996","208997","25","6",209777,"2","300","208997","209779","209779","8","6","210077","2","500","209779","210079","210080","8","6","210577","2","4000","210080","210579","210580","8","6","214577","-6","3200","210580","217771","217771","0",215666,1,1089,"1","1","1","22","217793","2","800","217771","217795","217795","24","5","218576","-5","3600","217795","222171","222171","0",NA,NA,NA,NA,NA,NA,NA,NA,NA,NA,NA,130969
"CuedTSTrialPROC","proactive1","2","proactiveBlockList","2","7",NA,NA,NA,NA,NA,NA,NA,NA,NA,NA,NA,NA,NA,NA,NA,NA,"I6","Even","Vowel","Congruent","Attend Number","1","1","?","?","1","1","?","?","Red","Black","Black","NonIncentive","0","3","4400","X","7","3600","1","21","222192","2","800","222173","222194","222195","23","4",222975,"2","300","222195","222977","222977","6","4","223275","2","500","222977","223277","223278","6","4","223775","2","4000","223278","223777","223778","6","4","227775","-4","3200","223778","230971","230971","0",229075,1,1300,"1","1","1","20","230991","2","800","230971","230993","230993","22","3","231774","-3","3600","230993","235371","235371","0",NA,NA,NA,NA,NA,NA,NA,NA,NA,NA,NA,130969
"CuedTSTrialPROC","proactive1","2","proactiveBlockList","2","8",NA,NA,NA,NA,NA,NA,NA,NA,NA,NA,NA,NA,NA,NA,NA,NA,"D4","Even","Consonant","Incongruent","Attend Number","1","2","?","1","0","1","?","?","Green","Black","Green","Incentive","0","1","2000","X","4","1200","1","19","235390","2","800","235373","235392","235392","21","2",236173,"2","300","235393","236175","236175","4","2","236473","2","500","236175","236475","236476","4","2","236973","2","4000","236476","236975","236976","4","1","240972","-1","3200","236976","244171","244171","0",241777,1,805,"1","1","1","18","244189","2","800","244171","244191","244191","20","1","244972","-1","1200","244191","246171","246171","0",NA,NA,NA,NA,NA,NA,NA,NA,NA,NA,NA,130969
"CuedTSTrialPROC","proactive1","2","proactiveBlockList","2","9",NA,NA,NA,NA,NA,NA,NA,NA,NA,NA,NA,NA,NA,NA,NA,NA,"A2","Even","Vowel","Congruent","Attend Number","1","1","?","?","0","0","?","?","Red","Black","Black","NonIncentive","0","2","3200","X","14","2400","1","17","246188","2","800","246173","246190","246191","19","0",246971,"2","300","246191","246973","246973","2","0","247271","3","500","246974","247274","247274","3","0","247771","2","4000","247274","247773","247774","2","16","251787","-16","3200","247775","254971","254971","0",253282,1,1495,"1","1","1","16","254987","2","800","254971","254989","254989","18","16","255787","-16","2400","254990","258171","258171","0",NA,NA,NA,NA,NA,NA,NA,NA,NA,NA,NA,130969
"CuedTSTrialPROC","proactive1","2","proactiveBlockList","2","10",NA,NA,NA,NA,NA,NA,NA,NA,NA,NA,NA,NA,NA,NA,NA,NA,"1B","Odd","Consonant","Congruent","Attend Number","2","2","?","?","0","0","?","?","Red","Black","Black","NonIncentive","0","1","2000","X","18","1200","2","15","258186","2","800","258172","258188","258189","17","15",258986,"2","300","258189","258988","258988","17","15","259286","2","500","258988","259288","259289","17","15","259786","2","4000","259289","259788","259789","17","14","263785","-14","3200","259789","266971","266971","0",265238,1,1453,"2","2","1","14","266985","2","800","266971","266987","266987","16","14","267785","-14","1200","266988","268971","268971","0",NA,NA,NA,NA,NA,NA,NA,NA,NA,NA,NA,130969
"CuedTSTrialPROC","proactive1","2","proactiveBlockList","2","11",NA,NA,NA,NA,NA,NA,NA,NA,NA,NA,NA,NA,NA,NA,NA,NA,"5H","Odd","Consonant","Congruent","Attend Letter","2","2","?","?","1","0","?","?","Red","Black","Black","NonIncentive","0","3","4400","X","9","3600","2","14","268985","2","800","268973","268987","268987","16","14",269785,"1","300","268987","269786","269786","15","13","270084","3","500","269787","270087","270087","16","13","270584","3","4000","270087","270587","270587","16","13","274584","-13","3200","270587","277771","277771","0",275748,1,1164,"2","2","1","12","277783","2","800","277771","277785","277786","14","12","278583","-12","3600","277786","282171","282171","0",NA,NA,NA,NA,NA,NA,NA,NA,NA,NA,NA,130969
"CuedTSTrialPROC","proactive1","2","proactiveBlockList","2","12",NA,NA,NA,NA,NA,NA,NA,NA,NA,NA,NA,NA,NA,NA,NA,NA,"1A","Odd","Vowel","Incongruent","Attend Letter","2","1","?","?","0","1","?","?","Red","Black","Black","NonIncentive","0","2","3200","X","10","2400","1","12","282183","2","800","282173","282185","282185","14","11",282982,"2","300","282185","282984","282984","13","11","283282","2","500","282985","283284","283285","13","11","283782","2","4000","283285","283784","283785","13","11","287782","-11","3200","283785","290971","290971","0",288790,1,1008,"1","1","1","10","290981","2","800","290971","290983","290984","12","10","291781","-10","2400","290984","294171","294171","0",NA,NA,NA,NA,NA,NA,NA,NA,NA,NA,NA,130969
"CuedTSTrialPROC","proactive1","2","proactiveBlockList","2","13",NA,NA,NA,NA,NA,NA,NA,NA,NA,NA,NA,NA,NA,NA,NA,NA,"2A","Even","Vowel","Congruent","Attend Number","1","1","?","?","1","0","?","?","Red","Black","Black","NonIncentive","0","2","3200","X","12","2400","1","10","294181","2","800","294173","294183","294183","12","10",294981,"1","300","294183","294982","294982","11","9","295280","3","500","294983","295283","295283","12","9","295780","3","4000","295283","295783","295783","12","9","299780","-9","3200","295784","302971","302971","0",301168,1,1388,"1","1","1","8","302979","2","800","302971","302981","302982","10","8","303779","-8","2400","302982","306171","306171","0",NA,NA,NA,NA,NA,NA,NA,NA,NA,NA,NA,130969
"CuedTSTrialPROC","proactive1","2","proactiveBlockList","2","14",NA,NA,NA,NA,NA,NA,NA,NA,NA,NA,NA,NA,NA,NA,NA,NA,"6I","Even","Vowel","Congruent","Attend Number","1","1","?","1","0","1","?","?","Green","Black","Green","Incentive","0","3","4400","X","5","3600","1","24","306195","3","800","306172","306198","306198","27","8",306979,"1","300","306198","306980","306981","9","8","307279","2","500","306981","307281","307281","10","8","307779","2","4000","307281","307781","307781","10","7","311778","-7","3200","307782","314971","314971","0",312947,1,1169,"1","1","1","23","314994","2","800","314971","314996","314996","25","6","315777","-6","3600","314997","319371","319371","0",NA,NA,NA,NA,NA,NA,NA,NA,NA,NA,NA,130969
"CuedTSTrialPROC","proactive1","2","proactiveBlockList","2","15",NA,NA,NA,NA,NA,NA,NA,NA,NA,NA,NA,NA,NA,NA,NA,NA,"H5","Odd","Consonant","Congruent","Attend Letter","2","2","?","?","1","0","?","?","Red","Black","Black","NonIncentive","0","1","2000","X","8","1200","2","22","319393","2","800","319373","319395","319396","24","6",320177,"1","300","319396","320178","320178","7","6","320477","2","500","320179","320479","320479","8","5","320976","3","4000","320479","320979","320979","8","5","324976","-5","3200","320980","328171","328171","0",327094,1,2118,"2","2","1","21","328192","2","800","328171","328194","328194","23","4","328975","-4","1200","328195","330171","330171","0",NA,NA,NA,NA,NA,NA,NA,NA,NA,NA,NA,130969
"CuedTSTrialPROC","proactive1","2","proactiveBlockList","2","16",NA,NA,NA,NA,NA,NA,NA,NA,NA,NA,NA,NA,NA,NA,NA,NA,"D4","Even","Consonant","Incongruent","Attend Letter","1","2","?","1","0","1","?","?","Green","Black","Green","Incentive","0","1","2000","X","1","1200","2","21","330192","2","800","330173","330194","330194","23","4",330975,"1","300","330194","330976","330977","5","4","331275","2","500","330977","331277","331277","6","4","331775","2","4000","331277","331777","331777","6","3","335774","-3","3200","331778","338971","338971","0",337020,1,1246,"2","2","1","19","338990","2","800","338971","338992","338993","21","2","339773","-2","1200","338993","340971","340971","0",NA,NA,NA,NA,NA,NA,NA,NA,NA,NA,NA,130969
"CuedTSTrialPROC","proactive1","2","proactiveBlockList","2","17",NA,NA,NA,NA,NA,NA,NA,NA,NA,NA,NA,NA,NA,NA,NA,NA,"1B","Odd","Consonant","Congruent","Attend Letter","2","2","?","?","0","0","?","?","Red","Black","Black","NonIncentive","0","1","2000","X","15","1200","2","19","340990","2","800","340972","340992","340992","21","2",341773,"2","300","340993","341775","341775","4","2","342073","2","500","341775","342075","342076","4","2","342573","2","4000","342076","342575","342576","4","1","346572","-1","3200","342576","349771","349771","0",347873,1,1301,"2","2","1","18","349789","2","800","349771","349791","349791","20","1","350572","-1","1200","349791","351771","351771","0",NA,NA,NA,NA,NA,NA,NA,NA,NA,NA,NA,130969
"CuedTSTrialPROC","proactive1","2","proactiveBlockList","2","18",NA,NA,NA,NA,NA,NA,NA,NA,NA,NA,NA,NA,NA,NA,NA,NA,"A2","Even","Vowel","Congruent","Attend Letter","1","1","?","?","0","0","?","?","Red","Black","Black","NonIncentive","0","3","4400","X","13","3600","1","17","351788","2","800","351772","351790","351791","19","0",352571,"2","300","351791","352573","352573","2","0","352871","3","500","352574","352874","352874","3","0","353371","2","4000","352874","353373","353374","2","16","357387","-16","3200","353374","360571","360571","0",358348,1,961,"1","1","1","16","360587","2","800","360571","360589","360589","18","16","361387","-16","3600","360590","364971","364971","0",NA,NA,NA,NA,NA,NA,NA,NA,NA,NA,NA,130969
"CuedTSTrialPROC","proactive1","2","proactiveBlockList","2","19",NA,NA,NA,NA,NA,NA,NA,NA,NA,NA,NA,NA,NA,NA,NA,NA,"B1","Odd","Consonant","Congruent","Attend Letter","2","2","?","?","0","0","?","?","Red","Black","Black","NonIncentive","0","2","3200","X","17","2400","2","15","364986","2","800","364973","364988","364989","17","15",365786,"2","300","364989","365788","365788","17","15","366086","2","500","365788","366088","366088","17","15","366586","2","4000","366089","366588","366588","17","14","370585","-14","3200","366589","373771","373771","0",371681,1,1096,"2","2","1","14","373785","2","800","373771","373787","373787","16","14","374585","-14","2400","373787","376971","376971","0",NA,NA,NA,NA,NA,NA,NA,NA,NA,NA,NA,130969
"FixationGetReadyPROC","proactive1","3","proactiveBlockList","2","20","13","376984","2","28400","376972","376986","376987","15","9","405380","2","1600","376987","405382","0","11",NA,NA,NA,NA,NA,NA,NA,NA,NA,NA,NA,NA,NA,NA,NA,NA,NA,NA,NA,NA,NA,NA,NA,NA,NA,NA,NA,NA,NA,NA,NA,NA,NA,NA,NA,NA,NA,NA,NA,NA,NA,NA,NA,NA,NA,NA,NA,NA,NA,NA,NA,NA,NA,NA,NA,NA,NA,NA,NA,NA,NA,NA,NA,NA,NA,NA,NA,NA,NA,NA,NA,NA,NA,NA,NA,NA,NA,NA,NA,NA,NA,NA,NA,NA,NA,NA,NA,NA,NA,NA,NA,NA,NA,NA,NA,NA,NA,130969
"CuedTSTrialPROC","proactive1","4","proactiveBlockList","2","21",NA,NA,NA,NA,NA,NA,NA,NA,NA,NA,NA,NA,NA,NA,NA,NA,"5H","Odd","Consonant","Congruent","Attend Letter","2","2","?","?","2","2","?","?","Red","Black","Black","NonIncentive",NA,"3","4400","X",NA,"3600","2","8","406979","3","800","405384","406982","406982","11","8",407779,"2","300","406982","407781","407781","10","8","408079","2","500","407781","408081","408082","10","8","408579","2","4000","408082","408581","408582","10","8","412579","-8","3200","408582","415771","415771","0",413619,1,1040,"2","2","1","7","415778","2","800","415771","415780","415781","9","7","416578","-7","3600","415781","420171","420171","0","7","MixTaskINC",NA,NA,NA,NA,NA,NA,NA,NA,NA,130969
"CuedTSTrialPROC","proactive1","4","proactiveBlockList","2","22",NA,NA,NA,NA,NA,NA,NA,NA,NA,NA,NA,NA,NA,NA,NA,NA,"2A","Even","Vowel","Congruent","Attend Number","1","1","?","?","1","2","?","?","Red","Black","Black","NonIncentive",NA,"1","2000","X",NA,"1200","1","23","420194","2","800","420172","420196","420197","25","6",420977,"2","300","420197","420979","420979","8","6","421277","2","500","420980","421279","421280","8","6","421777","2","4000","421280","421779","421780","8","6","425777","-6","3200","421780","428971","428971","0",426909,1,1132,"1","1","1","22","428993","2","800","428971","428995","428995","24","5","429776","-5","1200","428995","430971","430971","0","15","MixTaskINC",NA,NA,NA,NA,NA,NA,NA,NA,NA,130969
"CuedTSTrialPROC","proactive1","4","proactiveBlockList","2","23",NA,NA,NA,NA,NA,NA,NA,NA,NA,NA,NA,NA,NA,NA,NA,NA,"1B","Odd","Consonant","Congruent","Attend Number","2","2","?","?","0","1","?","?","Red","Black","Black","NonIncentive",NA,"2","3200","X",NA,"2400","2","21","430992","3","800","430973","430995","430995","24","5",431776,"1","300","430995","431777","431777","6","5","432076","2","500","431778","432078","432078","7","4","432575","3","4000","432078","432578","432578","7","4","436575","-4","3200","432579","439771","439771","0",438199,1,1624,"2","2","1","20","439791","2","800","439771","439793","439793","22","3","440574","-3","2400","439794","442971","442971","0","18","MixTaskINC",NA,NA,NA,NA,NA,NA,NA,NA,NA,130969
"CuedTSTrialPROC","proactive1","4","proactiveBlockList","2","24",NA,NA,NA,NA,NA,NA,NA,NA,NA,NA,NA,NA,NA,NA,NA,NA,"5H","Odd","Consonant","Congruent","Attend Number","2","2","?","1","0","0","?","?","Green","Black","Green","Incentive",NA,"2","3200","X",NA,"2400","2","19","442990","3","800","442972","442993","442993","22","3",443774,"1","300","442993","443775","443776","4","3","444074","2","500","443776","444076","444076","5","3","444574","2","4000","444076","444576","444576","5","2","448573","-2","3200","444577","451771","451771","0",449628,1,1055,"2","2","1","18","451789","2","800","451771","451791","451792","20","1","452572","-1","2400","451792","454971","454971","0","6","MixTaskINC",NA,NA,NA,NA,NA,NA,NA,NA,NA,130969
"CuedTSTrialPROC","proactive1","4","proactiveBlockList","2","25",NA,NA,NA,NA,NA,NA,NA,NA,NA,NA,NA,NA,NA,NA,NA,NA,"A1","Odd","Vowel","Incongruent","Attend Number","2","1","?","?","0","0","?","?","Red","Black","Black","NonIncentive",NA,"3","4400","X",NA,"3600","2","18","454989","2","800","454973","454991","454991","20","1",455772,"2","300","454992","455774","455774","3","1","456072","2","500","455774","456074","456074","3","1","456572","2","4000","456075","456574","456574","3","0","460571","0","3200","456575","463771","463771","0",462474,0,1903,"1","2","0","16","463787","2","800","463771","463789","463790","18","16","464587","-16","3600","463790","468171","468171","0","10","MixTaskINC",NA,NA,NA,NA,NA,NA,NA,NA,NA,130969
"CuedTSTrialPROC","proactive1","4","proactiveBlockList","2","26",NA,NA,NA,NA,NA,NA,NA,NA,NA,NA,NA,NA,NA,NA,NA,NA,"1B","Odd","Consonant","Congruent","Attend Letter","2","2","?","?","1","0","?","?","Red","Black","Black","NonIncentive",NA,"1","2000","X",NA,"1200","2","15","468186","3","800","468173","468189","468189","18","15",468986,"2","300","468189","468988","468988","17","15","469286","2","500","468989","469288","469289","17","15","469786","2","4000","469289","469788","469789","17","15","473786","-15","3200","469789","476971","476971","0",474671,1,885,"2","2","1","14","476985","2","800","476971","476987","476988","16","14","477785","-14","1200","476988","478971","478971","0","17","MixTaskINC",NA,NA,NA,NA,NA,NA,NA,NA,NA,130969
"CuedTSTrialPROC","proactive1","4","proactiveBlockList","2","27",NA,NA,NA,NA,NA,NA,NA,NA,NA,NA,NA,NA,NA,NA,NA,NA,"3E","Odd","Vowel","Incongruent","Attend Number","2","1","?","1","1","1","?","?","Green","Black","Green","Incentive",NA,"1","2000","X",NA,"1200","2","14","478985","2","800","478973","478987","478987","16","14",479785,"1","300","478987","479786","479787","15","14","480085","2","500","479787","480087","480087","16","14","480585","2","4000","480087","480587","480587","16","13","484584","-13","3200","480588","487771","487771","0",485672,1,1088,"2","2","1","12","487783","3","800","487771","487786","487786","15","12","488583","-12","1200","487786","489771","489771","0","3","MixTaskINC",NA,NA,NA,NA,NA,NA,NA,NA,NA,130969
"CuedTSTrialPROC","proactive1","4","proactiveBlockList","2","28",NA,NA,NA,NA,NA,NA,NA,NA,NA,NA,NA,NA,NA,NA,NA,NA,"B1","Odd","Consonant","Congruent","Attend Letter","2","2","?","?","1","1","?","?","Red","Black","Black","NonIncentive",NA,"2","3200","X",NA,"2400","2","12","489783","2","800","489773","489785","489786","14","12",490583,"2","300","489786","490585","490585","14","12","490883","2","500","490585","490885","490885","14","12","491383","2","4000","490886","491385","491385","14","11","495382","-11","3200","491386","498571","498571","0",496962,1,1580,"2","2","1","11","498582","2","800","498571","498584","498584","13","11","499382","-11","2400","498584","501771","501771","0","16","MixTaskINC",NA,NA,NA,NA,NA,NA,NA,NA,NA,130969
"CuedTSTrialPROC","proactive1","4","proactiveBlockList","2","29",NA,NA,NA,NA,NA,NA,NA,NA,NA,NA,NA,NA,NA,NA,NA,NA,"2A","Even","Vowel","Congruent","Attend Letter","1","1","?","?","0","1","?","?","Red","Black","Black","NonIncentive",NA,"3","4400","X",NA,"3600","1","10","501781","2","800","501773","501783","501784","12","10",502581,"2","300","501784","502583","502583","12","10","502881","2","500","502583","502883","502884","12","10","503381","2","4000","502884","503383","503383","12","9","507380","-9","3200","503384","510571","510571","0",508481,1,1101,"1","1","1","9","510580","2","800","510571","510582","510582","11","9","511380","-9","3600","510582","514971","514971","0","12","MixTaskINC",NA,NA,NA,NA,NA,NA,NA,NA,NA,130969
"CuedTSTrialPROC","proactive1","4","proactiveBlockList","2","30",NA,NA,NA,NA,NA,NA,NA,NA,NA,NA,NA,NA,NA,NA,NA,NA,"E3","Odd","Vowel","Incongruent","Attend Number","2","1","?","2","1","0","?","?","Green","Black","Green","Incentive",NA,"2","3200","X",NA,"2400","2","8","514979","2","800","514973","514981","514982","10","8",515779,"2","300","514982","515781","515781","10","8","516079","2","500","515781","516081","516081","10","8","516579","2","4000","516082","516581","516581","10","7","520578","-7","3200","516582","523771","523771","0",522270,1,1692,"2","2","1","23","523794","2","800","523771","523796","523797","25","7","524578","-7","2400","523797","526971","526971","0","1","MixTaskINC",NA,NA,NA,NA,NA,NA,NA,NA,NA,130969
"CuedTSTrialPROC","proactive1","4","proactiveBlockList","2","31",NA,NA,NA,NA,NA,NA,NA,NA,NA,NA,NA,NA,NA,NA,NA,NA,"A2","Even","Vowel","Congruent","Attend Number","1","1","?","?","0","1","?","?","Red","Black","Black","NonIncentive",NA,"2","3200","X",NA,"2400","1","23","526994","2","800","526973","526996","526996","25","6",527777,"2","300","526997","527779","527779","8","6","528077","2","500","527779","528079","528079","8","6","528577","2","4000","528080","528579","528579","8","5","532576","-5","3200","528580","535771","535771","0",534095,1,1519,"1","1","1","21","535792","3","800","535771","535795","535795","24","5","536576","-5","2400","535795","538971","538971","0","14","MixTaskINC",NA,NA,NA,NA,NA,NA,NA,NA,NA,130969
"CuedTSTrialPROC","proactive1","4","proactiveBlockList","2","32",NA,NA,NA,NA,NA,NA,NA,NA,NA,NA,NA,NA,NA,NA,NA,NA,"6I","Even","Vowel","Congruent","Attend Number","1","1","?","?","0","0","?","?","Red","Black","Black","NonIncentive",NA,"3","4400","X",NA,"3600","1","21","538992","2","800","538973","538994","538995","23","4",539775,"2","300","538995","539777","539777","6","4","540075","2","500","539777","540077","540078","6","4","540575","2","4000","540078","540577","540578","6","3","544574","-3","3200","540578","547771","547771","0",545739,1,1165,"1","1","1","20","547791","2","800","547771","547793","547793","22","3","548574","-3","3600","547793","552171","552171","0","8","MixTaskINC",NA,NA,NA,NA,NA,NA,NA,NA,NA,130969
"CuedTSTrialPROC","proactive1","4","proactiveBlockList","2","33",NA,NA,NA,NA,NA,NA,NA,NA,NA,NA,NA,NA,NA,NA,NA,NA,"2A","Even","Vowel","Congruent","Attend Letter","1","1","?","?","1","0","?","?","Red","Black","Black","NonIncentive",NA,"3","4400","X",NA,"3600","1","19","552190","2","800","552172","552192","552192","21","2",552973,"2","300","552192","552975","552975","4","2","553273","2","500","552975","553275","553276","4","2","553773","2","4000","553276","553775","553775","4","1","557772","-1","3200","553776","560971","560971","0",558949,1,1177,"1","1","1","17","560988","3","800","560971","560991","560991","20","1","561772","-1","3600","560991","565371","565371","0","13","MixTaskINC",NA,NA,NA,NA,NA,NA,NA,NA,NA,130969
"CuedTSTrialPROC","proactive1","4","proactiveBlockList","2","34",NA,NA,NA,NA,NA,NA,NA,NA,NA,NA,NA,NA,NA,NA,NA,NA,"D4","Even","Consonant","Incongruent","Attend Letter","1","2","?","1","0","1","?","?","Green","Black","Green","Incentive",NA,"1","2000","X",NA,"1200","2","17","565388","2","800","565373","565390","565390","19","0",566171,"2","300","565391","566173","566173","2","0","566471","2","500","566173","566473","566473","2","0","566971","2","4000","566474","566973","566973","2","16","570987","-16","3200","566974","574171","574171","0",572043,1,1056,"2","2","1","15","574186","2","800","574171","574188","574189","17","15","574986","-15","1200","574189","576171","576171","0","5","MixTaskINC",NA,NA,NA,NA,NA,NA,NA,NA,NA,130969
"CuedTSTrialPROC","proactive1","4","proactiveBlockList","2","35",NA,NA,NA,NA,NA,NA,NA,NA,NA,NA,NA,NA,NA,NA,NA,NA,"3E","Odd","Vowel","Incongruent","Attend Letter","2","1","?","1","0","0","?","?","Green","Black","Green","Incentive",NA,"1","2000","X",NA,"1200","1","15","576186","2","800","576173","576188","576189","17","15",576986,"2","300","576189","576988","576988","17","15","577286","2","500","576988","577288","577288","17","15","577786","2","4000","577289","577788","577788","17","14","581785","-14","3200","577789","584971","584971","0",583227,1,1442,"1","1","1","14","584985","2","800","584971","584987","584987","16","14","585785","-14","1200","584987","586971","586971","0","2","MixTaskINC",NA,NA,NA,NA,NA,NA,NA,NA,NA,130969
"CuedTSTrialPROC","proactive1","4","proactiveBlockList","2","36",NA,NA,NA,NA,NA,NA,NA,NA,NA,NA,NA,NA,NA,NA,NA,NA,"I6","Even","Vowel","Congruent","Attend Letter","1","1","?","?","0","0","?","?","Red","Black","Black","NonIncentive",NA,"2","3200","X",NA,"2400","1","13","586984","2","800","586973","586986","586987","15","13",587784,"2","300","586987","587786","587786","15","13","588084","2","500","587786","588086","588087","15","13","588584","2","4000","588087","588586","588587","15","12","592583","-12","3200","588587","595771","595771","0",593620,1,1037,"1","1","1","12","595783","2","800","595771","595785","595785","14","12","596583","-12","2400","595786","598971","598971","0","9","MixTaskINC",NA,NA,NA,NA,NA,NA,NA,NA,NA,130969
"CuedTSTrialPROC","proactive1","4","proactiveBlockList","2","37",NA,NA,NA,NA,NA,NA,NA,NA,NA,NA,NA,NA,NA,NA,NA,NA,"E3","Odd","Vowel","Incongruent","Attend Number","2","1","?","1","1","0","?","?","Green","Black","Green","Incentive",NA,"3","4400","X",NA,"3600","2","11","598982","3","800","598972","598985","598985","14","11",599782,"2","300","598985","599784","599784","13","11","600082","2","500","599784","600084","600085","13","11","600582","2","4000","600085","600584","600585","13","11","604582","-11","3200","600585","607771","607771","0",605583,1,1001,"2","2","1","10","607781","2","800","607771","607783","607784","12","10","608581","-10","3600","607784","612171","612171","0","4","MixTaskINC",NA,NA,NA,NA,NA,NA,NA,NA,NA,130969
"CuedTSTrialPROC","proactive1","4","proactiveBlockList","2","38",NA,NA,NA,NA,NA,NA,NA,NA,NA,NA,NA,NA,NA,NA,NA,NA,"2B","Even","Consonant","Incongruent","Attend Letter","1","2","?","?","1","1","?","?","Red","Black","Black","NonIncentive",NA,"1","2000","X",NA,"1200","2","9","612180","3","800","612172","612183","612183","12","9",612980,"2","300","612183","612982","612982","11","9","613280","2","500","612982","613282","613283","11","9","613780","2","4000","613283","613782","613783","11","8","617779","-8","3200","613783","620971","620971","0",619538,1,1759,"2","2","1","8","620979","2","800","620971","620981","620981","10","8","621779","-8","1200","620982","622971","622971","0","11","MixTaskINC",NA,NA,NA,NA,NA,NA,NA,NA,NA,130969
"FixationGetReadyPROC","proactive1","5","proactiveBlockList","2","39","8","622979","2","28400","622972","622981","622981","10","3","651374","2","1600","622981","651376","0","5",NA,NA,NA,NA,NA,NA,NA,NA,NA,NA,NA,NA,NA,NA,NA,NA,NA,NA,NA,NA,NA,NA,NA,NA,NA,NA,NA,NA,NA,NA,NA,NA,NA,NA,NA,NA,NA,NA,NA,NA,NA,NA,NA,NA,NA,NA,NA,NA,NA,NA,NA,NA,NA,NA,NA,NA,NA,NA,NA,NA,NA,NA,NA,NA,NA,NA,NA,NA,NA,NA,NA,NA,NA,NA,NA,NA,NA,NA,NA,NA,NA,NA,NA,NA,NA,NA,NA,NA,NA,NA,NA,NA,NA,NA,NA,NA,NA,130969
"CuedTSTrialPROC","proactive1","6","proactiveBlockList","2","40",NA,NA,NA,NA,NA,NA,NA,NA,NA,NA,NA,NA,NA,NA,NA,NA,"2A","Even","Vowel","Congruent","Attend Letter","1","1","?","?","2","2","?","?","Red","Black","Black","NonIncentive",NA,"1","2000","X",NA,"1200","1","3","652974","2","800","651378","652976","652976","5","3",653774,"1","300","652977","653775","653776","4","3","654074","2","500","653776","654076","654076","5","3","654574","2","4000","654076","654576","654576","5","2","658573","-2","3200","654577","661771","661771","0",659553,1,980,"1","1","1","18","661789","2","800","661771","661791","661792","20","1","662572","-1","1200","661792","663771","663771","0",NA,"MixTaskINC","11",NA,NA,NA,NA,NA,NA,NA,NA,130969
"CuedTSTrialPROC","proactive1","6","proactiveBlockList","2","41",NA,NA,NA,NA,NA,NA,NA,NA,NA,NA,NA,NA,NA,NA,NA,NA,"6I","Even","Vowel","Congruent","Attend Letter","1","1","?","?","0","2","?","?","Red","Black","Black","NonIncentive",NA,"2","3200","X",NA,"2400","1","18","663789","2","800","663773","663791","663792","20","1",664572,"2","300","663792","664574","664574","3","1","664872","2","500","664574","664874","664875","3","1","665372","2","4000","664875","665374","665375","3","0","669371","0","3200","665375","672571","672571","0",671345,1,1974,"1","1","1","16","672587","3","800","672571","672590","672590","19","0","673371","0","2400","672590","675771","675771","0",NA,"MixTaskINC","7",NA,NA,NA,NA,NA,NA,NA,NA,130969
"CuedTSTrialPROC","proactive1","6","proactiveBlockList","2","42",NA,NA,NA,NA,NA,NA,NA,NA,NA,NA,NA,NA,NA,NA,NA,NA,"B1","Odd","Consonant","Congruent","Attend Number","2","2","?","?","1","0","?","?","Red","Black","Black","NonIncentive",NA,"1","2000","X",NA,"1200","2","16","675787","2","800","675773","675789","675790","18","16",676587,"1","300","675790","676588","676589","17","16","676887","2","500","676589","676889","676889","18","16","677387","2","4000","676890","677389","677389","18","15","681386","-15","3200","677390","684571","684571","0",683118,0,1732,"1","2","0","15","684586","2","800","684571","684588","684588","17","14","685385","-14","1200","684588","686571","686571","0",NA,"MixTaskINC","15",NA,NA,NA,NA,NA,NA,NA,NA,130969
"CuedTSTrialPROC","proactive1","6","proactiveBlockList","2","43",NA,NA,NA,NA,NA,NA,NA,NA,NA,NA,NA,NA,NA,NA,NA,NA,"6I","Even","Vowel","Congruent","Attend Number","1","1","?","?","0","1","?","?","Red","Black","Black","NonIncentive",NA,"3","4400","X",NA,"3600","1","14","686585","2","800","686573","686587","686588","16","14",687385,"2","300","686588","687387","687387","16","14","687685","2","500","687387","687687","687688","16","14","688185","2","4000","687688","688187","688187","16","13","692184","-13","3200","688188","695371","695371","0",693995,1,1811,"1","1","1","13","695384","2","800","695371","695386","695386","15","13","696184","-13","3600","695387","699771","699771","0",NA,"MixTaskINC","9",NA,NA,NA,NA,NA,NA,NA,NA,130969
"CuedTSTrialPROC","proactive1","6","proactiveBlockList","2","44",NA,NA,NA,NA,NA,NA,NA,NA,NA,NA,NA,NA,NA,NA,NA,NA,"4D","Even","Consonant","Incongruent","Attend Number","1","2","?","1","0","0","?","?","Green","Black","Green","Incentive",NA,"3","4400","X",NA,"3600","1","12","699783","2","800","699773","699785","699786","14","12",700583,"2","300","699786","700585","700585","14","12","700883","2","500","700585","700885","700886","14","12","701383","2","4000","700886","701385","701385","14","11","705382","-11","3200","701386","708571","708571","0",706388,1,1006,"1","1","1","11","708582","2","800","708571","708584","708584","13","11","709382","-11","3600","708585","712971","712971","0",NA,"MixTaskINC","2",NA,NA,NA,NA,NA,NA,NA,NA,130969
"CuedTSTrialPROC","proactive1","6","proactiveBlockList","2","45",NA,NA,NA,NA,NA,NA,NA,NA,NA,NA,NA,NA,NA,NA,NA,NA,"1B","Odd","Consonant","Congruent","Attend Letter","2","2","?","?","1","0","?","?","Red","Black","Black","NonIncentive",NA,"1","2000","X",NA,"1200","2","10","712981","2","800","712973","712983","712984","12","10",713781,"2","300","712984","713783","713783","12","10","714081","2","500","713783","714083","714083","12","10","714581","2","4000","714084","714583","714583","12","9","718580","-9","3200","714584","721771","721771","0",719647,1,1067,"2","2","1","9","721780","2","800","721771","721782","721782","11","9","722580","-9","1200","721782","723771","723771","0",NA,"MixTaskINC","16",NA,NA,NA,NA,NA,NA,NA,NA,130969
"CuedTSTrialPROC","proactive1","6","proactiveBlockList","2","46",NA,NA,NA,NA,NA,NA,NA,NA,NA,NA,NA,NA,NA,NA,NA,NA,"1B","Odd","Consonant","Congruent","Attend Number","2","2","?","?","1","1","?","?","Red","Black","Black","NonIncentive",NA,"2","3200","X",NA,"2400","2","8","723779","2","800","723773","723781","723782","10","8",724579,"2","300","723782","724581","724581","10","8","724879","2","500","724581","724881","724882","10","8","725379","2","4000","724882","725381","725382","10","8","729379","-8","3200","725382","732571","732571","0",731556,1,2177,"2","2","1","7","732578","2","800","732571","732580","732580","9","7","733378","-7","2400","732581","735771","735771","0",NA,"MixTaskINC","18",NA,NA,NA,NA,NA,NA,NA,NA,130969
"CuedTSTrialPROC","proactive1","6","proactiveBlockList","2","47",NA,NA,NA,NA,NA,NA,NA,NA,NA,NA,NA,NA,NA,NA,NA,NA,"A2","Even","Vowel","Congruent","Attend Number","1","1","?","?","0","1","?","?","Red","Black","Black","NonIncentive",NA,"3","4400","X",NA,"3600","1","23","735794","2","800","735773","735796","735797","25","6",736577,"2","300","735797","736579","736579","8","6","736877","2","500","736580","736879","736880","8","6","737377","2","4000","736880","737379","737380","8","6","741377","-6","3200","737380","744571","744571","0",742597,1,1220,"1","1","1","22","744593","2","800","744571","744595","744595","24","5","745376","-5","3600","744595","748971","748971","0",NA,"MixTaskINC","14",NA,NA,NA,NA,NA,NA,NA,NA,130969
"CuedTSTrialPROC","proactive1","6","proactiveBlockList","2","48",NA,NA,NA,NA,NA,NA,NA,NA,NA,NA,NA,NA,NA,NA,NA,NA,"2A","Even","Vowel","Congruent","Attend Number","1","1","?","?","0","0","?","?","Red","Black","Black","NonIncentive",NA,"2","3200","X",NA,"2400","1","21","748992","2","800","748973","748994","748995","23","4",749775,"2","300","748995","749777","749777","6","4","750075","2","500","749777","750077","750078","6","4","750575","2","4000","750078","750577","750578","6","4","754575","-4","3200","750578","757771","757771","0",755878,1,1303,"1","1","1","20","757791","2","800","757771","757793","757793","22","3","758574","-3","2400","757793","760971","760971","0",NA,"MixTaskINC","13",NA,NA,NA,NA,NA,NA,NA,NA,130969
"CuedTSTrialPROC","proactive1","6","proactiveBlockList","2","49",NA,NA,NA,NA,NA,NA,NA,NA,NA,NA,NA,NA,NA,NA,NA,NA,"A2","Even","Vowel","Congruent","Attend Letter","1","1","?","?","1","0","?","?","Red","Black","Black","NonIncentive",NA,"1","2000","X",NA,"1200","1","19","760990","2","800","760973","760992","760993","21","2",761773,"2","300","760993","761775","761775","4","2","762073","2","500","761776","762075","762076","4","2","762573","2","4000","762076","762575","762576","4","2","766573","-2","3200","762576","769771","769771","0",767963,1,1390,"1","1","1","18","769789","2","800","769771","769791","769791","20","1","770572","-1","1200","769792","771771","771771","0",NA,"MixTaskINC","12",NA,NA,NA,NA,NA,NA,NA,NA,130969
"CuedTSTrialPROC","proactive1","6","proactiveBlockList","2","50",NA,NA,NA,NA,NA,NA,NA,NA,NA,NA,NA,NA,NA,NA,NA,NA,"E3","Odd","Vowel","Incongruent","Attend Letter","2","1","?","1","0","1","?","?","Green","Black","Green","Incentive",NA,"2","3200","X",NA,"2400","1","17","771788","3","800","771772","771791","771791","20","1",772572,"1","300","771791","772573","772574","2","1","772872","2","500","772574","772874","772874","3","1","773372","2","4000","772874","773374","773374","3","0","777371","0","3200","773375","780571","780571","0",778412,1,1041,"1","1","1","16","780587","3","800","780571","780590","780590","19","16","781387","-16","2400","780591","783771","783771","0",NA,"MixTaskINC","3",NA,NA,NA,NA,NA,NA,NA,NA,130969
"CuedTSTrialPROC","proactive1","6","proactiveBlockList","2","51",NA,NA,NA,NA,NA,NA,NA,NA,NA,NA,NA,NA,NA,NA,NA,NA,"H5","Odd","Consonant","Congruent","Attend Letter","2","2","?","1","0","0","?","?","Green","Black","Green","Incentive",NA,"3","4400","X",NA,"3600","2","16","783787","2","800","783773","783789","783789","18","15",784586,"2","300","783789","784588","784588","17","15","784886","3","500","784589","784889","784889","18","15","785386","2","4000","784889","785388","785389","17","15","789386","-15","3200","785389","792571","792571","0",790231,1,845,"2","2","1","14","792585","2","800","792571","792587","792588","16","14","793385","-14","3600","792588","796971","796971","0",NA,"MixTaskINC","6",NA,NA,NA,NA,NA,NA,NA,NA,130969
"CuedTSTrialPROC","proactive1","6","proactiveBlockList","2","52",NA,NA,NA,NA,NA,NA,NA,NA,NA,NA,NA,NA,NA,NA,NA,NA,"1A","Odd","Vowel","Incongruent","Attend Number","2","1","?","?","1","0","?","?","Red","Black","Black","NonIncentive",NA,"2","3200","X",NA,"2400","2","13","796984","3","800","796973","796987","796987","16","13",797784,"2","300","796987","797786","797786","15","13","798084","2","500","797786","798086","798087","15","13","798584","2","4000","798087","798586","798587","15","13","802584","-13","3200","798587","805771","805771","0",804290,1,1706,"2","2","1","12","805783","2","800","805771","805785","805786","14","12","806583","-12","2400","805786","808971","808971","0",NA,"MixTaskINC","10",NA,NA,NA,NA,NA,NA,NA,NA,130969
"CuedTSTrialPROC","proactive1","6","proactiveBlockList","2","53",NA,NA,NA,NA,NA,NA,NA,NA,NA,NA,NA,NA,NA,NA,NA,NA,"4D","Even","Consonant","Incongruent","Attend Letter","1","2","?","1","1","1","?","?","Green","Black","Green","Incentive",NA,"3","4400","X",NA,"3600","2","12","808983","2","800","808973","808985","808985","14","11",809782,"2","300","808985","809784","809784","13","11","810082","2","500","809785","810084","810085","13","11","810582","2","4000","810085","810584","810585","13","11","814582","-11","3200","810586","817771","817771","0",815410,1,828,"2","2","1","10","817781","2","800","817771","817783","817784","12","10","818581","-10","3600","817784","822171","822171","0",NA,"MixTaskINC","1",NA,NA,NA,NA,NA,NA,NA,NA,130969
"CuedTSTrialPROC","proactive1","6","proactiveBlockList","2","54",NA,NA,NA,NA,NA,NA,NA,NA,NA,NA,NA,NA,NA,NA,NA,NA,"3E","Odd","Vowel","Incongruent","Attend Letter","2","1","?","1","0","1","?","?","Green","Black","Green","Incentive",NA,"2","3200","X",NA,"2400","1","10","822181","2","800","822173","822183","822183","12","9",822980,"2","300","822183","822982","822982","11","9","823280","2","500","822983","823282","823283","11","9","823780","2","4000","823283","823782","823783","11","9","827780","-9","3200","823783","830971","830971","0",828627,1,847,"1","1","1","8","830979","2","800","830971","830981","830982","10","8","831779","-8","2400","830982","834171","834171","0",NA,"MixTaskINC","5",NA,NA,NA,NA,NA,NA,NA,NA,130969
"CuedTSTrialPROC","proactive1","6","proactiveBlockList","2","55",NA,NA,NA,NA,NA,NA,NA,NA,NA,NA,NA,NA,NA,NA,NA,NA,"3E","Odd","Vowel","Incongruent","Attend Number","2","1","?","2","1","0","?","?","Green","Black","Green","Incentive",NA,"1","2000","X",NA,"1200","2","24","834195","3","800","834173","834198","834198","27","7",834978,"2","300","834198","834980","834980","9","7","835278","3","500","834981","835281","835281","10","7","835778","2","4000","835281","835780","835781","9","7","839778","-7","3200","835781","842971","842971","0",841424,1,1646,"2","2","1","23","842994","2","800","842971","842996","842996","25","6","843777","-6","1200","842997","844971","844971","0",NA,"MixTaskINC","4",NA,NA,NA,NA,NA,NA,NA,NA,130969
"CuedTSTrialPROC","proactive1","6","proactiveBlockList","2","56",NA,NA,NA,NA,NA,NA,NA,NA,NA,NA,NA,NA,NA,NA,NA,NA,"H5","Odd","Consonant","Congruent","Attend Number","2","2","?","?","0","1","?","?","Red","Black","Black","NonIncentive",NA,"3","4400","X",NA,"3600","2","23","844994","2","800","844972","844996","844996","25","6",845777,"1","300","844996","845778","845779","7","6","846077","2","500","845779","846079","846079","8","6","846577","2","4000","846079","846579","846579","8","5","850576","-5","3200","846580","853771","853771","0",851957,1,1381,"2","2","1","21","853792","2","800","853771","853794","853795","23","4","854575","-4","3600","853795","858171","858171","0",NA,"MixTaskINC","8",NA,NA,NA,NA,NA,NA,NA,NA,130969
"CuedTSTrialPROC","proactive1","6","proactiveBlockList","2","57",NA,NA,NA,NA,NA,NA,NA,NA,NA,NA,NA,NA,NA,NA,NA,NA,"B1","Odd","Consonant","Congruent","Attend Letter","2","2","?","?","1","0","?","?","Red","Black","Black","NonIncentive",NA,"1","2000","X",NA,"1200","2","20","858191","3","800","858173","858194","858194","23","4",858975,"1","300","858194","858976","858977","5","4","859275","2","500","858977","859277","859277","6","4","859775","2","4000","859277","859777","859777","6","3","863774","-3","3200","859778","866971","866971","0",865134,1,1360,"2","2","1","19","866990","2","800","866971","866992","866993","21","2","867773","-2","1200","866993","868971","868971","0",NA,"MixTaskINC","17",NA,NA,NA,NA,NA,NA,NA,NA,130969
"FixationOnlyPROC","proactive1","7","proactiveBlockList","2","58",NA,NA,NA,NA,NA,NA,NA,NA,NA,NA,NA,NA,NA,NA,NA,NA,NA,NA,NA,NA,NA,NA,NA,NA,NA,NA,NA,NA,NA,NA,NA,NA,NA,NA,NA,NA,NA,NA,NA,NA,NA,NA,NA,NA,NA,NA,NA,NA,NA,NA,NA,NA,NA,NA,NA,NA,NA,NA,NA,NA,NA,NA,NA,NA,NA,NA,NA,NA,NA,NA,NA,NA,NA,NA,NA,NA,NA,NA,NA,NA,NA,NA,NA,NA,NA,NA,NA,NA,NA,NA,NA,NA,NA,NA,NA,NA,NA,NA,NA,NA,NA,NA,NA,NA,NA,"19","868990","2","30000","868972","868992","868992","21",130969
