"Procedure","RunNumberFilterValue","reactiveBlockList","Running","reactiveBlockList.Cycle","reactiveBlockList.Sample","Fixation.OnsetDelay","Fixation.OnsetTime","Fixation.DurationError","Fixation.Duration","Fixation.StartTime","Fixation.OffsetTime","Fixation.FinishTime","Fixation.OffsetDelay","getready.OnsetDelay","getready.OnsetTime","getready.DurationError","getready.Duration","getready.StartTime","getready.OffsetTime","getready.CustomOffsetTime","getready.OffsetDelay","TrialType","CorrectAnswer","CueCorrect","ITI","ms","TRs","AXList","Cue","Probe","CurrentColor","Probeimage","Location","probeloc","AXColorListRea","REA2SamplingList","ShortenedISI","PreISIfix.OnsetDelay","PreISIfix.OnsetTime","PreISIfix.DurationError","PreISIfix.Duration","PreISIfix.StartTime","PreISIfix.OffsetTime","PreISIfix.FinishTime","PreISIfix.OffsetDelay","Flicker.OnsetDelay","Flicker.OnsetTime","Flicker.DurationError","Flicker.Duration","Flicker.StartTime","Flicker.OffsetTime","Flicker.FinishTime","Flicker.OffsetDelay","CueSlide.OnsetDelay","CueSlide.OnsetTime","CueSlide.DurationError","CueSlide.Duration","CueSlide.StartTime","CueSlide.OffsetTime","CueSlide.FinishTime","CueSlide.OffsetDelay","CueSlide.RTTime","CueSlide.ACC","CueSlide.RT","CueSlide.RESP","CueSlide.CRESP","Delay.OnsetDelay","Delay.OnsetTime","Delay.DurationError","Delay.Duration","Delay.StartTime","Delay.OffsetTime","Delay.FinishTime","Delay.OffsetDelay","Border.OnsetDelay","Border.OnsetTime","Border.DurationError","Border.Duration","Border.StartTime","Border.OffsetTime","Border.FinishTime","Border.OffsetDelay","Border.RTTime","Border.ACC","Border.RT","Border.RESP","Border.CRESP","ProbeSlide.OnsetDelay","ProbeSlide.OnsetTime","ProbeSlide.DurationError","ProbeSlide.Duration","ProbeSlide.StartTime","ProbeSlide.OffsetTime","ProbeSlide.FinishTime","ProbeSlide.OffsetDelay","ProbeSlide.RTTime","ProbeSlide.ACC","ProbeSlide.RT","ProbeSlide.RESP","ProbeSlide.CRESP","ISIfix.OnsetDelay","ISIfix.OnsetTime","ISIfix.DurationError","ISIfix.Duration","ISIfix.StartTime","ISIfix.OffsetTime","ISIfix.FinishTime","ISIfix.OffsetDelay","TrialACC","BYListBas2Pro1Rea2","BYColorListRea","AngListBas1Pro2Rea2","AngColorListRea","AYListBas2Pro1Rea2","AYColorListRea","BngListBas1Pro2Rea2","BngColorListRea","BXListBas2Pro1Rea2","BXColorListRea","FixationFinal.OnsetDelay","FixationFinal.OnsetTime","FixationFinal.DurationError","FixationFinal.Duration","FixationFinal.StartTime","FixationFinal.OffsetTime","FixationFinal.FinishTime","FixationFinal.OffsetDelay","scanstart.RTTime"
"FixationGetReadyPROC","reactive2","9","reactiveBlockList","2","1","20","31909","2","28400","31890","31911","31911","22","15","60304","2","1600","31911","60306","0","17",NA,NA,NA,NA,NA,NA,NA,NA,NA,NA,NA,NA,NA,NA,NA,NA,NA,NA,NA,NA,NA,NA,NA,NA,NA,NA,NA,NA,NA,NA,NA,NA,NA,NA,NA,NA,NA,NA,NA,NA,NA,NA,NA,NA,NA,NA,NA,NA,NA,NA,NA,NA,NA,NA,NA,NA,NA,NA,NA,NA,NA,NA,NA,NA,NA,NA,NA,NA,NA,NA,NA,NA,NA,NA,NA,NA,NA,NA,NA,NA,NA,NA,NA,NA,NA,NA,NA,NA,NA,NA,NA,NA,NA,NA,NA,NA,NA,NA,NA,NA,NA,NA,NA,NA,NA,NA,31877
"AXCPTTrialPROC","reactive2","10","reactiveBlockList","2","2",NA,NA,NA,NA,NA,NA,NA,NA,NA,NA,NA,NA,NA,NA,NA,NA,"AX","2","1","1","1600","6","1","A","X","White","white.tif","Above","25%","1","1","1300","15","61904","2","300","60308","61906","61907","17","15","62204","2","300","61907","62206","62206","17","15","62504","2","500","62206","62506","62506","17","62876","1","372","1","1","15","63004","2","4000","62507","63006","63006","17","14","67003","2","300","63013","67005","67006","16","0","1","0",NA,NA,"14","67303","2","500","67011","67305","67306","16","67613","1","310","2","2","14","67803","-14","1300","67306","69089","69089","0","1",NA,NA,NA,NA,NA,NA,NA,NA,NA,NA,NA,NA,NA,NA,NA,NA,NA,NA,31877
"AXCPTTrialPROC","reactive2","10","reactiveBlockList","2","3",NA,NA,NA,NA,NA,NA,NA,NA,NA,NA,NA,NA,NA,NA,NA,NA,"AX","2","1","1","1600","6","1","A","X","White","white.tif","Above","25%","1","1","1300","14","69103","2","300","69091","69105","69105","16","14","69403","1","300","69105","69404","69405","15","14","69703","2","500","69405","69705","69705","16","70417","1","714","1","1","14","70203","2","4000","69706","70205","70205","16","13","74202","2","300","70210","74204","74205","15","0","1","0",NA,NA,"13","74502","2","500","74210","74504","74505","15","74876","1","374","2","2","13","75002","-13","1300","74505","76289","76289","0","1",NA,NA,NA,NA,NA,NA,NA,NA,NA,NA,NA,NA,NA,NA,NA,NA,NA,NA,31877
"AXCPTTrialPROC","reactive2","10","reactiveBlockList","2","4",NA,NA,NA,NA,NA,NA,NA,NA,NA,NA,NA,NA,NA,NA,NA,NA,"BY","1","1","2","2800","7",NA,"H","F","White","white.tif","Above","25%",NA,"4","2500","13","76302","2","300","76291","76304","76304","15","13","76602","1","300","76304","76603","76603","14","13","76902","2","500","76604","76904","76904","15","77209","1","307","1","1","13","77402","2","4000","76904","77404","77404","15","12","81401","2","300","77409","81403","81403","14","0","1","0",NA,NA,"12","81701","2","500","81409","81703","81703","14","82235","1","534","1","1","12","82201","-12","2500","81704","84689","84689","0","1","13","1",NA,NA,NA,NA,NA,NA,NA,NA,NA,NA,NA,NA,NA,NA,NA,NA,31877
"AXCPTTrialPROC","reactive2","10","reactiveBlockList","2","5",NA,NA,NA,NA,NA,NA,NA,NA,NA,NA,NA,NA,NA,NA,NA,NA,"BY","1","1","2","2800","7",NA,"M","N","White","white.tif","Above","25%",NA,"4","2500","11","84700","3","300","84691","84703","84703","14","11","85000","2","300","84703","85002","85002","13","11","85300","2","500","85003","85302","85303","13","85721","1","421","1","1","11","85800","2","4000","85303","85802","85803","13","11","89800","2","300","85808","89802","89802","13","0","1","0",NA,NA,"11","90100","2","500","89808","90102","90102","13","90428","1","328","1","1","10","90599","-10","2500","90102","93089","93089","0","1","17","1",NA,NA,NA,NA,NA,NA,NA,NA,NA,NA,NA,NA,NA,NA,NA,NA,31877
"AXCPTTrialPROC","reactive2","10","reactiveBlockList","2","6",NA,NA,NA,NA,NA,NA,NA,NA,NA,NA,NA,NA,NA,NA,NA,NA,"BY","1","1","2","2800","7",NA,"D","C","White","white.tif","Above","25%",NA,"4","2500","10","93099","2","300","93091","93101","93101","12","10","93399","2","300","93102","93401","93401","12","10","93699","2","500","93401","93701","93701","12","94052","1","353","1","1","10","94199","2","4000","93702","94201","94201","12","9","98198","2","300","94206","98200","98201","11","0","1","0",NA,NA,"9","98498","2","500","98206","98500","98501","11","98984","1","486","1","1","9","98998","-9","2500","98501","101489","101489","0","1","7","1",NA,NA,NA,NA,NA,NA,NA,NA,NA,NA,NA,NA,NA,NA,NA,NA,31877
"AXCPTTrialPROC","reactive2","10","reactiveBlockList","2","7",NA,NA,NA,NA,NA,NA,NA,NA,NA,NA,NA,NA,NA,NA,NA,NA,"BY","1","1","3","4000","8",NA,"T","P","White","white.tif","Above","25%",NA,"4","3700","9","101498","2","300","101491","101500","101500","11","9","101798","1","300","101500","101799","101800","10","9","102098","2","500","101800","102100","102100","11","102421","1","323","1","1","9","102598","2","4000","102100","102600","102600","11","8","106597","2","300","102605","106599","106599","10","0","1","0",NA,NA,"8","106897","2","500","106605","106899","106899","10","107202","1","305","1","1","8","107397","-8","3700","106900","111089","111089","0","1","31","1",NA,NA,NA,NA,NA,NA,NA,NA,NA,NA,NA,NA,NA,NA,NA,NA,31877
"AXCPTTrialPROC","reactive2","10","reactiveBlockList","2","8",NA,NA,NA,NA,NA,NA,NA,NA,NA,NA,NA,NA,NA,NA,NA,NA,"BY","1","1","2","2800","7",NA,"P","C","White","white.tif","Above","25%",NA,"4","2500","24","111113","2","300","111091","111115","111115","26","7","111396","2","300","111115","111398","111398","9","7","111696","2","500","111399","111698","111699","9","111962","1","266","1","1","7","112196","2","4000","111699","112198","112198","9","6","116195","3","300","112204","116198","116198","9","0","1","0",NA,NA,"6","116495","2","500","116203","116497","116498","8","116821","1","326","1","1","6","116995","-6","2500","116498","119489","119489","0","1","27","1",NA,NA,NA,NA,NA,NA,NA,NA,NA,NA,NA,NA,NA,NA,NA,NA,31877
"AXCPTTrialPROC","reactive2","10","reactiveBlockList","2","9",NA,NA,NA,NA,NA,NA,NA,NA,NA,NA,NA,NA,NA,NA,NA,NA,"Ang",NA,"1","3","4000","8",NA,"A","9","White","red.tif","Below","75%",NA,"5","3700","23","119512","2","300","119491","119514","119514","25","6","119795","2","300","119514","119797","119797","8","6","120095","2","500","119797","120097","120097","8","120395","1","300","1","1","6","120595","2","4000","120098","120597","120597","8","5","124594","2","300","120602","124596","124597","7","0","1","0",NA,NA,"5","124894","2","500","124602","124896","124897","7","0","1","0",NA,NA,"5","125394","-5","3700","124897","129089","129089","0","1",NA,NA,"9","1",NA,NA,NA,NA,NA,NA,NA,NA,NA,NA,NA,NA,NA,NA,31877
"AXCPTTrialPROC","reactive2","10","reactiveBlockList","2","10",NA,NA,NA,NA,NA,NA,NA,NA,NA,NA,NA,NA,NA,NA,NA,NA,"AX","2","1","3","4000","8","1","A","X","White","white.tif","Above","25%","1","1","3700","21","129110","2","300","129091","129112","129112","23","4","129393","2","300","129113","129395","129395","6","4","129693","2","500","129396","129695","129696","6","130040","1","347","1","1","4","130193","2","4000","129696","130195","130196","6","4","134193","2","300","130201","134195","134195","6","0","1","0",NA,NA,"3","134492","3","500","134200","134495","134495","6","135086","1","594","2","2","3","134992","-3","3700","134495","138689","138689","0","1",NA,NA,NA,NA,NA,NA,NA,NA,NA,NA,NA,NA,NA,NA,NA,NA,NA,NA,31877
"AXCPTTrialPROC","reactive2","10","reactiveBlockList","2","11",NA,NA,NA,NA,NA,NA,NA,NA,NA,NA,NA,NA,NA,NA,NA,NA,"AY","1","1","1","1600","6",NA,"A","F","White","red.tif","Below","75%",NA,"2","1300","19","138708","3","300","138691","138711","138711","22","3","138992","1","300","138711","138993","138994","4","3","139292","2","500","138994","139294","139294","5","139567","1","275","1","1","3","139792","2","4000","139294","139794","139794","5","2","143791","2","300","139799","143793","143793","4","0","1","0",NA,NA,"2","144091","2","500","143799","144093","144094","4","144703","1","612","1","1","2","144591","-2","1300","144094","145889","145889","0","1",NA,NA,NA,NA,"3","1",NA,NA,NA,NA,NA,NA,NA,NA,NA,NA,NA,NA,31877
"AXCPTTrialPROC","reactive2","10","reactiveBlockList","2","12",NA,NA,NA,NA,NA,NA,NA,NA,NA,NA,NA,NA,NA,NA,NA,NA,"AX","2","1","3","4000","8","1","A","X","White","white.tif","Above","25%","1","1","3700","18","145907","2","300","145891","145909","145910","20","2","146191","1","300","145910","146192","146193","3","2","146491","2","500","146193","146493","146493","4","147052","1","561","1","1","2","146991","2","4000","146493","146993","146993","4","1","150990","2","300","146998","150992","150992","3","0","1","0",NA,NA,"1","151290","2","500","150998","151292","151292","3","151759","1","469","2","2","1","151790","-1","3700","151293","155489","155489","0","1",NA,NA,NA,NA,NA,NA,NA,NA,NA,NA,NA,NA,NA,NA,NA,NA,NA,NA,31877
"AXCPTTrialPROC","reactive2","10","reactiveBlockList","2","13",NA,NA,NA,NA,NA,NA,NA,NA,NA,NA,NA,NA,NA,NA,NA,NA,"Bng",NA,"1","1","1600","6",NA,"M","9","White","red.tif","Below","75%",NA,"6","1300","17","155506","2","300","155491","155508","155508","19","0","155789","2","300","155509","155791","155791","2","0","156089","2","500","155792","156091","156092","2","156566","1","477","1","1","0","156589","2","4000","156092","156591","156591","2","16","160605","2","300","156597","160607","160608","18","0","1","0",NA,NA,"16","160905","2","500","160613","160907","160908","18","0","1","0",NA,NA,"16","161405","-16","1300","160908","162689","162689","0","1",NA,NA,NA,NA,NA,NA,"20","1",NA,NA,NA,NA,NA,NA,NA,NA,NA,NA,31877
"AXCPTTrialPROC","reactive2","10","reactiveBlockList","2","14",NA,NA,NA,NA,NA,NA,NA,NA,NA,NA,NA,NA,NA,NA,NA,NA,"BY","1","1","2","2800","7",NA,"N","H","White","white.tif","Above","25%",NA,"4","2500","16","162705","2","300","162691","162707","162707","18","16","163005","1","300","162707","163006","163007","17","16","163305","2","500","163007","163307","163307","18","163890","1","585","1","1","16","163805","2","4000","163307","163807","163807","18","15","167804","2","300","163812","167806","167806","17","0","1","0",NA,NA,"15","168104","2","500","167812","168106","168106","17","168790","1","686","1","1","15","168604","-15","2500","168107","171089","171089","0","1","21","1",NA,NA,NA,NA,NA,NA,NA,NA,NA,NA,NA,NA,NA,NA,NA,NA,31877
"AXCPTTrialPROC","reactive2","10","reactiveBlockList","2","15",NA,NA,NA,NA,NA,NA,NA,NA,NA,NA,NA,NA,NA,NA,NA,NA,"Bng",NA,"1","1","1600","6",NA,"T","6","White","red.tif","Below","75%",NA,"6","1300","14","171103","2","300","171091","171105","171106","16","14","171403","2","300","171106","171405","171405","16","14","171703","2","500","171406","171705","171706","16","172104","1","401","1","1","14","172203","2","4000","171706","172205","172206","16","14","176203","2","300","172211","176205","176205","16","0","1","0",NA,NA,"14","176503","2","500","176210","176505","176505","16","0","1","0",NA,NA,"13","177002","-13","1300","176505","178289","178289","0","1",NA,NA,NA,NA,NA,NA,"30","1",NA,NA,NA,NA,NA,NA,NA,NA,NA,NA,31877
"AXCPTTrialPROC","reactive2","10","reactiveBlockList","2","16",NA,NA,NA,NA,NA,NA,NA,NA,NA,NA,NA,NA,NA,NA,NA,NA,"AY","1","1","3","4000","8",NA,"A","C","White","red.tif","Below","75%",NA,"2","3700","13","178302","2","300","178291","178304","178305","15","13","178602","2","300","178305","178604","178604","15","13","178902","2","500","178605","178904","178905","15","0","0","0",NA,"1","13","179402","2","4000","178905","179404","179405","15","12","183401","3","300","179410","183404","183404","15","0","1","0",NA,NA,"12","183701","3","500","183409","183704","183704","15","184239","0","538","2","1","12","184201","-12","3700","183704","187889","187889","0","0",NA,NA,NA,NA,"1","1",NA,NA,NA,NA,NA,NA,NA,NA,NA,NA,NA,NA,31877
"AXCPTTrialPROC","reactive2","10","reactiveBlockList","2","17",NA,NA,NA,NA,NA,NA,NA,NA,NA,NA,NA,NA,NA,NA,NA,NA,"AX","2","1","2","2800","7","1","A","X","White","white.tif","Above","25%","1","1","2500","12","187901","2","300","187891","187903","187903","14","12","188201","1","300","187903","188202","188203","13","12","188501","2","500","188203","188503","188503","14","188779","1","278","1","1","12","189001","2","4000","188503","189003","189003","14","11","193000","2","300","189008","193002","193002","13","0","1","0",NA,NA,"11","193300","2","500","193008","193302","193302","13","193663","1","363","2","2","11","193800","-11","2500","193303","196289","196289","0","1",NA,NA,NA,NA,NA,NA,NA,NA,NA,NA,NA,NA,NA,NA,NA,NA,NA,NA,31877
"AXCPTTrialPROC","reactive2","10","reactiveBlockList","2","18",NA,NA,NA,NA,NA,NA,NA,NA,NA,NA,NA,NA,NA,NA,NA,NA,"Ang",NA,"1","3","4000","8",NA,"A","3","White","red.tif","Below","75%",NA,"5","3700","10","196299","3","300","196291","196302","196302","13","10","196599","2","300","196302","196601","196601","12","10","196899","2","500","196602","196901","196902","12","197197","1","298","1","1","10","197399","2","4000","196902","197401","197402","12","10","201399","2","300","197407","201401","201401","12","0","1","0",NA,NA,"10","201699","2","500","201406","201701","201701","12","0","1","0",NA,NA,"9","202198","-9","3700","201701","205889","205889","0","1",NA,NA,"3","1",NA,NA,NA,NA,NA,NA,NA,NA,NA,NA,NA,NA,NA,NA,31877
"AXCPTTrialPROC","reactive2","10","reactiveBlockList","2","19",NA,NA,NA,NA,NA,NA,NA,NA,NA,NA,NA,NA,NA,NA,NA,NA,"BY","1","1","3","4000","8",NA,"F","H","White","white.tif","Above","25%",NA,"4","3700","9","205898","2","300","205891","205900","205900","11","9","206198","1","300","205900","206199","206200","10","9","206498","2","500","206200","206500","206500","11","206897","1","399","1","1","9","206998","2","4000","206501","207000","207000","11","8","210997","2","300","207005","210999","211000","10","0","1","0",NA,NA,"8","211297","2","500","211005","211299","211299","10","211693","0","396","2","1","8","211797","-8","3700","211300","215489","215489","0","0","11","1",NA,NA,NA,NA,NA,NA,NA,NA,NA,NA,NA,NA,NA,NA,NA,NA,31877
"AXCPTTrialPROC","reactive2","10","reactiveBlockList","2","20",NA,NA,NA,NA,NA,NA,NA,NA,NA,NA,NA,NA,NA,NA,NA,NA,"AX","2","1","1","1600","6","1","A","X","White","white.tif","Above","25%","1","1","1300","24","215513","2","300","215491","215515","215515","26","7","215796","2","300","215516","215798","215798","9","7","216096","2","500","215799","216098","216099","9","216483","1","387","1","1","7","216596","2","4000","216099","216598","216599","9","7","220596","2","300","216604","220598","220598","9","0","1","0",NA,NA,"6","220895","3","500","220603","220898","220898","9","221158","1","263","2","2","6","221395","-6","1300","220898","222689","222689","0","1",NA,NA,NA,NA,NA,NA,NA,NA,NA,NA,NA,NA,NA,NA,NA,NA,NA,NA,31877
"AXCPTTrialPROC","reactive2","10","reactiveBlockList","2","21",NA,NA,NA,NA,NA,NA,NA,NA,NA,NA,NA,NA,NA,NA,NA,NA,"BY","1","1","3","4000","8",NA,"C","F","White","white.tif","Above","25%",NA,"4","3700","23","222712","2","300","222691","222714","222714","25","6","222995","2","300","222714","222997","222997","8","6","223295","2","500","222998","223297","223298","8","224098","1","803","1","1","6","223795","2","4000","223298","223797","223798","8","5","227794","3","300","223803","227797","227797","8","0","1","0",NA,NA,"5","228094","2","500","227802","228096","228097","7","228616","1","522","1","1","5","228594","-5","3700","228097","232289","232289","0","1","1","1",NA,NA,NA,NA,NA,NA,NA,NA,NA,NA,NA,NA,NA,NA,NA,NA,31877
"AXCPTTrialPROC","reactive2","10","reactiveBlockList","2","22",NA,NA,NA,NA,NA,NA,NA,NA,NA,NA,NA,NA,NA,NA,NA,NA,"AX","2","1","1","1600","6","1","A","X","White","white.tif","Above","25%","1","1","1300","21","232310","2","300","232291","232312","232313","23","5","232594","1","300","232313","232595","232596","6","5","232894","2","500","232596","232896","232896","7","233268","1","374","1","1","5","233394","2","4000","232896","233396","233396","7","4","237393","2","300","233401","237395","237395","6","0","1","0",NA,NA,"4","237693","2","500","237401","237695","237695","6","238052","1","359","2","2","4","238193","-4","1300","237696","239489","239489","0","1",NA,NA,NA,NA,NA,NA,NA,NA,NA,NA,NA,NA,NA,NA,NA,NA,NA,NA,31877
"AXCPTTrialPROC","reactive2","10","reactiveBlockList","2","23",NA,NA,NA,NA,NA,NA,NA,NA,NA,NA,NA,NA,NA,NA,NA,NA,"BX","1","1","1","1600","6",NA,"D","X","White","red.tif","Below","75%",NA,"3","1300","20","239509","2","300","239491","239511","239512","22","3","239792","2","300","239512","239794","239794","5","3","240092","3","500","239795","240095","240095","6","241014","1","922","1","1","3","240592","2","4000","240095","240594","240595","5","3","244592","2","300","240600","244594","244594","5","0","1","0",NA,NA,"3","244892","2","500","244599","244894","244895","5","245411","0","519","2","1","3","245392","-3","1300","244895","246689","246689","0","0",NA,NA,NA,NA,NA,NA,NA,NA,"2","1",NA,NA,NA,NA,NA,NA,NA,NA,31877
"AXCPTTrialPROC","reactive2","10","reactiveBlockList","2","24",NA,NA,NA,NA,NA,NA,NA,NA,NA,NA,NA,NA,NA,NA,NA,NA,"BX","1","1","2","2800","7",NA,"T","X","White","red.tif","Below","75%",NA,"3","2500","19","246708","2","300","246691","246710","246711","21","2","246991","2","300","246711","246993","246993","4","2","247291","2","500","246994","247293","247294","4","247601","1","310","1","1","2","247791","2","4000","247294","247793","247794","4","2","251791","2","300","247799","251793","251793","4","0","1","0",NA,NA,"2","252091","2","500","251798","252093","252093","4","252402","1","311","1","1","1","252590","-1","2500","252093","255089","255089","0","1",NA,NA,NA,NA,NA,NA,NA,NA,"8","1",NA,NA,NA,NA,NA,NA,NA,NA,31877
"AXCPTTrialPROC","reactive2","10","reactiveBlockList","2","25",NA,NA,NA,NA,NA,NA,NA,NA,NA,NA,NA,NA,NA,NA,NA,NA,"AX","2","1","2","2800","7","1","A","X","White","white.tif","Above","25%","1","1","2500","18","255107","2","300","255091","255109","255109","20","1","255390","2","300","255109","255392","255392","3","1","255690","2","500","255393","255692","255692","3","256137","1","447","1","1","1","256190","2","4000","255693","256192","256192","3","0","260189","2","300","256197","260191","260192","2","0","1","0",NA,NA,"0","260489","2","500","260197","260491","260492","2","260787","1","298","2","2","0","260989","0","2500","260492","263489","263489","0","1",NA,NA,NA,NA,NA,NA,NA,NA,NA,NA,NA,NA,NA,NA,NA,NA,NA,NA,31877
"FixationGetReadyPROC","reactive2","11","reactiveBlockList","2","26","16","263505","3","28400","263490","263508","263508","19","12","291901","2","1600","263508","291903","0","14",NA,NA,NA,NA,NA,NA,NA,NA,NA,NA,NA,NA,NA,NA,NA,NA,NA,NA,NA,NA,NA,NA,NA,NA,NA,NA,NA,NA,NA,NA,NA,NA,NA,NA,NA,NA,NA,NA,NA,NA,NA,NA,NA,NA,NA,NA,NA,NA,NA,NA,NA,NA,NA,NA,NA,NA,NA,NA,NA,NA,NA,NA,NA,NA,NA,NA,NA,NA,NA,NA,NA,NA,NA,NA,NA,NA,NA,NA,NA,NA,NA,NA,NA,NA,NA,NA,NA,NA,NA,NA,NA,NA,NA,NA,NA,NA,NA,NA,NA,NA,NA,NA,NA,NA,NA,NA,31877
"AXCPTTrialPROC","reactive2","12","reactiveBlockList","2","27",NA,NA,NA,NA,NA,NA,NA,NA,NA,NA,NA,NA,NA,NA,NA,NA,"BY","1","1","1","1600","6",NA,"D","U","White","white.tif","Above","25%",NA,"4","1300","12","293501","2","300","291905","293503","293503","14","12","293801","1","300","293504","293802","293803","13","12","294101","2","500","293803","294103","294103","14","294425","1","324","1","1","12","294601","2","4000","294103","294603","294603","14","11","298600","2","300","294608","298602","298602","13","0","1","0",NA,NA,"11","298900","2","500","298608","298902","298902","13","299283","1","383","1","1","11","299400","-11","1300","298903","300689","300689","0","1","5","1",NA,NA,NA,NA,NA,NA,NA,NA,NA,NA,NA,NA,NA,NA,NA,NA,31877
"AXCPTTrialPROC","reactive2","12","reactiveBlockList","2","28",NA,NA,NA,NA,NA,NA,NA,NA,NA,NA,NA,NA,NA,NA,NA,NA,"Ang",NA,"1","3","4000","8",NA,"A","5","White","red.tif","Below","75%",NA,"5","3700","11","300700","2","300","300691","300702","300702","13","10","300999","2","300","300702","301001","301001","12","10","301299","3","500","301002","301302","301302","13","301661","1","362","1","1","10","301799","2","4000","301302","301801","301802","12","10","305799","2","300","301807","305801","305801","12","0","1","0",NA,NA,"10","306099","2","500","305806","306101","306101","12","0","1","0",NA,NA,"10","306599","-10","3700","306101","310289","310289","0","1",NA,NA,"5","1",NA,NA,NA,NA,NA,NA,NA,NA,NA,NA,NA,NA,NA,NA,31877
"AXCPTTrialPROC","reactive2","12","reactiveBlockList","2","29",NA,NA,NA,NA,NA,NA,NA,NA,NA,NA,NA,NA,NA,NA,NA,NA,"BX","1","1","2","2800","7",NA,"H","X","White","red.tif","Below","75%",NA,"3","2500","9","310298","2","300","310291","310300","310301","11","9","310598","2","300","310301","310600","310600","11","9","310898","2","500","310600","310900","310900","11","311206","1","308","1","1","9","311398","2","4000","310901","311400","311401","11","8","315397","2","300","311406","315399","315400","10","0","1","0",NA,NA,"8","315697","2","500","315405","315699","315700","10","316057","1","360","1","1","8","316197","-8","2500","315700","318689","318689","0","1",NA,NA,NA,NA,NA,NA,NA,NA,"4","1",NA,NA,NA,NA,NA,NA,NA,NA,31877
"AXCPTTrialPROC","reactive2","12","reactiveBlockList","2","30",NA,NA,NA,NA,NA,NA,NA,NA,NA,NA,NA,NA,NA,NA,NA,NA,"Bng",NA,"1","3","4000","8",NA,"U","7","White","red.tif","Below","75%",NA,"6","3700","24","318713","2","300","318691","318715","318716","26","8","318997","1","300","318716","318998","318998","9","8","319297","2","500","318999","319299","319299","10","319654","1","357","1","1","8","319797","2","4000","319299","319799","319799","10","7","323796","2","300","319804","323798","323798","9","0","1","0",NA,NA,"7","324096","2","500","323804","324098","324098","9","0","1","0",NA,NA,"7","324596","-7","3700","324099","328289","328289","0","1",NA,NA,NA,NA,NA,NA,"36","1",NA,NA,NA,NA,NA,NA,NA,NA,NA,NA,31877
"AXCPTTrialPROC","reactive2","12","reactiveBlockList","2","31",NA,NA,NA,NA,NA,NA,NA,NA,NA,NA,NA,NA,NA,NA,NA,NA,"AX","2","1","1","1600","6","1","A","X","White","white.tif","Above","25%","1","1","1300","23","328312","2","300","328291","328314","328314","25","6","328595","2","300","328314","328597","328597","8","6","328895","2","500","328598","328897","328898","8","329274","1","379","1","1","6","329395","2","4000","328898","329397","329398","8","5","333394","3","300","329403","333397","333397","8","0","1","0",NA,NA,"5","333694","2","500","333402","333696","333697","7","333979","1","285","2","2","5","334194","-5","1300","333697","335489","335489","0","1",NA,NA,NA,NA,NA,NA,NA,NA,NA,NA,NA,NA,NA,NA,NA,NA,NA,NA,31877
"AXCPTTrialPROC","reactive2","12","reactiveBlockList","2","32",NA,NA,NA,NA,NA,NA,NA,NA,NA,NA,NA,NA,NA,NA,NA,NA,"BY","1","1","2","2800","7",NA,"F","D","White","white.tif","Above","25%",NA,"4","2500","22","335511","2","300","335491","335513","335513","24","5","335794","2","300","335513","335796","335796","7","5","336094","2","500","335796","336096","336096","7","336725","1","631","1","1","5","336594","2","4000","336097","336596","336596","7","4","340593","2","300","336601","340595","340596","6","0","1","0",NA,NA,"4","340893","2","500","340601","340895","340896","6","341230","1","337","1","1","4","341393","-4","2500","340896","343889","343889","0","1","9","1",NA,NA,NA,NA,NA,NA,NA,NA,NA,NA,NA,NA,NA,NA,NA,NA,31877
"AXCPTTrialPROC","reactive2","12","reactiveBlockList","2","33",NA,NA,NA,NA,NA,NA,NA,NA,NA,NA,NA,NA,NA,NA,NA,NA,"AX","2","1","3","4000","8","1","A","X","White","white.tif","Above","25%","1","1","3700","20","343909","2","300","343891","343911","343912","22","4","344193","1","300","343912","344194","344195","5","4","344493","2","500","344195","344495","344495","6","344966","1","473","1","1","4","344993","2","4000","344495","344995","344995","6","3","348992","2","300","345000","348994","348994","5","0","1","0",NA,NA,"3","349292","2","500","349000","349294","349294","5","349641","1","349","2","2","3","349792","-3","3700","349295","353489","353489","0","1",NA,NA,NA,NA,NA,NA,NA,NA,NA,NA,NA,NA,NA,NA,NA,NA,NA,NA,31877
"AXCPTTrialPROC","reactive2","12","reactiveBlockList","2","34",NA,NA,NA,NA,NA,NA,NA,NA,NA,NA,NA,NA,NA,NA,NA,NA,"AX","2","1","3","4000","8","1","A","X","White","white.tif","Above","25%","1","1","3700","19","353508","2","300","353491","353510","353510","21","2","353791","2","300","353511","353793","353793","4","2","354091","2","500","353794","354093","354094","4","354402","1","311","1","1","2","354591","2","4000","354094","354593","354593","4","1","358590","3","300","354598","358593","358593","4","0","1","0",NA,NA,"1","358890","2","500","358598","358892","358893","3","359241","1","351","2","2","1","359390","-1","3700","358893","363089","363089","0","1",NA,NA,NA,NA,NA,NA,NA,NA,NA,NA,NA,NA,NA,NA,NA,NA,NA,NA,31877
"AXCPTTrialPROC","reactive2","12","reactiveBlockList","2","35",NA,NA,NA,NA,NA,NA,NA,NA,NA,NA,NA,NA,NA,NA,NA,NA,"AX","2","1","1","1600","6","1","A","X","White","white.tif","Above","25%","1","1","1300","17","363106","2","300","363091","363108","363109","19","1","363390","1","300","363109","363391","363391","2","1","363690","2","500","363392","363692","363692","3","364091","1","401","1","1","0","364189","3","4000","363692","364192","364192","3","0","368189","2","300","364197","368191","368191","2","0","1","0",NA,NA,"0","368489","2","500","368197","368491","368491","2","368876","1","387","2","2","0","368989","0","1300","368492","370289","370289","0","1",NA,NA,NA,NA,NA,NA,NA,NA,NA,NA,NA,NA,NA,NA,NA,NA,NA,NA,31877
"AXCPTTrialPROC","reactive2","12","reactiveBlockList","2","36",NA,NA,NA,NA,NA,NA,NA,NA,NA,NA,NA,NA,NA,NA,NA,NA,"AY","1","1","2","2800","7",NA,"A","P","White","red.tif","Below","75%",NA,"2","2500","16","370305","2","300","370291","370307","370308","18","16","370605","2","300","370308","370607","370607","18","16","370905","2","500","370608","370907","370908","18","371237","1","332","1","1","16","371405","2","4000","370908","371407","371408","18","15","375404","3","300","371413","375407","375407","18","0","1","0",NA,NA,"15","375704","3","500","375412","375707","375707","18","376216","1","512","1","1","15","376204","-15","2500","375707","378689","378689","0","1",NA,NA,NA,NA,"7","1",NA,NA,NA,NA,NA,NA,NA,NA,NA,NA,NA,NA,31877
"AXCPTTrialPROC","reactive2","12","reactiveBlockList","2","37",NA,NA,NA,NA,NA,NA,NA,NA,NA,NA,NA,NA,NA,NA,NA,NA,"AX","2","1","1","1600","6","1","A","X","White","white.tif","Above","25%","1","1","1300","15","378704","2","300","378691","378706","378706","17","15","379004","1","300","378707","379005","379006","16","15","379304","2","500","379006","379306","379306","17","379566","1","262","1","1","15","379804","2","4000","379307","379806","379806","17","14","383803","2","300","379811","383805","383806","16","0","1","0",NA,NA,"14","384103","2","500","383811","384105","384105","16","384372","1","269","2","2","14","384603","-14","1300","384106","385889","385889","0","1",NA,NA,NA,NA,NA,NA,NA,NA,NA,NA,NA,NA,NA,NA,NA,NA,NA,NA,31877
"AXCPTTrialPROC","reactive2","12","reactiveBlockList","2","38",NA,NA,NA,NA,NA,NA,NA,NA,NA,NA,NA,NA,NA,NA,NA,NA,"BY","1","1","2","2800","7",NA,"T","H","White","white.tif","Above","25%",NA,"4","2500","14","385903","2","300","385891","385905","385905","16","14","386203","1","300","385905","386204","386205","15","14","386503","2","500","386205","386505","386505","16","387445","1","942","1","1","14","387003","2","4000","386505","387005","387005","16","13","391002","2","300","387010","391004","391005","15","0","1","0",NA,NA,"13","391302","2","500","391010","391304","391304","15","391926","1","624","1","1","13","391802","-13","2500","391305","394289","394289","0","1","29","1",NA,NA,NA,NA,NA,NA,NA,NA,NA,NA,NA,NA,NA,NA,NA,NA,31877
"AXCPTTrialPROC","reactive2","12","reactiveBlockList","2","39",NA,NA,NA,NA,NA,NA,NA,NA,NA,NA,NA,NA,NA,NA,NA,NA,"BY","1","1","1","1600","6",NA,"C","N","White","white.tif","Above","25%",NA,"4","1300","12","394301","3","300","394291","394304","394304","15","12","394601","2","300","394304","394603","394603","14","12","394901","2","500","394604","394903","394904","14","395426","1","525","1","1","12","395401","2","4000","394904","395403","395404","14","12","399401","2","300","395409","399403","399403","14","0","1","0",NA,NA,"12","399701","2","500","399408","399703","399703","14","400151","1","450","1","1","11","400200","-11","1300","399703","401489","401489","0","1","3","1",NA,NA,NA,NA,NA,NA,NA,NA,NA,NA,NA,NA,NA,NA,NA,NA,31877
"AXCPTTrialPROC","reactive2","12","reactiveBlockList","2","40",NA,NA,NA,NA,NA,NA,NA,NA,NA,NA,NA,NA,NA,NA,NA,NA,"Bng",NA,"1","2","2800","7",NA,"N","5","White","red.tif","Below","75%",NA,"6","2500","11","401500","2","300","401491","401502","401503","13","11","401800","2","300","401503","401802","401802","13","11","402100","2","500","401803","402102","402103","13","402709","1","609","1","1","11","402600","2","4000","402103","402602","402603","13","10","406599","3","300","402608","406602","406602","13","0","1","0",NA,NA,"10","406899","3","500","406607","406902","406902","13","0","1","0",NA,NA,"10","407399","-10","2500","406902","409889","409889","0","1",NA,NA,NA,NA,NA,NA,"24","1",NA,NA,NA,NA,NA,NA,NA,NA,NA,NA,31877
"AXCPTTrialPROC","reactive2","12","reactiveBlockList","2","41",NA,NA,NA,NA,NA,NA,NA,NA,NA,NA,NA,NA,NA,NA,NA,NA,"BY","1","1","1","1600","6",NA,"U","F","White","white.tif","Above","25%",NA,"4","1300","10","409899","2","300","409891","409901","409901","12","10","410199","2","300","409902","410201","410201","12","10","410499","2","500","410201","410501","410501","12","410832","1","333","1","1","10","410999","2","4000","410502","411001","411001","12","9","414998","2","300","411006","415000","415001","11","0","1","0",NA,NA,"9","415298","2","500","415006","415300","415301","11","415629","1","331","1","1","9","415798","-9","1300","415301","417089","417089","0","1","33","1",NA,NA,NA,NA,NA,NA,NA,NA,NA,NA,NA,NA,NA,NA,NA,NA,31877
"AXCPTTrialPROC","reactive2","12","reactiveBlockList","2","42",NA,NA,NA,NA,NA,NA,NA,NA,NA,NA,NA,NA,NA,NA,NA,NA,"AX","2","1","1","1600","6","1","A","X","White","white.tif","Above","25%","1","1","1300","9","417098","2","300","417091","417100","417100","11","9","417398","1","300","417100","417399","417400","10","9","417698","2","500","417400","417700","417700","11","418018","1","320","1","1","9","418198","2","4000","417701","418200","418200","11","8","422197","2","300","418205","422199","422199","10","0","1","0",NA,NA,"8","422497","2","500","422205","422499","422499","10","422785","1","288","2","2","8","422997","-8","1300","422500","424289","424289","0","1",NA,NA,NA,NA,NA,NA,NA,NA,NA,NA,NA,NA,NA,NA,NA,NA,NA,NA,31877
"AXCPTTrialPROC","reactive2","12","reactiveBlockList","2","43",NA,NA,NA,NA,NA,NA,NA,NA,NA,NA,NA,NA,NA,NA,NA,NA,"AX","2","1","3","4000","8","1","A","X","White","white.tif","Above","25%","1","1","3700","24","424313","2","300","424291","424315","424316","26","8","424597","1","300","424316","424598","424598","9","8","424897","2","500","424599","424899","424899","10","425346","1","449","1","1","7","425396","3","4000","424899","425399","425399","10","7","429396","2","300","425404","429398","429398","9","0","1","0",NA,NA,"7","429696","2","500","429404","429698","429698","9","430007","1","311","2","2","7","430196","-7","3700","429699","433889","433889","0","1",NA,NA,NA,NA,NA,NA,NA,NA,NA,NA,NA,NA,NA,NA,NA,NA,NA,NA,31877
"AXCPTTrialPROC","reactive2","12","reactiveBlockList","2","44",NA,NA,NA,NA,NA,NA,NA,NA,NA,NA,NA,NA,NA,NA,NA,NA,"BY","1","1","2","2800","7",NA,"M","U","White","white.tif","Above","25%",NA,"4","2500","23","433912","2","300","433891","433914","433914","25","6","434195","2","300","433914","434197","434197","8","6","434495","2","500","434197","434497","434498","8","435373","1","878","1","1","6","434995","2","4000","434498","434997","434997","8","5","438994","2","300","435003","438996","438997","7","0","1","0",NA,NA,"5","439294","2","500","439002","439296","439297","7","439730","1","436","1","1","5","439794","-5","2500","439297","442289","442289","0","1","19","1",NA,NA,NA,NA,NA,NA,NA,NA,NA,NA,NA,NA,NA,NA,NA,NA,31877
"AXCPTTrialPROC","reactive2","12","reactiveBlockList","2","45",NA,NA,NA,NA,NA,NA,NA,NA,NA,NA,NA,NA,NA,NA,NA,NA,"BY","1","1","2","2800","7",NA,"N","D","White","white.tif","Above","25%",NA,"4","2500","21","442310","3","300","442291","442313","442313","24","5","442594","1","300","442313","442595","442596","6","5","442894","2","500","442596","442896","442896","7","443394","1","500","1","1","5","443394","2","4000","442897","443396","443396","7","4","447393","2","300","443401","447395","447396","6","0","1","0",NA,NA,"4","447693","2","500","447401","447695","447696","6","448138","1","445","1","1","4","448193","-4","2500","447696","450689","450689","0","1","23","1",NA,NA,NA,NA,NA,NA,NA,NA,NA,NA,NA,NA,NA,NA,NA,NA,31877
"AXCPTTrialPROC","reactive2","12","reactiveBlockList","2","46",NA,NA,NA,NA,NA,NA,NA,NA,NA,NA,NA,NA,NA,NA,NA,NA,"BY","1","1","3","4000","8",NA,"U","T","White","white.tif","Above","25%",NA,"4","3700","20","450709","2","300","450691","450711","450712","22","3","450992","2","300","450712","450994","450994","5","3","451292","3","500","450995","451295","451295","6","451795","1","503","1","1","3","451792","2","4000","451295","451794","451795","5","3","455792","2","300","451800","455794","455794","5","0","1","0",NA,NA,"3","456092","2","500","455799","456094","456094","5","456439","1","347","1","1","3","456592","-3","3700","456094","460289","460289","0","1","35","1",NA,NA,NA,NA,NA,NA,NA,NA,NA,NA,NA,NA,NA,NA,NA,NA,31877
"AXCPTTrialPROC","reactive2","12","reactiveBlockList","2","47",NA,NA,NA,NA,NA,NA,NA,NA,NA,NA,NA,NA,NA,NA,NA,NA,"Ang",NA,"1","3","4000","8",NA,"A","7","White","red.tif","Below","75%",NA,"5","3700","19","460308","2","300","460291","460310","460310","21","2","460591","2","300","460310","460593","460593","4","2","460891","2","500","460593","460893","460893","4","461206","1","315","1","1","2","461391","2","4000","460894","461393","461393","4","1","465390","2","300","461398","465392","465393","3","0","1","0",NA,NA,"1","465690","2","500","465398","465692","465693","3","0","1","0",NA,NA,"1","466190","-1","3700","465693","469889","469889","0","1",NA,NA,"7","1",NA,NA,NA,NA,NA,NA,NA,NA,NA,NA,NA,NA,NA,NA,31877
"AXCPTTrialPROC","reactive2","12","reactiveBlockList","2","48",NA,NA,NA,NA,NA,NA,NA,NA,NA,NA,NA,NA,NA,NA,NA,NA,"AX","2","1","2","2800","7","1","A","X","White","white.tif","Above","25%","1","1","2500","17","469906","2","300","469891","469908","469909","19","0","470189","2","300","469909","470191","470191","2","0","470489","3","500","470192","470492","470492","3","470811","1","322","1","1","0","470989","2","4000","470492","470991","470992","2","0","474989","2","300","470997","474991","474991","2","0","1","0",NA,NA,"0","475289","2","500","474996","475291","475291","2","475803","1","514","2","2","0","475789","0","2500","475292","478289","478289","0","1",NA,NA,NA,NA,NA,NA,NA,NA,NA,NA,NA,NA,NA,NA,NA,NA,NA,NA,31877
"AXCPTTrialPROC","reactive2","12","reactiveBlockList","2","49",NA,NA,NA,NA,NA,NA,NA,NA,NA,NA,NA,NA,NA,NA,NA,NA,"AY","1","1","1","1600","6",NA,"A","U","White","red.tif","Below","75%",NA,"2","1300","16","478305","2","300","478291","478307","478307","18","16","478605","1","300","478308","478606","478607","17","16","478905","2","500","478607","478907","478907","18","479247","1","342","1","1","16","479405","2","4000","478907","479407","479407","18","15","483404","2","300","479412","483406","483406","17","0","1","0",NA,NA,"15","483704","2","500","483412","483706","483706","17","484185","1","481","1","1","15","484204","-15","1300","483707","485489","485489","0","1",NA,NA,NA,NA,"9","1",NA,NA,NA,NA,NA,NA,NA,NA,NA,NA,NA,NA,31877
"AXCPTTrialPROC","reactive2","12","reactiveBlockList","2","50",NA,NA,NA,NA,NA,NA,NA,NA,NA,NA,NA,NA,NA,NA,NA,NA,"BX","1","1","3","4000","8",NA,"N","X","White","red.tif","Below","75%",NA,"3","3700","15","485504","2","300","485491","485506","485506","17","15","485804","1","300","485506","485805","485806","16","15","486104","2","500","485806","486106","486106","17","486441","1","337","1","1","14","486603","3","4000","486106","486606","486606","17","14","490603","2","300","486611","490605","490605","16","0","1","0",NA,NA,"14","490903","2","500","490610","490905","490905","16","491520","0","617","2","1","14","491403","-14","3700","490906","495089","495089","0","0",NA,NA,NA,NA,NA,NA,NA,NA,"6","1",NA,NA,NA,NA,NA,NA,NA,NA,31877
"FixationGetReadyPROC","reactive2","13","reactiveBlockList","2","51","13","495102","2","28400","495090","495104","495105","15","9","523498","2","1600","495105","523500","0","11",NA,NA,NA,NA,NA,NA,NA,NA,NA,NA,NA,NA,NA,NA,NA,NA,NA,NA,NA,NA,NA,NA,NA,NA,NA,NA,NA,NA,NA,NA,NA,NA,NA,NA,NA,NA,NA,NA,NA,NA,NA,NA,NA,NA,NA,NA,NA,NA,NA,NA,NA,NA,NA,NA,NA,NA,NA,NA,NA,NA,NA,NA,NA,NA,NA,NA,NA,NA,NA,NA,NA,NA,NA,NA,NA,NA,NA,NA,NA,NA,NA,NA,NA,NA,NA,NA,NA,NA,NA,NA,NA,NA,NA,NA,NA,NA,NA,NA,NA,NA,NA,NA,NA,NA,NA,NA,31877
"AXCPTTrialPROC","reactive2","14","reactiveBlockList","2","52",NA,NA,NA,NA,NA,NA,NA,NA,NA,NA,NA,NA,NA,NA,NA,NA,"AX","2","1","3","4000","8","1","A","X","White","white.tif","Above","25%","1","1","3700","8","525097","3","300","523501","525100","525100","11","8","525397","2","300","525100","525399","525399","10","8","525697","2","500","525400","525699","525700","10","526116","1","419","1","1","8","526197","2","4000","525700","526199","526200","10","8","530197","2","300","526205","530199","530199","10","0","1","0",NA,NA,"8","530497","2","500","530204","530499","530499","10","531013","1","516","2","2","7","530996","-7","3700","530499","534689","534689","0","1",NA,NA,NA,NA,NA,NA,NA,NA,NA,NA,NA,NA,NA,NA,NA,NA,NA,NA,31877
"AXCPTTrialPROC","reactive2","14","reactiveBlockList","2","53",NA,NA,NA,NA,NA,NA,NA,NA,NA,NA,NA,NA,NA,NA,NA,NA,"BY","1","1","2","2800","7",NA,"H","C","White","white.tif","Above","25%",NA,"4","2500","24","534713","2","300","534691","534715","534715","26","7","534996","1","300","534715","534997","534998","8","7","535296","2","500","534998","535298","535298","9","535659","1","363","1","1","7","535796","2","4000","535299","535798","535798","9","6","539795","2","300","535803","539797","539798","8","0","1","0",NA,NA,"6","540095","2","500","539803","540097","540097","8","540628","1","533","1","1","6","540595","-6","2500","540098","543089","543089","0","1","15","1",NA,NA,NA,NA,NA,NA,NA,NA,NA,NA,NA,NA,NA,NA,NA,NA,31877
"AXCPTTrialPROC","reactive2","14","reactiveBlockList","2","54",NA,NA,NA,NA,NA,NA,NA,NA,NA,NA,NA,NA,NA,NA,NA,NA,"AX","2","1","3","4000","8","1","A","X","White","white.tif","Above","25%","1","1","3700","22","543111","2","300","543091","543113","543114","24","5","543394","2","300","543114","543396","543396","7","5","543694","3","500","543397","543697","543697","8","543953","1","259","1","1","5","544194","2","4000","543697","544196","544197","7","5","548194","2","300","544202","548196","548196","7","0","1","0",NA,NA,"5","548494","2","500","548201","548496","548496","7","548760","1","266","2","2","5","548994","-5","3700","548496","552689","552689","0","1",NA,NA,NA,NA,NA,NA,NA,NA,NA,NA,NA,NA,NA,NA,NA,NA,NA,NA,31877
"AXCPTTrialPROC","reactive2","14","reactiveBlockList","2","55",NA,NA,NA,NA,NA,NA,NA,NA,NA,NA,NA,NA,NA,NA,NA,NA,"BY","1","1","2","2800","7",NA,"P","T","White","white.tif","Above","25%",NA,"4","2500","21","552710","2","300","552691","552712","552712","23","4","552993","2","300","552712","552995","552995","6","4","553293","2","500","552995","553295","553295","6","553573","1","280","1","1","4","553793","2","4000","553296","553795","553795","6","3","557792","2","300","553800","557794","557795","5","0","1","0",NA,NA,"3","558092","2","500","557800","558094","558095","5","558380","1","288","1","1","3","558592","-3","2500","558095","561089","561089","0","1","25","1",NA,NA,NA,NA,NA,NA,NA,NA,NA,NA,NA,NA,NA,NA,NA,NA,31877
"AXCPTTrialPROC","reactive2","14","reactiveBlockList","2","56",NA,NA,NA,NA,NA,NA,NA,NA,NA,NA,NA,NA,NA,NA,NA,NA,"AX","2","1","1","1600","6","1","A","X","White","white.tif","Above","25%","1","1","1300","19","561108","2","300","561091","561110","561111","21","3","561392","1","300","561111","561393","561393","4","3","561692","2","500","561394","561694","561694","5","562059","1","367","1","1","3","562192","2","4000","561694","562194","562194","5","2","566191","2","300","562199","566193","566193","4","0","1","0",NA,NA,"2","566491","2","500","566199","566493","566493","4","566755","1","264","2","2","2","566991","-2","1300","566494","568289","568289","0","1",NA,NA,NA,NA,NA,NA,NA,NA,NA,NA,NA,NA,NA,NA,NA,NA,NA,NA,31877
"AXCPTTrialPROC","reactive2","14","reactiveBlockList","2","57",NA,NA,NA,NA,NA,NA,NA,NA,NA,NA,NA,NA,NA,NA,NA,NA,"Bng",NA,"1","1","1600","6",NA,"F","9","White","red.tif","Below","75%",NA,"6","1300","18","568307","2","300","568291","568309","568310","20","2","568591","1","300","568310","568592","568592","3","1","568890","3","500","568593","568893","568893","4","569332","1","442","1","1","1","569390","2","4000","568893","569392","569393","3","1","573390","2","300","569398","573392","573392","3","0","1","0",NA,NA,"1","573690","2","500","573398","573692","573692","3","0","1","0",NA,NA,"1","574190","-1","1300","573693","575489","575489","0","1",NA,NA,NA,NA,NA,NA,"12","1",NA,NA,NA,NA,NA,NA,NA,NA,NA,NA,31877
"AXCPTTrialPROC","reactive2","14","reactiveBlockList","2","58",NA,NA,NA,NA,NA,NA,NA,NA,NA,NA,NA,NA,NA,NA,NA,NA,"AX","2","1","1","1600","6","1","A","X","White","white.tif","Above","25%","1","1","1300","17","575506","2","300","575491","575508","575509","19","0","575789","2","300","575509","575791","575791","2","0","576089","2","500","575792","576091","576092","2","576473","1","384","1","1","0","576589","2","4000","576092","576591","576592","2","0","580589","2","300","576597","580591","580591","2","0","1","0",NA,NA,"0","580889","2","500","580596","580891","580891","2","581283","1","394","2","2","16","581405","-16","1300","580891","582689","582689","0","1",NA,NA,NA,NA,NA,NA,NA,NA,NA,NA,NA,NA,NA,NA,NA,NA,NA,NA,31877
"AXCPTTrialPROC","reactive2","14","reactiveBlockList","2","59",NA,NA,NA,NA,NA,NA,NA,NA,NA,NA,NA,NA,NA,NA,NA,NA,"Ang",NA,"1","3","4000","8",NA,"A","1","White","red.tif","Below","75%",NA,"5","3700","16","582705","2","300","582691","582707","582707","18","16","583005","2","300","582708","583007","583007","18","16","583305","2","500","583007","583307","583307","18","583796","1","491","1","1","16","583805","2","4000","583308","583807","583807","18","15","587804","2","300","583812","587806","587807","17","0","1","0",NA,NA,"15","588104","2","500","587812","588106","588107","17","0","1","0",NA,NA,"15","588604","-15","3700","588107","592289","592289","0","1",NA,NA,"1","1",NA,NA,NA,NA,NA,NA,NA,NA,NA,NA,NA,NA,NA,NA,31877
"AXCPTTrialPROC","reactive2","14","reactiveBlockList","2","60",NA,NA,NA,NA,NA,NA,NA,NA,NA,NA,NA,NA,NA,NA,NA,NA,"AY","1","1","2","2800","7",NA,"A","M","White","red.tif","Below","75%",NA,"2","2500","14","592303","3","300","592291","592306","592306","17","14","592603","2","300","592306","592605","592605","16","14","592903","2","500","592606","592905","592906","16","593231","1","328","1","1","14","593403","2","4000","592906","593405","593406","16","14","597403","2","300","593411","597405","597405","16","0","1","0",NA,NA,"14","597703","2","500","597410","597705","597705","16","598405","0","702","2","1","13","598202","-13","2500","597705","600689","600689","0","0",NA,NA,NA,NA,"5","1",NA,NA,NA,NA,NA,NA,NA,NA,NA,NA,NA,NA,31877
"AXCPTTrialPROC","reactive2","14","reactiveBlockList","2","61",NA,NA,NA,NA,NA,NA,NA,NA,NA,NA,NA,NA,NA,NA,NA,NA,"AX","2","1","3","4000","8","1","A","X","White","white.tif","Above","25%","1","1","3700","13","600702","2","300","600691","600704","600705","15","13","601002","2","300","600705","601004","601004","15","13","601302","2","500","601004","601304","601304","15","601641","1","339","1","1","13","601802","2","4000","601305","601804","601804","15","12","605801","2","300","601809","605803","605804","14","0","1","0",NA,NA,"12","606101","2","500","605809","606103","606104","14","606520","1","419","2","2","12","606601","-12","3700","606104","610289","610289","0","1",NA,NA,NA,NA,NA,NA,NA,NA,NA,NA,NA,NA,NA,NA,NA,NA,NA,NA,31877
"AXCPTTrialPROC","reactive2","14","reactiveBlockList","2","62",NA,NA,NA,NA,NA,NA,NA,NA,NA,NA,NA,NA,NA,NA,NA,NA,"BY","1","1","2","2800","7",NA,"D","U","White","white.tif","Above","25%",NA,"4","2500","12","610301","2","300","610291","610303","610303","14","12","610601","1","300","610303","610602","610602","13","11","610900","3","500","610603","610903","610903","14","611358","1","458","1","1","11","611400","3","4000","610903","611403","611403","14","11","615400","2","300","611408","615402","615402","13","0","1","0",NA,NA,"11","615700","2","500","615407","615702","615702","13","616193","1","493","1","1","11","616200","-11","2500","615702","618689","618689","0","1","5","1",NA,NA,NA,NA,NA,NA,NA,NA,NA,NA,NA,NA,NA,NA,NA,NA,31877
"AXCPTTrialPROC","reactive2","14","reactiveBlockList","2","63",NA,NA,NA,NA,NA,NA,NA,NA,NA,NA,NA,NA,NA,NA,NA,NA,"Ang",NA,"1","1","1600","6",NA,"A","1","White","red.tif","Below","75%",NA,"5","1300","10","618699","2","300","618691","618701","618702","12","10","618999","2","300","618702","619001","619001","12","10","619299","2","500","619002","619301","619302","12","619683","1","384","1","1","10","619799","2","4000","619302","619801","619802","12","9","623798","3","300","619807","623801","623801","12","0","1","0",NA,NA,"9","624098","3","500","623806","624101","624101","12","0","1","0",NA,NA,"9","624598","-9","1300","624101","625889","625889","0","1",NA,NA,"1","1",NA,NA,NA,NA,NA,NA,NA,NA,NA,NA,NA,NA,NA,NA,31877
"AXCPTTrialPROC","reactive2","14","reactiveBlockList","2","64",NA,NA,NA,NA,NA,NA,NA,NA,NA,NA,NA,NA,NA,NA,NA,NA,"BY","1","1","2","2800","7",NA,"P","C","White","white.tif","Above","25%",NA,"4","2500","9","625898","2","300","625891","625900","625901","11","9","626198","2","300","625901","626200","626200","11","9","626498","2","500","626200","626500","626500","11","627074","1","576","1","1","9","626998","2","4000","626501","627000","627000","11","8","630997","2","300","627005","630999","631000","10","0","1","0",NA,NA,"8","631297","3","500","631005","631300","631300","11","631803","1","506","1","1","8","631797","-8","2500","631300","634289","634289","0","1","27","1",NA,NA,NA,NA,NA,NA,NA,NA,NA,NA,NA,NA,NA,NA,NA,NA,31877
"AXCPTTrialPROC","reactive2","14","reactiveBlockList","2","65",NA,NA,NA,NA,NA,NA,NA,NA,NA,NA,NA,NA,NA,NA,NA,NA,"AX","2","1","3","4000","8","1","A","X","White","white.tif","Above","25%","1","1","3700","24","634313","3","300","634290","634316","634316","27","8","634597","2","300","634316","634599","634599","10","8","634897","2","500","634599","634899","634899","10","635311","1","414","1","1","8","635397","2","4000","634899","635399","635399","10","7","639396","2","300","635404","639398","639398","9","0","1","0",NA,NA,"7","639696","2","500","639404","639698","639698","9","640020","1","324","2","2","7","640196","-7","3700","639699","643889","643889","0","1",NA,NA,NA,NA,NA,NA,NA,NA,NA,NA,NA,NA,NA,NA,NA,NA,NA,NA,31877
"AXCPTTrialPROC","reactive2","14","reactiveBlockList","2","66",NA,NA,NA,NA,NA,NA,NA,NA,NA,NA,NA,NA,NA,NA,NA,NA,"BY","1","1","1","1600","6",NA,"M","U","White","white.tif","Above","25%",NA,"4","1300","23","643912","2","300","643891","643914","643914","25","6","644195","2","300","643915","644197","644197","8","6","644495","2","500","644198","644497","644498","8","644805","1","310","1","1","6","644995","2","4000","644498","644997","644998","8","5","648994","3","300","645003","648997","648997","8","0","1","0",NA,NA,"5","649294","3","500","649002","649297","649297","8","649675","1","381","1","1","5","649794","-5","1300","649297","651089","651089","0","1","19","1",NA,NA,NA,NA,NA,NA,NA,NA,NA,NA,NA,NA,NA,NA,NA,NA,31877
"AXCPTTrialPROC","reactive2","14","reactiveBlockList","2","67",NA,NA,NA,NA,NA,NA,NA,NA,NA,NA,NA,NA,NA,NA,NA,NA,"BX","1","1","2","2800","7",NA,"H","X","White","red.tif","Below","75%",NA,"3","2500","22","651111","2","300","651091","651113","651113","24","5","651394","2","300","651113","651396","651396","7","5","651694","2","500","651397","651696","651697","7","652143","1","449","1","1","5","652194","2","4000","651697","652196","652196","7","4","656193","2","300","652201","656195","656196","6","0","1","0",NA,NA,"4","656493","2","500","656201","656495","656496","6","656915","1","422","1","1","4","656993","-4","2500","656496","659489","659489","0","1",NA,NA,NA,NA,NA,NA,NA,NA,"4","1",NA,NA,NA,NA,NA,NA,NA,NA,31877
"AXCPTTrialPROC","reactive2","14","reactiveBlockList","2","68",NA,NA,NA,NA,NA,NA,NA,NA,NA,NA,NA,NA,NA,NA,NA,NA,"BY","1","1","1","1600","6",NA,"N","D","White","white.tif","Above","25%",NA,"4","1300","20","659509","3","300","659491","659512","659512","23","4","659793","1","300","659512","659794","659795","5","4","660093","2","500","659795","660095","660095","6","660400","1","307","1","1","4","660593","2","4000","660095","660595","660595","6","3","664592","2","300","660600","664594","664594","5","0","1","0",NA,NA,"3","664892","2","500","664600","664894","664894","5","665268","1","376","1","1","3","665392","-3","1300","664895","666689","666689","0","1","23","1",NA,NA,NA,NA,NA,NA,NA,NA,NA,NA,NA,NA,NA,NA,NA,NA,31877
"AXCPTTrialPROC","reactive2","14","reactiveBlockList","2","69",NA,NA,NA,NA,NA,NA,NA,NA,NA,NA,NA,NA,NA,NA,NA,NA,"BY","1","1","3","4000","8",NA,"C","F","White","white.tif","Above","25%",NA,"4","3700","19","666708","3","300","666691","666711","666711","22","3","666992","1","300","666711","666993","666994","4","3","667292","2","500","666994","667294","667294","5","667600","1","308","1","1","2","667791","3","4000","667294","667794","667794","5","2","671791","2","300","667799","671793","671793","4","0","1","0",NA,NA,"2","672091","2","500","671799","672093","672093","4","672498","1","407","1","1","2","672591","-2","3700","672094","676289","676289","0","1","1","1",NA,NA,NA,NA,NA,NA,NA,NA,NA,NA,NA,NA,NA,NA,NA,NA,31877
"AXCPTTrialPROC","reactive2","14","reactiveBlockList","2","70",NA,NA,NA,NA,NA,NA,NA,NA,NA,NA,NA,NA,NA,NA,NA,NA,"Bng",NA,"1","3","4000","8",NA,"C","6","White","red.tif","Below","75%",NA,"6","3700","18","676307","2","300","676291","676309","676309","20","1","676590","2","300","676309","676592","676592","3","1","676890","2","500","676593","676892","676893","3","677293","1","403","1","1","1","677390","2","4000","676893","677392","677392","3","0","681389","2","300","677397","681391","681392","2","0","1","0",NA,NA,"0","681689","2","500","681397","681691","681692","2","0","1","0",NA,NA,"0","682189","0","3700","681692","685889","685889","0","1",NA,NA,NA,NA,NA,NA,"2","1",NA,NA,NA,NA,NA,NA,NA,NA,NA,NA,31877
"AXCPTTrialPROC","reactive2","14","reactiveBlockList","2","71",NA,NA,NA,NA,NA,NA,NA,NA,NA,NA,NA,NA,NA,NA,NA,NA,"AX","2","1","1","1600","6","1","A","X","White","white.tif","Above","25%","1","1","1300","16","685905","2","300","685891","685907","685908","18","0","686189","1","300","685908","686190","686190","1","0","686489","2","500","686191","686491","686491","2","686910","1","421","1","1","16","687005","2","4000","686491","687007","687008","18","15","691004","3","300","687013","691007","691007","18","0","1","0",NA,NA,"15","691304","3","500","691012","691307","691307","18","691649","1","345","2","2","15","691804","-15","1300","691307","693089","693089","0","1",NA,NA,NA,NA,NA,NA,NA,NA,NA,NA,NA,NA,NA,NA,NA,NA,NA,NA,31877
"AXCPTTrialPROC","reactive2","14","reactiveBlockList","2","72",NA,NA,NA,NA,NA,NA,NA,NA,NA,NA,NA,NA,NA,NA,NA,NA,"BX","1","1","1","1600","6",NA,"T","X","White","red.tif","Below","75%",NA,"3","1300","15","693104","2","300","693091","693106","693107","17","15","693404","2","300","693107","693406","693406","17","15","693704","2","500","693407","693706","693707","17","694160","1","456","1","1","15","694204","2","4000","693707","694206","694206","17","14","698203","2","300","694211","698205","698206","16","0","1","0",NA,NA,"14","698503","2","500","698211","698505","698506","16","698990","1","487","1","1","14","699003","-14","1300","698506","700289","700289","0","1",NA,NA,NA,NA,NA,NA,NA,NA,"8","1",NA,NA,NA,NA,NA,NA,NA,NA,31877
"AXCPTTrialPROC","reactive2","14","reactiveBlockList","2","73",NA,NA,NA,NA,NA,NA,NA,NA,NA,NA,NA,NA,NA,NA,NA,NA,"BY","1","1","2","2800","7",NA,"T","P","White","white.tif","Above","25%",NA,"4","2500","14","700303","2","300","700291","700305","700305","16","14","700603","2","300","700306","700605","700605","16","14","700903","2","500","700605","700905","700905","16","702308","1","1405","1","1","14","701403","2","4000","700906","701405","701405","16","13","705402","2","300","701411","705404","705405","15","0","1","0",NA,NA,"13","705702","2","500","705410","705704","705705","15","706599","1","897","1","1","13","706202","-13","2500","705705","708689","708689","0","1","31","1",NA,NA,NA,NA,NA,NA,NA,NA,NA,NA,NA,NA,NA,NA,NA,NA,31877
"AXCPTTrialPROC","reactive2","14","reactiveBlockList","2","74",NA,NA,NA,NA,NA,NA,NA,NA,NA,NA,NA,NA,NA,NA,NA,NA,"AX","2","1","3","4000","8","1","A","X","White","white.tif","Above","25%","1","1","3700","13","708702","2","300","708691","708704","708704","15","13","709002","1","300","708704","709003","709003","14","13","709302","2","500","709004","709304","709304","15","709864","1","562","1","1","13","709802","2","4000","709304","709804","709804","15","12","713801","2","300","709809","713803","713803","14","0","1","0",NA,NA,"12","714101","2","500","713809","714103","714103","14","714546","1","445","2","2","12","714601","-12","3700","714104","718289","718289","0","1",NA,NA,NA,NA,NA,NA,NA,NA,NA,NA,NA,NA,NA,NA,NA,NA,NA,NA,31877
"AXCPTTrialPROC","reactive2","14","reactiveBlockList","2","75",NA,NA,NA,NA,NA,NA,NA,NA,NA,NA,NA,NA,NA,NA,NA,NA,"AY","1","1","2","2800","7",NA,"A","F","White","red.tif","Below","75%",NA,"2","2500","11","718300","2","300","718291","718302","718303","13","11","718600","2","300","718303","718602","718602","13","11","718900","2","500","718603","718902","718903","13","719189","1","289","1","1","11","719400","2","4000","718903","719402","719403","13","10","723399","2","300","719408","723401","723402","12","0","1","0",NA,NA,"10","723699","2","500","723407","723701","723702","12","724194","1","495","1","1","10","724199","-10","2500","723702","726689","726689","0","1",NA,NA,NA,NA,"3","1",NA,NA,NA,NA,NA,NA,NA,NA,NA,NA,NA,NA,31877
"FixationOnlyPROC","reactive2","15","reactiveBlockList","2","76",NA,NA,NA,NA,NA,NA,NA,NA,NA,NA,NA,NA,NA,NA,NA,NA,NA,NA,NA,NA,NA,NA,NA,NA,NA,NA,NA,NA,NA,NA,NA,NA,NA,NA,NA,NA,NA,NA,NA,NA,NA,NA,NA,NA,NA,NA,NA,NA,NA,NA,NA,NA,NA,NA,NA,NA,NA,NA,NA,NA,NA,NA,NA,NA,NA,NA,NA,NA,NA,NA,NA,NA,NA,NA,NA,NA,NA,NA,NA,NA,NA,NA,NA,NA,NA,NA,NA,NA,NA,NA,NA,NA,NA,NA,NA,NA,NA,NA,NA,NA,NA,NA,NA,NA,NA,NA,NA,NA,NA,NA,NA,NA,NA,NA,"10","726699","2","30000","726690","726701","726701","12",31877
