"Procedure","RunNumberFilterValue","baselineBlockList","Running","baselineBlockList.Cycle","baselineBlockList.Sample","Fixation.OnsetDelay","Fixation.OnsetTime","Fixation.DurationError","Fixation.Duration","Fixation.StartTime","Fixation.OffsetTime","Fixation.FinishTime","Fixation.OffsetDelay","getready.OnsetDelay","getready.OnsetTime","getready.DurationError","getready.Duration","getready.StartTime","getready.OffsetTime","getready.CustomOffsetTime","getready.OffsetDelay","BAS1SamplingList","TrialType","ListLen","NumTrials","ProbePos","TopN","w1","w2","w3","w4","w5","w6","w7","w8","probe","correct","ITI","ms","TRs","ShortenedISI","PreISIfix.OnsetDelay","PreISIfix.OnsetTime","PreISIfix.DurationError","PreISIfix.Duration","PreISIfix.StartTime","PreISIfix.OffsetTime","PreISIfix.FinishTime","PreISIfix.OffsetDelay","Flicker.OnsetDelay","Flicker.OnsetTime","Flicker.DurationError","Flicker.Duration","Flicker.StartTime","Flicker.OffsetTime","Flicker.FinishTime","Flicker.OffsetDelay","List1Slide.OnsetDelay","List1Slide.OnsetTime","List1Slide.DurationError","List1Slide.Duration","List1Slide.StartTime","List1Slide.OffsetTime","List1Slide.FinishTime","List1Slide.OffsetDelay","List2Slide.OnsetDelay","List2Slide.OnsetTime","List2Slide.DurationError","List2Slide.Duration","List2Slide.StartTime","List2Slide.OffsetTime","List2Slide.FinishTime","List2Slide.OffsetDelay","Delay.OnsetDelay","Delay.OnsetTime","Delay.DurationError","Delay.Duration","Delay.StartTime","Delay.OffsetTime","Delay.FinishTime","Delay.OffsetDelay","ProbeSlide.OnsetDelay","ProbeSlide.OnsetTime","ProbeSlide.DurationError","ProbeSlide.Duration","ProbeSlide.StartTime","ProbeSlide.OffsetTime","ProbeSlide.FinishTime","ProbeSlide.OffsetDelay","ProbeSlide.RTTime","ProbeSlide.ACC","ProbeSlide.RT","ProbeSlide.RESP","ProbeSlide.CRESP","ISIfix.OnsetDelay","ISIfix.OnsetTime","ISIfix.DurationError","ISIfix.Duration","ISIfix.StartTime","ISIfix.OffsetTime","ISIfix.FinishTime","ISIfix.OffsetDelay","TrialACC","FixationFinal.OnsetDelay","FixationFinal.OnsetTime","FixationFinal.DurationError","FixationFinal.Duration","FixationFinal.StartTime","FixationFinal.OffsetTime","FixationFinal.FinishTime","FixationFinal.OffsetDelay","scanstart.RTTime"
"FixationGetReadyPROC","baseline1","2","baselineBlockList","2","1","24","85198","2","28400","85175","85200","85201","26","3","113577","2","1600","85201","113579","0","5",NA,NA,NA,NA,NA,NA,NA,NA,NA,NA,NA,NA,NA,NA,NA,NA,NA,NA,NA,NA,NA,NA,NA,NA,NA,NA,NA,NA,NA,NA,NA,NA,NA,NA,NA,NA,NA,NA,NA,NA,NA,NA,NA,NA,NA,NA,NA,NA,NA,NA,NA,NA,NA,NA,NA,NA,NA,NA,NA,NA,NA,NA,NA,NA,NA,NA,NA,NA,NA,NA,NA,NA,NA,NA,NA,NA,NA,NA,NA,NA,NA,NA,NA,NA,NA,NA,NA,NA,NA,NA,85160
"SternTrialPROC","baseline1","3","baselineBlockList","2","2",NA,NA,NA,NA,NA,NA,NA,NA,NA,NA,NA,NA,NA,NA,NA,NA,"1","NP",5,"3","5","3","future","menu","ranch",NA,"gravy","syrup",NA,NA,"syrup","2","1","1600","10","800","3","115177","2","500","113581","115179","115179","5","3",115677,"1","300","115180","115678","115679","4","3","115977","2","2400","115679","115979","115979","5","2","118376","3","2400","115979","118379","118379","5","2","120776","2","4000","118379","120778","120778","4","1","124775","2","1600","120779","124777","124778","3",0,0,0,NA,"2","1","126375","-1","800","124778","127174","127174","0","0",NA,NA,NA,NA,NA,NA,NA,NA,85160
"SternTrialPROC","baseline1","3","baselineBlockList","2","3",NA,NA,NA,NA,NA,NA,NA,NA,NA,NA,NA,NA,NA,NA,NA,NA,"2","NN",8,"2","2","4","blaze","flight","harbor","alarm","lawyer","ring","voice","rats","scale","1","3","4000","12","3200","18","127192","2","500","127176","127194","127194","20","1",127675,"2","300","127194","127677","127677","3","1","127975","2","2400","127677","127977","127977","3","0","130374","3","2400","127978","130377","130377","3","0","132774","2","4000","130377","132776","132777","2","16","136790","2","1600","132777","136792","136793","18",137808,1,1018,1,"1","16","138390","-16","3200","136793","141574","141574","0","1",NA,NA,NA,NA,NA,NA,NA,NA,85160
"SternTrialPROC","baseline1","3","baselineBlockList","2","4",NA,NA,NA,NA,NA,NA,NA,NA,NA,NA,NA,NA,NA,NA,NA,NA,"3","NN",8,"2","1","4","drinks","booth","record","pulse","friend","suit","setup","wind","doll","1","2","2800","11","2000","15","141589","2","500","141575","141591","141592","17","15",142089,"2","300","141592","142091","142091","17","15","142389","2","2400","142091","142391","142392","17","15","144789","2","2400","142392","144791","144791","17","14","147188","3","4000","144792","147191","147191","17","14","151188","2","1600","147191","151190","151190","16",152202,1,1014,1,"1","14","152788","-14","2000","151191","154774","154774","0","1",NA,NA,NA,NA,NA,NA,NA,NA,85160
"SternTrialPROC","baseline1","3","baselineBlockList","2","5",NA,NA,NA,NA,NA,NA,NA,NA,NA,NA,NA,NA,NA,NA,NA,NA,"4","NP",5,"3","1","3","threat","tally","fury",NA,"trash","hawk",NA,NA,"threat","2","1","1600","10","800","13","154787","2","500","154775","154789","154790","15","13",155287,"2","300","154790","155289","155289","15","13","155587","2","2400","155289","155589","155590","15","13","157987","2","2400","155590","157989","157989","15","12","160386","2","4000","157989","160388","160389","14","12","164386","2","1600","160389","164388","164388","14",165762,0,1376,1,"2","11","165985","-11","800","164388","166774","166774","0","0",NA,NA,NA,NA,NA,NA,NA,NA,85160
"SternTrialPROC","baseline1","3","baselineBlockList","2","6",NA,NA,NA,NA,NA,NA,NA,NA,NA,NA,NA,NA,NA,NA,NA,NA,"5","NN",6,"1","4","3","exit","item","wing",NA,"cousin","class","swarm",NA,"parrot","1","2","2800","11","2000","11","166785","2","500","166775","166787","166788","13","11",167285,"2","300","166788","167287","167287","13","11","167585","2","2400","167287","167587","167588","13","11","169985","2","2400","167588","169987","169987","13","10","172384","3","4000","169987","172387","172387","13","10","176384","2","1600","172387","176386","176386","12",177965,1,1581,1,"1","10","177984","-10","2000","176387","179974","179974","0","1",NA,NA,NA,NA,NA,NA,NA,NA,85160
"SternTrialPROC","baseline1","3","baselineBlockList","2","7",NA,NA,NA,NA,NA,NA,NA,NA,NA,NA,NA,NA,NA,NA,NA,NA,"6","NP",8,"2","7","4","reward","copy","brow","reflex","thing","jazz","chance","oven","chance","2","2","2800","11","2000","9","179983","2","500","179975","179985","179986","11","9",180483,"2","300","179986","180485","180485","11","9","180783","2","2400","180485","180785","180786","11","9","183183","2","2400","180786","183185","183185","11","8","185582","2","4000","183185","185584","185585","10","8","189582","2","1600","185585","189584","189584","10",190457,1,875,2,"2","7","191181","-7","2000","189584","193174","193174","0","1",NA,NA,NA,NA,NA,NA,NA,NA,85160
"SternTrialPROC","baseline1","3","baselineBlockList","2","8",NA,NA,NA,NA,NA,NA,NA,NA,NA,NA,NA,NA,NA,NA,NA,NA,"7","NN",5,"2","1","3","bamboo","mass","spiral",NA,"soda","hour",NA,NA,"blur","1","1","1600","10","800","24","193198","2","500","193175","193200","193200","26","7",193681,"2","300","193200","193683","193683","9","7","193981","2","2400","193683","193983","193983","9","7","196381","2","2400","193984","196383","196383","9","6","198780","2","4000","196383","198782","198783","8","6","202780","2","1600","198783","202782","202782","8",203916,1,1136,1,"1","5","204379","-5","800","202782","205174","205174","0","1",NA,NA,NA,NA,NA,NA,NA,NA,85160
"SternTrialPROC","baseline1","3","baselineBlockList","2","9",NA,NA,NA,NA,NA,NA,NA,NA,NA,NA,NA,NA,NA,NA,NA,NA,"8","NP",7,"2","5","3","idol","apple","event",NA,"knight","rash","iron","gear","rash","2","2","2800","11","2000","22","205196","2","500","205176","205198","205198","24","5",205679,"2","300","205199","205681","205681","7","5","205979","2","2400","205681","205981","205982","7","5","208379","2","2400","205982","208381","208381","7","4","210778","2","4000","208381","210780","210781","6","4","214778","2","1600","210781","214780","214780","6",216174,1,1396,2,"2","3","216377","-3","2000","214780","218374","218374","0","1",NA,NA,NA,NA,NA,NA,NA,NA,85160
"SternTrialPROC","baseline1","3","baselineBlockList","2","10",NA,NA,NA,NA,NA,NA,NA,NA,NA,NA,NA,NA,NA,NA,NA,NA,"9","NN",5,"2","5","3","rest","cellar","esteem",NA,"soap","witch",NA,NA,"tube","1","3","4000","12","3200","20","218394","2","500","218375","218396","218396","22","3",218877,"2","300","218396","218879","218879","5","3","219177","2","2400","218879","219179","219179","5","3","221577","2","2400","219180","221579","221579","5","2","223976","2","4000","221579","223978","223979","4","2","227976","2","1600","223979","227978","227978","4",229258,1,1282,1,"1","1","229575","-1","3200","227978","232774","232774","0","1",NA,NA,NA,NA,NA,NA,NA,NA,85160
"SternTrialPROC","baseline1","3","baselineBlockList","2","11",NA,NA,NA,NA,NA,NA,NA,NA,NA,NA,NA,NA,NA,NA,NA,NA,"10","NP",5,"3","2","3","weight","share","aunt",NA,"grade","shot",NA,NA,"share","2","2","2800","11","2000","18","232792","2","500","232775","232794","232794","20","1",233275,"1","300","232794","233276","233277","2","1","233575","2","2400","233277","233577","233577","3","0","235974","3","2400","233577","235977","235977","3","0","238374","2","4000","235977","238376","238376","2","16","242390","2","1600","238377","242392","242393","18",244167,1,1777,2,"2","16","243990","-16","2000","242393","245974","245974","0","1",NA,NA,NA,NA,NA,NA,NA,NA,85160
"SternTrialPROC","baseline1","3","baselineBlockList","2","12",NA,NA,NA,NA,NA,NA,NA,NA,NA,NA,NA,NA,NA,NA,NA,NA,"11","NP",7,"2","7","3","gold","point","charm",NA,"vision","part","nick","wealth","wealth","2","1","1600","10","800","15","245989","3","500","245975","245992","245992","18","15",246489,"2","300","245992","246491","246491","17","15","246789","2","2400","246492","246791","246792","17","15","249189","2","2400","246792","249191","249191","17","15","251589","2","4000","249192","251591","251591","17","14","255588","2","1600","251592","255590","255590","16",256728,1,1140,2,"2","14","257188","-14","800","255591","257974","257974","0","1",NA,NA,NA,NA,NA,NA,NA,NA,85160
"SternTrialPROC","baseline1","3","baselineBlockList","2","13",NA,NA,NA,NA,NA,NA,NA,NA,NA,NA,NA,NA,NA,NA,NA,NA,"12","NP",8,"2","2","4","stage","bush","bonus","trust","hand","jets","days","board","bush","2","1","1600","10","800","14","257988","2","500","257975","257990","257990","16","13",258487,"2","300","257990","258489","258489","15","13","258787","3","2400","258490","258790","258790","16","13","261187","2","2400","258790","261189","261189","15","13","263587","2","4000","261190","263589","263589","15","12","267586","2","1600","263590","267588","267588","14",268786,1,1200,2,"2","12","269186","-12","800","267589","269974","269974","0","1",NA,NA,NA,NA,NA,NA,NA,NA,85160
"SternTrialPROC","baseline1","3","baselineBlockList","2","14",NA,NA,NA,NA,NA,NA,NA,NA,NA,NA,NA,NA,NA,NA,NA,NA,"13","NN",7,"1","5","3","stroke","bike","rope",NA,"cliff","cannon","kiss","jeans","straw","1","3","4000","12","3200","12","269986","2","500","269975","269988","269988","14","12",270486,"1","300","269988","270487","270487","13","12","270786","2","2400","270488","270788","270788","14","11","273185","2","2400","270788","273187","273188","13","11","275585","2","4000","273188","275587","275587","13","10","279584","2","1600","275588","279586","279587","12",280428,1,844,1,"1","10","281184","-10","3200","279587","284374","284374","0","1",NA,NA,NA,NA,NA,NA,NA,NA,85160
"SternTrialPROC","baseline1","3","baselineBlockList","2","15",NA,NA,NA,NA,NA,NA,NA,NA,NA,NA,NA,NA,NA,NA,NA,NA,"14","NP",6,"1","6","3","charge","quart","breed",NA,"grain","crest","frost",NA,"frost","2","3","4000","12","3200","9","284383","3","500","284375","284386","284386","12","9",284883,"2","300","284386","284885","284885","11","9","285183","2","2400","284885","285185","285186","11","9","287583","2","2400","285186","287585","287585","11","8","289982","3","4000","287585","289985","289985","11","8","293982","2","1600","289986","293984","293984","10",294945,1,963,2,"2","8","295582","-8","3200","293985","298774","298774","0","1",NA,NA,NA,NA,NA,NA,NA,NA,85160
"SternTrialPROC","baseline1","3","baselineBlockList","2","16",NA,NA,NA,NA,NA,NA,NA,NA,NA,NA,NA,NA,NA,NA,NA,NA,"15","RN",5,"1","1","3","magic","nanny","agent",NA,"role","beam",NA,NA,"quart","1","3","4000","12","3200","24","298798","2","500","298775","298800","298800","26","7",299281,"2","300","298800","299283","299283","9","7","299581","2","2400","299283","299583","299583","9","7","301981","2","2400","299584","301983","301983","9","6","304380","2","4000","301983","304382","304383","8","6","308380","2","1600","304383","308382","308382","8",309268,1,888,1,"1","5","309979","-5","3200","308382","313174","313174","0","1",NA,NA,NA,NA,NA,NA,NA,NA,85160
"FixationGetReadyPROC","baseline1","4","baselineBlockList","2","17","21","313195","3","28400","313175","313198","313198","24","17","341591","2","1600","313198","341593","0","19",NA,NA,NA,NA,NA,NA,NA,NA,NA,NA,NA,NA,NA,NA,NA,NA,NA,NA,NA,NA,NA,NA,NA,NA,NA,NA,NA,NA,NA,NA,NA,NA,NA,NA,NA,NA,NA,NA,NA,NA,NA,NA,NA,NA,NA,NA,NA,NA,NA,NA,NA,NA,NA,NA,NA,NA,NA,NA,NA,NA,NA,NA,NA,NA,NA,NA,NA,NA,NA,NA,NA,NA,NA,NA,NA,NA,NA,NA,NA,NA,NA,NA,NA,NA,NA,NA,NA,NA,NA,NA,85160
"SternTrialPROC","baseline1","5","baselineBlockList","2","18",NA,NA,NA,NA,NA,NA,NA,NA,NA,NA,NA,NA,NA,NA,NA,NA,"16","NN",6,"1","1","3","disk","dean","beep",NA,"bottle","canal","monk",NA,"taxi","1","1","1600","10","800","0","343174","2","500","341595","343176","343177","2","0",343674,"2","300","343177","343676","343676","2","0","343974","2","2400","343676","343976","343977","2","16","346390","2","2400","343977","346392","346393","18","16","348790","2","4000","346393","348792","348792","18","15","352789","2","1600","348793","352791","352792","17",353905,1,1116,1,"1","15","354389","-15","800","352792","355174","355174","0","1",NA,NA,NA,NA,NA,NA,NA,NA,85160
"SternTrialPROC","baseline1","5","baselineBlockList","2","19",NA,NA,NA,NA,NA,NA,NA,NA,NA,NA,NA,NA,NA,NA,NA,NA,"17","NN",8,"2","1","4","sample","depth","slug","wizard","fold","critic","flash","bars","liar","1","1","1600","10","800","15","355189","2","500","355175","355191","355191","17","15",355689,"1","300","355192","355690","355691","16","15","355989","2","2400","355691","355991","355991","17","14","358388","3","2400","355992","358391","358391","17","14","360788","2","4000","358391","360790","360790","16","13","364787","3","1600","360791","364790","364790","16",365891,1,1104,1,"1","13","366387","-13","800","364790","367174","367174","0","1",NA,NA,NA,NA,NA,NA,NA,NA,85160
"SternTrialPROC","baseline1","5","baselineBlockList","2","20",NA,NA,NA,NA,NA,NA,NA,NA,NA,NA,NA,NA,NA,NA,NA,NA,"18","NP",7,"2","2","3","infant","need","scrap",NA,"comb","virtue","poppy","pound","need","2","2","2800","11","2000","13","367187","2","500","367175","367189","367189","15","13",367687,"2","300","367190","367689","367689","15","13","367987","2","2400","367689","367989","367989","15","12","370386","3","2400","367990","370389","370389","15","12","372786","2","4000","370389","372788","372789","14","11","376785","3","1600","372789","376788","376788","14",378142,1,1357,2,"2","11","378385","-11","2000","376788","380374","380374","0","1",NA,NA,NA,NA,NA,NA,NA,NA,85160
"SternTrialPROC","baseline1","5","baselineBlockList","2","21",NA,NA,NA,NA,NA,NA,NA,NA,NA,NA,NA,NA,NA,NA,NA,NA,"19","NP",7,"2","5","3","rattle","jacket","climax",NA,"prank","bean","tide","cheek","bean","2","3","4000","12","3200","11","380385","2","500","380375","380387","380387","13","11",380885,"1","300","380388","380886","380887","12","11","381185","2","2400","380887","381187","381187","13","10","383584","3","2400","381187","383587","383587","13","10","385984","2","4000","383587","385986","385986","12","9","389983","3","1600","385987","389986","389986","12",390963,1,980,2,"2","9","391583","-9","3200","389986","394774","394774","0","1",NA,NA,NA,NA,NA,NA,NA,NA,85160
"SternTrialPROC","baseline1","5","baselineBlockList","2","22",NA,NA,NA,NA,NA,NA,NA,NA,NA,NA,NA,NA,NA,NA,NA,NA,"20","NP",8,"3","8","4","reign","decade","bang","spice","verse","heel","wave","bees","bees","2","2","2800","11","2000","9","394783","2","500","394775","394785","394785","11","9",395283,"1","300","394785","395284","395284","10","8","395582","3","2400","395285","395585","395585","11","8","397982","2","2400","395585","397984","397985","10","8","400382","2","4000","397985","400384","400384","10","7","404381","2","1600","400385","404383","404384","9",405394,1,1013,2,"2","7","405981","-7","2000","404384","407974","407974","0","1",NA,NA,NA,NA,NA,NA,NA,NA,85160
"SternTrialPROC","baseline1","5","baselineBlockList","2","23",NA,NA,NA,NA,NA,NA,NA,NA,NA,NA,NA,NA,NA,NA,NA,NA,"21","NP",5,"3","1","3","visit","frog","inch",NA,"tattoo","camel",NA,NA,"visit","2","3","4000","12","3200","23","407997","2","500","407976","407999","408000","25","6",408480,"2","300","408000","408482","408482","8","6","408780","3","2400","408483","408783","408783","9","6","411180","2","2400","408783","411182","411182","8","6","413580","2","4000","411183","413582","413582","8","5","417579","2","1600","413583","417581","417581","7",418426,1,847,2,"2","5","419179","-5","3200","417582","422374","422374","0","1",NA,NA,NA,NA,NA,NA,NA,NA,85160
"SternTrialPROC","baseline1","5","baselineBlockList","2","24",NA,NA,NA,NA,NA,NA,NA,NA,NA,NA,NA,NA,NA,NA,NA,NA,"22","NN",7,"1","2","3","beef","spouse","combat",NA,"shelf","dryer","land","risk","logic","1","1","1600","10","800","21","422395","2","500","422375","422397","422397","23","4",422878,"2","300","422398","422880","422880","6","4","423178","2","2400","422880","423180","423181","6","4","425578","2","2400","423181","425580","425580","6","3","427977","3","4000","425580","427980","427980","6","3","431977","2","1600","427980","431979","431979","5",432820,0,843,2,"1","2","433576","-2","800","431980","434374","434374","0","0",NA,NA,NA,NA,NA,NA,NA,NA,85160
"SternTrialPROC","baseline1","5","baselineBlockList","2","25",NA,NA,NA,NA,NA,NA,NA,NA,NA,NA,NA,NA,NA,NA,NA,NA,"23","NP",5,"3","3","3","poll","output","people",NA,"dove","silk",NA,NA,"people","2","3","4000","12","3200","19","434393","2","500","434375","434395","434395","21","2",434876,"2","300","434396","434878","434878","4","2","435176","2","2400","434878","435178","435179","4","2","437576","2","2400","435179","437578","437578","4","1","439975","3","4000","437578","439978","439978","4","1","443975","2","1600","439979","443977","443977","3",444792,0,817,1,"2","1","445575","-1","3200","443978","448774","448774","0","0",NA,NA,NA,NA,NA,NA,NA,NA,85160
"SternTrialPROC","baseline1","5","baselineBlockList","2","26",NA,NA,NA,NA,NA,NA,NA,NA,NA,NA,NA,NA,NA,NA,NA,NA,"24","NN",8,"2","5","4","cradle","steam","toast","tail","sister","noise","plane","cloud","heater","1","1","1600","10","800","17","448791","2","500","448775","448793","448793","19","0",449274,"2","300","448793","449276","449276","2","0","449574","2","2400","449276","449576","449576","2","16","451990","2","2400","449577","451992","451993","18","16","454390","2","4000","451993","454392","454392","18","15","458389","2","1600","454393","458391","458392","17",459599,1,1210,1,"1","15","459989","-15","800","458392","460774","460774","0","1",NA,NA,NA,NA,NA,NA,NA,NA,85160
"SternTrialPROC","baseline1","5","baselineBlockList","2","27",NA,NA,NA,NA,NA,NA,NA,NA,NA,NA,NA,NA,NA,NA,NA,NA,"25","RN",5,"1","2","3","pork","crust","color",NA,"empire","list",NA,NA,"noise","1","2","2800","11","2000","15","460789","2","500","460775","460791","460791","17","15",461289,"1","300","460791","461290","461291","16","15","461589","2","2400","461291","461591","461591","17","14","463988","2","2400","461591","463990","463991","16","14","466388","2","4000","463991","466390","466390","16","13","470387","2","1600","466391","470389","470390","15",471504,1,1117,1,"1","13","471987","-13","2000","470390","473974","473974","0","1",NA,NA,NA,NA,NA,NA,NA,NA,85160
"SternTrialPROC","baseline1","5","baselineBlockList","2","28",NA,NA,NA,NA,NA,NA,NA,NA,NA,NA,NA,NA,NA,NA,NA,NA,"26","NN",5,"2","3","3","joints","march","motor",NA,"stain","music",NA,NA,"pole","1","2","2800","11","2000","13","473987","2","500","473976","473989","473989","15","13",474487,"1","300","473989","474488","474489","14","13","474787","2","2400","474489","474789","474789","15","12","477186","2","2400","474789","477188","477189","14","12","479586","2","4000","477189","479588","479588","14","11","483585","2","1600","479589","483587","483588","13",484525,1,940,1,"1","11","485185","-11","2000","483588","487174","487174","0","1",NA,NA,NA,NA,NA,NA,NA,NA,85160
"SternTrialPROC","baseline1","5","baselineBlockList","2","29",NA,NA,NA,NA,NA,NA,NA,NA,NA,NA,NA,NA,NA,NA,NA,NA,"27","NP",8,"3","4","4","hotel","donor","flavor","city","pasta","temple","border","trophy","city","2","3","4000","12","3200","11","487185","2","500","487175","487187","487187","13","11",487685,"1","300","487187","487686","487686","12","11","487985","2","2400","487687","487987","487987","13","10","490384","2","2400","487987","490386","490387","12","10","492784","2","4000","490387","492786","492786","12","9","496783","2","1600","492787","496785","496786","11",497794,1,1011,2,"2","9","498383","-9","3200","496786","501574","501574","0","1",NA,NA,NA,NA,NA,NA,NA,NA,85160
"SternTrialPROC","baseline1","5","baselineBlockList","2","30",NA,NA,NA,NA,NA,NA,NA,NA,NA,NA,NA,NA,NA,NA,NA,NA,"28","NP",8,"3","7","4","feast","winner","moment","bath","atom","talent","carpet","access","carpet","2","1","1600","10","800","8","501582","3","500","501575","501585","501585","11","8",502082,"2","300","501585","502084","502084","10","8","502382","2","2400","502084","502384","502385","10","8","504782","2","2400","502385","504784","504784","10","7","507181","3","4000","504785","507184","507184","10","7","511181","2","1600","507185","511183","511183","9",512315,1,1134,2,"2","7","512781","-7","800","511184","513574","513574","0","1",NA,NA,NA,NA,NA,NA,NA,NA,85160
"SternTrialPROC","baseline1","5","baselineBlockList","2","31",NA,NA,NA,NA,NA,NA,NA,NA,NA,NA,NA,NA,NA,NA,NA,NA,"29","NP",5,"3","4","3","payoff","juice","tongue",NA,"tags","hint",NA,NA,"tags","2","3","4000","12","3200","23","513597","2","500","513575","513599","513600","25","6",514080,"2","300","513600","514082","514082","8","6","514380","3","2400","514082","514383","514383","9","6","516780","2","2400","514383","516782","516782","8","6","519180","2","4000","516783","519182","519182","8","5","523179","2","1600","519183","523181","523181","7",524293,1,1114,2,"2","5","524779","-5","3200","523182","527974","527974","0","1",NA,NA,NA,NA,NA,NA,NA,NA,85160
"SternTrialPROC","baseline1","5","baselineBlockList","2","32",NA,NA,NA,NA,NA,NA,NA,NA,NA,NA,NA,NA,NA,NA,NA,NA,"30","NN",5,"2","1","3","flag","demon","wake",NA,"washer","stake",NA,NA,"greed","1","2","2800","11","2000","21","527995","2","500","527975","527997","527997","23","4",528478,"2","300","527998","528480","528480","6","4","528778","2","2400","528480","528780","528781","6","4","531178","2","2400","528781","531180","531180","6","3","533577","2","4000","531180","533579","533580","5","3","537577","2","1600","533580","537579","537579","5",539564,1,1987,1,"1","2","539176","-2","2000","537579","541174","541174","0","1",NA,NA,NA,NA,NA,NA,NA,NA,85160
"FixationGetReadyPROC","baseline1","6","baselineBlockList","2","33","19","541193","2","28400","541175","541195","541195","21","14","569588","2","1600","541195","569590","0","16",NA,NA,NA,NA,NA,NA,NA,NA,NA,NA,NA,NA,NA,NA,NA,NA,NA,NA,NA,NA,NA,NA,NA,NA,NA,NA,NA,NA,NA,NA,NA,NA,NA,NA,NA,NA,NA,NA,NA,NA,NA,NA,NA,NA,NA,NA,NA,NA,NA,NA,NA,NA,NA,NA,NA,NA,NA,NA,NA,NA,NA,NA,NA,NA,NA,NA,NA,NA,NA,NA,NA,NA,NA,NA,NA,NA,NA,NA,NA,NA,NA,NA,NA,NA,NA,NA,NA,NA,NA,NA,85160
"SternTrialPROC","baseline1","7","baselineBlockList","2","34",NA,NA,NA,NA,NA,NA,NA,NA,NA,NA,NA,NA,NA,NA,NA,NA,"31","NN",5,"2","3","3","lion","rider","devil",NA,"label","lake",NA,NA,"pans","1","1","1600","10","800","14","571188","2","500","569592","571190","571191","16","14",571688,"2","300","571191","571690","571690","16","14","571988","2","2400","571690","571990","571990","16","14","574388","2","2400","571991","574390","574390","16","13","576787","2","4000","574390","576789","576790","15","13","580787","2","1600","576790","580789","580789","15",581912,1,1125,1,"1","12","582386","-12","800","580789","583174","583174","0","1",NA,NA,NA,NA,NA,NA,NA,NA,85160
"SternTrialPROC","baseline1","7","baselineBlockList","2","35",NA,NA,NA,NA,NA,NA,NA,NA,NA,NA,NA,NA,NA,NA,NA,NA,"32","NP",5,"3","4","3","beds","maid","razor",NA,"muscle","deed",NA,NA,"muscle","2","3","4000","12","3200","12","583186","2","500","583175","583188","583189","14","12",583686,"2","300","583189","583688","583688","14","12","583986","2","2400","583688","583988","583989","14","12","586386","2","2400","583989","586388","586388","14","11","588785","2","4000","586388","588787","588788","13","11","592785","2","1600","588788","592787","592787","13",593632,1,847,2,"2","10","594384","-10","3200","592787","597574","597574","0","1",NA,NA,NA,NA,NA,NA,NA,NA,85160
"SternTrialPROC","baseline1","7","baselineBlockList","2","36",NA,NA,NA,NA,NA,NA,NA,NA,NA,NA,NA,NA,NA,NA,NA,NA,"33","NP",8,"2","2","4","fusion","bugs","drum","script","cook","hair","level","beetle","bugs","2","2","2800","11","2000","10","597584","2","500","597575","597586","597586","12","10",598084,"2","300","597587","598086","598086","12","10","598384","2","2400","598086","598386","598386","12","9","600783","3","2400","598386","600786","600786","12","9","603183","2","4000","600786","603185","603185","11","8","607182","2","1600","603186","607184","607185","10",608877,1,1695,2,"2","8","608782","-8","2000","607185","610774","610774","0","1",NA,NA,NA,NA,NA,NA,NA,NA,85160
"SternTrialPROC","baseline1","7","baselineBlockList","2","37",NA,NA,NA,NA,NA,NA,NA,NA,NA,NA,NA,NA,NA,NA,NA,NA,"34","RN",5,"1","4","3","dawn","beer","slope",NA,"chip","cent",NA,NA,"fusion","1","3","4000","12","3200","8","610782","2","500","610775","610784","610785","10","8",611282,"1","300","610785","611283","611284","9","8","611582","2","2400","611284","611584","611584","10","7","613981","2","2400","611584","613983","613984","9","7","616381","2","4000","613984","616383","616384","9","6","620380","2","1600","616384","620382","620383","8",621117,1,737,1,"1","6","621980","-6","3200","620383","625174","625174","0","1",NA,NA,NA,NA,NA,NA,NA,NA,85160
"SternTrialPROC","baseline1","7","baselineBlockList","2","38",NA,NA,NA,NA,NA,NA,NA,NA,NA,NA,NA,NA,NA,NA,NA,NA,"35","NN",8,"2","4","4","clay","affair","stuff","leak","cost","zipper","leash","guts","shell","1","3","4000","12","3200","22","625196","2","500","625175","625198","625199","24","5",625679,"2","300","625199","625681","625681","7","5","625979","3","2400","625682","625982","625982","8","5","628379","2","2400","625982","628381","628381","7","5","630779","2","4000","628382","630781","630781","7","4","634778","2","1600","630782","634780","634780","6",636072,1,1294,1,"1","4","636378","-4","3200","634781","639574","639574","0","1",NA,NA,NA,NA,NA,NA,NA,NA,85160
"SternTrialPROC","baseline1","7","baselineBlockList","2","39",NA,NA,NA,NA,NA,NA,NA,NA,NA,NA,NA,NA,NA,NA,NA,NA,"36","NP",7,"1","6","3","flaw","trait","kite",NA,"honor","click","clue","dogs","clue","2","1","1600","10","800","20","639594","2","500","639575","639596","639596","22","3",640077,"2","300","639596","640079","640079","5","3","640377","2","2400","640079","640379","640380","5","3","642777","2","2400","640380","642779","642779","5","2","645176","2","4000","642779","645178","645179","4","2","649176","2","1600","645179","649178","649178","4",650071,1,895,2,"2","1","650775","-1","800","649178","651574","651574","0","1",NA,NA,NA,NA,NA,NA,NA,NA,85160
"SternTrialPROC","baseline1","7","baselineBlockList","2","40",NA,NA,NA,NA,NA,NA,NA,NA,NA,NA,NA,NA,NA,NA,NA,NA,"37","NP",8,"2","5","4","prince","cars","tile","mill","wife","clock","street","east","wife","2","2","2800","11","2000","18","651592","2","500","651575","651594","651594","20","1",652075,"2","300","651595","652077","652077","3","1","652375","2","2400","652077","652377","652378","3","1","654775","2","2400","652378","654777","654777","3","0","657174","3","4000","654778","657177","657177","3","0","661174","2","1600","657177","661176","661176","2",662168,1,994,2,"2","16","662790","-16","2000","661177","664774","664774","0","1",NA,NA,NA,NA,NA,NA,NA,NA,85160
"SternTrialPROC","baseline1","7","baselineBlockList","2","41",NA,NA,NA,NA,NA,NA,NA,NA,NA,NA,NA,NA,NA,NA,NA,NA,"38","NN",5,"2","5","3","sage","holder","forest",NA,"odor","paste",NA,NA,"gift","1","1","1600","10","800","16","664790","2","500","664775","664792","664792","18","16",665290,"2","300","664793","665292","665292","18","16","665590","2","2400","665292","665592","665592","18","15","667989","2","2400","665592","667991","667992","17","15","670389","2","4000","667992","670391","670391","17","14","674388","3","1600","670392","674391","674391","17",675767,1,1379,1,"1","14","675988","-14","800","674391","676774","676774","0","1",NA,NA,NA,NA,NA,NA,NA,NA,85160
"SternTrialPROC","baseline1","7","baselineBlockList","2","42",NA,NA,NA,NA,NA,NA,NA,NA,NA,NA,NA,NA,NA,NA,NA,NA,"39","NP",6,"1","2","3","pupil","food","ground",NA,"flick","humans","rating",NA,"food","2","1","1600","10","800","14","676788","2","500","676775","676790","676791","16","14",677288,"2","300","676791","677290","677290","16","14","677588","2","2400","677290","677590","677590","16","13","679987","3","2400","677591","679990","679990","16","13","682387","2","4000","679990","682389","682390","15","12","686386","3","1600","682390","686389","686389","15",688201,1,1815,2,"2","12","687986","-12","800","686389","688774","688774","0","1",NA,NA,NA,NA,NA,NA,NA,NA,85160
"SternTrialPROC","baseline1","7","baselineBlockList","2","43",NA,NA,NA,NA,NA,NA,NA,NA,NA,NA,NA,NA,NA,NA,NA,NA,"40","RN",8,"1","6","4","toilet","object","plaque","clash","monkey","boiler","worm","cable","ground","1","3","4000","12","3200","12","688786","2","500","688775","688788","688789","14","12",689286,"2","300","688789","689288","689288","14","12","689586","2","2400","689288","689588","689588","14","12","691986","2","2400","689589","691988","691988","14","11","694385","2","4000","691988","694387","694388","13","11","698385","2","1600","694388","698387","698387","13",0,0,0,NA,"1","10","699984","-10","3200","698387","703174","703174","0","0",NA,NA,NA,NA,NA,NA,NA,NA,85160
"SternTrialPROC","baseline1","7","baselineBlockList","2","44",NA,NA,NA,NA,NA,NA,NA,NA,NA,NA,NA,NA,NA,NA,NA,NA,"41","NP",5,"3","2","3","maps","marker","chapel",NA,"caps","index",NA,NA,"marker","2","2","2800","11","2000","10","703184","2","500","703175","703186","703186","12","10",703684,"1","300","703186","703685","703686","11","10","703984","2","2400","703686","703986","703986","12","9","706383","2","2400","703986","706385","706386","11","9","708783","2","4000","706386","708785","708785","11","8","712782","2","1600","708786","712784","712785","10",714049,1,1267,2,"2","8","714382","-8","2000","712785","716374","716374","0","1",NA,NA,NA,NA,NA,NA,NA,NA,85160
"SternTrialPROC","baseline1","7","baselineBlockList","2","45",NA,NA,NA,NA,NA,NA,NA,NA,NA,NA,NA,NA,NA,NA,NA,NA,"42","NN",8,"2","1","4","market","couch","plug","accord","parent","lounge","tree","altar","signal","1","2","2800","11","2000","24","716398","3","500","716375","716401","716401","27","8",716882,"1","300","716401","716883","716884","9","8","717182","2","2400","716884","717184","717184","10","7","719581","2","2400","717184","719583","719584","9","7","721981","2","4000","719584","721983","721983","9","6","725980","2","1600","721984","725982","725983","8",727130,1,1150,1,"1","6","727580","-6","2000","725983","729574","729574","0","1",NA,NA,NA,NA,NA,NA,NA,NA,85160
"SternTrialPROC","baseline1","7","baselineBlockList","2","46",NA,NA,NA,NA,NA,NA,NA,NA,NA,NA,NA,NA,NA,NA,NA,NA,"43","NP",5,"3","1","3","curve","bark","fact",NA,"corner","mouth",NA,NA,"curve","2","3","4000","12","3200","22","729596","2","500","729575","729598","729599","24","6",730080,"1","300","729599","730081","730081","7","6","730380","2","2400","730082","730382","730382","8","5","732779","2","2400","730382","732781","732782","7","5","735179","2","4000","732782","735181","735181","7","4","739178","2","1600","735182","739180","739181","6",740202,1,1024,2,"2","4","740778","-4","3200","739181","743974","743974","0","1",NA,NA,NA,NA,NA,NA,NA,NA,85160
"SternTrialPROC","baseline1","7","baselineBlockList","2","47",NA,NA,NA,NA,NA,NA,NA,NA,NA,NA,NA,NA,NA,NA,NA,NA,"44","NN",7,"2","7","3","draft","weapon","liter",NA,"nerve","resort","fuss","time","pledge","1","2","2800","11","2000","20","743994","2","500","743975","743996","743997","22","3",744477,"2","300","743997","744479","744479","5","3","744777","2","2400","744480","744779","744780","5","3","747177","2","2400","744780","747179","747179","5","2","749576","3","4000","747180","749579","749579","5","2","753576","2","1600","749580","753578","753578","4",0,0,0,NA,"1","2","755176","-2","2000","753579","757174","757174","0","0",NA,NA,NA,NA,NA,NA,NA,NA,85160
"SternTrialPROC","baseline1","7","baselineBlockList","2","48",NA,NA,NA,NA,NA,NA,NA,NA,NA,NA,NA,NA,NA,NA,NA,NA,"45","NN",7,"2","6","3","genius","blood","ways",NA,"guitar","beach","stone","herd","berry","1","1","1600","10","800","18","757192","2","500","757175","757194","757194","20","1",757675,"2","300","757195","757677","757677","3","1","757975","2","2400","757677","757977","757978","3","1","760375","2","2400","757978","760377","760377","3","0","762774","3","4000","760377","762777","762777","3","0","766774","2","1600","762777","766776","766776","2",767790,1,1016,1,"1","16","768390","-16","800","766777","769174","769174","0","1",NA,NA,NA,NA,NA,NA,NA,NA,85160
"FixationOnlyPROC","baseline1","8","baselineBlockList","2","49",NA,NA,NA,NA,NA,NA,NA,NA,NA,NA,NA,NA,NA,NA,NA,NA,NA,NA,NA,NA,NA,NA,NA,NA,NA,NA,NA,NA,NA,NA,NA,NA,NA,NA,NA,NA,NA,NA,NA,NA,NA,NA,NA,NA,NA,NA,NA,NA,NA,NA,NA,NA,NA,NA,NA,NA,NA,NA,NA,NA,NA,NA,NA,NA,NA,NA,NA,NA,NA,NA,NA,NA,NA,NA,NA,NA,NA,NA,NA,NA,NA,NA,NA,NA,NA,NA,NA,NA,NA,NA,NA,NA,NA,NA,NA,NA,NA,NA,"16","769190","2","30000","769175","769192","769193","18",85160
