"Procedure","RunNumberFilterValue","proactiveBlockList","BCText","BCAllowable","Running","proactiveBlockList.Cycle","proactiveBlockList.Sample","Fixation.OnsetDelay","Fixation.OnsetTime","Fixation.DurationError","Fixation.Duration","Fixation.StartTime","Fixation.OffsetTime","Fixation.FinishTime","Fixation.OffsetDelay","getready.OnsetDelay","getready.OnsetTime","getready.DurationError","getready.Duration","getready.StartTime","getready.OffsetTime","getready.CustomOffsetTime","getready.OffsetDelay","TrialType","CorrectAnswer","CueCorrect","ITI","ms","TRs","Cue","Probe","AngListBas1Pro2Rea2","colorlistBasPro","CurrentColor","Probeimage","Location","probeloc","PRO2SamplingList","ShortenedISI","PreISIfix.OnsetDelay","PreISIfix.OnsetTime","PreISIfix.DurationError","PreISIfix.Duration","PreISIfix.StartTime","PreISIfix.OffsetTime","PreISIfix.FinishTime","PreISIfix.OffsetDelay","Flicker.OnsetDelay","Flicker.OnsetTime","Flicker.DurationError","Flicker.Duration","Flicker.StartTime","Flicker.OffsetTime","Flicker.FinishTime","Flicker.OffsetDelay","CueSlide.OnsetDelay","CueSlide.OnsetTime","CueSlide.DurationError","CueSlide.Duration","CueSlide.StartTime","CueSlide.OffsetTime","CueSlide.FinishTime","CueSlide.OffsetDelay","CueSlide.RTTime","CueSlide.ACC","CueSlide.RT","CueSlide.RESP","CueSlide.CRESP","Delay.OnsetDelay","Delay.OnsetTime","Delay.DurationError","Delay.Duration","Delay.StartTime","Delay.OffsetTime","Delay.FinishTime","Delay.OffsetDelay","Border.OnsetDelay","Border.OnsetTime","Border.DurationError","Border.Duration","Border.StartTime","Border.OffsetTime","Border.FinishTime","Border.OffsetDelay","Border.RTTime","Border.ACC","Border.RT","Border.RESP","Border.CRESP","ProbeSlide.OnsetDelay","ProbeSlide.OnsetTime","ProbeSlide.DurationError","ProbeSlide.Duration","ProbeSlide.StartTime","ProbeSlide.OffsetTime","ProbeSlide.FinishTime","ProbeSlide.OffsetDelay","ProbeSlide.RTTime","ProbeSlide.ACC","ProbeSlide.RT","ProbeSlide.RESP","ProbeSlide.CRESP","ISIfix.OnsetDelay","ISIfix.OnsetTime","ISIfix.DurationError","ISIfix.Duration","ISIfix.StartTime","ISIfix.OffsetTime","ISIfix.FinishTime","ISIfix.OffsetDelay","TrialACC","AXList","BXListBas1Pro2Rea1","BYListBas1Pro2Rea1","AYListBas1Pro2Rea1","BngListBas1Pro2Rea2","FixationFinal.OnsetDelay","FixationFinal.OnsetTime","FixationFinal.DurationError","FixationFinal.Duration","FixationFinal.StartTime","FixationFinal.OffsetTime","FixationFinal.FinishTime","FixationFinal.OffsetDelay","scanstart.RTTime"
"FixationGetReadyPROC","proactive2","13","?","?","proactiveBlockList","2","1","9","30730","2","28400","30721","30732","30733","11","5","59126","2","1600","30733","59128","0","7",NA,NA,NA,NA,NA,NA,NA,NA,NA,NA,NA,NA,NA,NA,NA,NA,NA,NA,NA,NA,NA,NA,NA,NA,NA,NA,NA,NA,NA,NA,NA,NA,NA,NA,NA,NA,NA,NA,NA,NA,NA,NA,NA,NA,NA,NA,NA,NA,NA,NA,NA,NA,NA,NA,NA,NA,NA,NA,NA,NA,NA,NA,NA,NA,NA,NA,NA,NA,NA,NA,NA,NA,NA,NA,NA,NA,NA,NA,NA,NA,NA,NA,NA,NA,NA,NA,NA,NA,NA,NA,NA,NA,NA,NA,NA,NA,NA,NA,NA,NA,NA,30719
"AXCPTTrialPROC","proactive2","14","?","?","proactiveBlockList","2","2",NA,NA,NA,NA,NA,NA,NA,NA,NA,NA,NA,NA,NA,NA,NA,NA,"Ang",NA,"1","3","4000","8","A","1","1","1","White","white.tif","center","50%","5","3700","4","60725","3","300","59130","60728","60728","7","4","61025","2","300","60728","61027","61027","6","4","61325","3","500","61028","61328","61328","7","61668","1","343","1","1","4","61825","2","4000","61328","61827","61828","6","4","65825","2","300","61835","65827","65827","6","0","1","0",NA,NA,"4","66125","2","500","65832","66127","66127","6","0","1","0",NA,NA,"4","66625","-4","3700","66127","70321","70321","0","1",NA,NA,NA,NA,NA,NA,NA,NA,NA,NA,NA,NA,NA,30719
"AXCPTTrialPROC","proactive2","14","?","?","proactiveBlockList","2","3",NA,NA,NA,NA,NA,NA,NA,NA,NA,NA,NA,NA,NA,NA,NA,NA,"AX","2","1","2","2800","7","A","X",NA,"1","White","white.tif","center","50%","1","2500","20","70341","2","300","70323","70343","70343","22","3","70624","2","300","70343","70626","70626","5","3","70924","2","500","70626","70926","70926","5","71461","1","537","1","1","3","71424","2","4000","70927","71426","71426","5","2","75423","2","300","71432","75425","75426","4","0","1","0",NA,NA,"2","75723","2","500","75431","75725","75726","4","76008","1","285","2","2","2","76223","-2","2500","75726","78721","78721","0","1","1",NA,NA,NA,NA,NA,NA,NA,NA,NA,NA,NA,NA,30719
"AXCPTTrialPROC","proactive2","14","?","?","proactiveBlockList","2","4",NA,NA,NA,NA,NA,NA,NA,NA,NA,NA,NA,NA,NA,NA,NA,NA,"AX","2","1","2","2800","7","A","X",NA,"1","White","white.tif","center","50%","1","2500","18","78739","2","300","78723","78741","78742","20","2","79023","1","300","78742","79024","79024","3","2","79323","2","500","79025","79325","79325","4","79680","1","357","1","1","1","79822","3","4000","79325","79825","79825","4","1","83822","2","300","79830","83824","83824","3","0","1","0",NA,NA,"1","84122","2","500","83829","84124","84124","3","84392","1","270","2","2","1","84622","-1","2500","84125","87121","87121","0","1","1",NA,NA,NA,NA,NA,NA,NA,NA,NA,NA,NA,NA,30719
"AXCPTTrialPROC","proactive2","14","?","?","proactiveBlockList","2","5",NA,NA,NA,NA,NA,NA,NA,NA,NA,NA,NA,NA,NA,NA,NA,NA,"BX","1","1","2","2800","7","C","X",NA,"1","White","white.tif","center","50%","3","2500","17","87138","2","300","87123","87140","87140","19","0","87421","2","300","87141","87423","87423","2","0","87721","2","500","87424","87723","87724","2","88094","1","373","1","1","0","88221","2","4000","87724","88223","88224","2","16","92237","2","300","88229","92239","92240","18","0","1","0",NA,NA,"16","92537","2","500","92245","92539","92540","18","92853","1","316","1","1","16","93037","-16","2500","92540","95521","95521","0","1",NA,"1",NA,NA,NA,NA,NA,NA,NA,NA,NA,NA,NA,30719
"AXCPTTrialPROC","proactive2","14","?","?","proactiveBlockList","2","6",NA,NA,NA,NA,NA,NA,NA,NA,NA,NA,NA,NA,NA,NA,NA,NA,"BY","1","1","1","1600","6","U","P",NA,"1","White","white.tif","center","50%","4","1300","16","95537","2","300","95523","95539","95539","18","16","95837","1","300","95539","95838","95838","17","16","96137","2","500","95839","96139","96139","18","96430","1","293","1","1","15","96636","3","4000","96139","96639","96639","18","15","100636","2","300","96644","100638","100638","17","0","1","0",NA,NA,"15","100936","2","500","100644","100938","100938","17","101263","1","327","1","1","15","101436","-15","1300","100939","102721","102721","0","1",NA,NA,"36",NA,NA,NA,NA,NA,NA,NA,NA,NA,NA,30719
"AXCPTTrialPROC","proactive2","14","?","?","proactiveBlockList","2","7",NA,NA,NA,NA,NA,NA,NA,NA,NA,NA,NA,NA,NA,NA,NA,NA,"BY","1","1","3","4000","8","C","M",NA,"1","White","white.tif","center","50%","4","3700","14","102735","3","300","102723","102738","102738","17","14","103035","2","300","102738","103037","103037","16","14","103335","3","500","103038","103338","103338","17","103895","1","560","1","1","14","103835","2","4000","103338","103837","103838","16","14","107835","2","300","103843","107837","107837","16","0","1","0",NA,NA,"14","108135","2","500","107842","108137","108137","16","108555","1","420","1","1","14","108635","-14","3700","108137","112321","112321","0","1",NA,NA,"2",NA,NA,NA,NA,NA,NA,NA,NA,NA,NA,30719
"AXCPTTrialPROC","proactive2","14","?","?","proactiveBlockList","2","8",NA,NA,NA,NA,NA,NA,NA,NA,NA,NA,NA,NA,NA,NA,NA,NA,"AX","2","1","3","4000","8","A","X",NA,"1","White","white.tif","center","50%","1","3700","13","112334","2","300","112323","112336","112336","15","13","112634","2","300","112337","112636","112636","15","13","112934","2","500","112636","112936","112936","15","113377","1","443","1","1","13","113434","2","4000","112937","113436","113436","15","12","117433","2","300","113441","117435","117436","14","0","1","0",NA,NA,"12","117733","2","500","117441","117735","117736","14","118023","1","290","2","2","12","118233","-12","3700","117736","121921","121921","0","1","1",NA,NA,NA,NA,NA,NA,NA,NA,NA,NA,NA,NA,30719
"AXCPTTrialPROC","proactive2","14","?","?","proactiveBlockList","2","9",NA,NA,NA,NA,NA,NA,NA,NA,NA,NA,NA,NA,NA,NA,NA,NA,"BY","1","1","1","1600","6","D","N",NA,"1","White","white.tif","center","50%","4","1300","11","121932","3","300","121923","121935","121935","14","11","122232","2","300","121935","122234","122234","13","11","122532","3","500","122235","122535","122535","14","122861","1","329","1","1","11","123032","2","4000","122535","123034","123035","13","11","127032","2","300","123040","127034","127034","13","0","1","0",NA,NA,"11","127332","2","500","127039","127334","127334","13","127670","1","338","1","1","11","127832","-11","1300","127335","129121","129121","0","1",NA,NA,"6",NA,NA,NA,NA,NA,NA,NA,NA,NA,NA,30719
"AXCPTTrialPROC","proactive2","14","?","?","proactiveBlockList","2","10",NA,NA,NA,NA,NA,NA,NA,NA,NA,NA,NA,NA,NA,NA,NA,NA,"Ang",NA,"1","3","4000","8","A","3","3","1","White","white.tif","center","50%","5","3700","10","129131","2","300","129123","129133","129134","12","10","129431","2","300","129134","129433","129433","12","10","129731","2","500","129434","129733","129734","12","130246","1","515","1","1","10","130231","2","4000","129734","130233","130234","12","10","134231","2","300","130239","134233","134233","12","0","1","0",NA,NA,"9","134530","3","500","134238","134533","134533","12","0","1","0",NA,NA,"9","135030","-9","3700","134533","138721","138721","0","1",NA,NA,NA,NA,NA,NA,NA,NA,NA,NA,NA,NA,NA,30719
"AXCPTTrialPROC","proactive2","14","?","?","proactiveBlockList","2","11",NA,NA,NA,NA,NA,NA,NA,NA,NA,NA,NA,NA,NA,NA,NA,NA,"AY","1","1","1","1600","6","A","T",NA,"1","White","white.tif","center","50%","2","1300","9","138730","2","300","138723","138732","138732","11","9","139030","1","300","138732","139031","139032","10","9","139330","2","500","139032","139332","139332","11","139737","1","407","1","1","9","139830","2","4000","139332","139832","139832","11","8","143829","2","300","139837","143831","143832","10","0","1","0",NA,NA,"8","144129","2","500","143837","144131","144131","10","144385","0","256","2","1","8","144629","-8","1300","144132","145921","145921","0","0",NA,NA,NA,"8",NA,NA,NA,NA,NA,NA,NA,NA,NA,30719
"AXCPTTrialPROC","proactive2","14","?","?","proactiveBlockList","2","12",NA,NA,NA,NA,NA,NA,NA,NA,NA,NA,NA,NA,NA,NA,NA,NA,"BY","1","1","2","2800","7","T","N",NA,"1","White","white.tif","center","50%","4","2500","24","145945","3","300","145923","145948","145948","27","8","146229","1","300","145948","146230","146230","9","8","146529","2","500","146231","146531","146531","10","147213","1","684","1","1","7","147028","3","4000","146531","147031","147031","10","7","151028","2","300","147036","151030","151030","9","0","1","0",NA,NA,"7","151328","2","500","151036","151330","151330","9","151856","1","528","1","1","7","151828","-7","2500","151331","154321","154321","0","1",NA,NA,"32",NA,NA,NA,NA,NA,NA,NA,NA,NA,NA,30719
"AXCPTTrialPROC","proactive2","14","?","?","proactiveBlockList","2","13",NA,NA,NA,NA,NA,NA,NA,NA,NA,NA,NA,NA,NA,NA,NA,NA,"AX","2","1","1","1600","6","A","X",NA,"1","White","white.tif","center","50%","1","1300","23","154344","2","300","154323","154346","154346","25","6","154627","2","300","154347","154629","154629","8","6","154927","2","500","154630","154929","154930","8","155403","1","476","1","1","6","155427","2","4000","154930","155429","155430","8","6","159427","2","300","155435","159429","159429","8","0","1","0",NA,NA,"5","159726","3","500","159434","159729","159729","8","160055","1","329","2","2","5","160226","-5","1300","159729","161521","161521","0","1","1",NA,NA,NA,NA,NA,NA,NA,NA,NA,NA,NA,NA,30719
"AXCPTTrialPROC","proactive2","14","?","?","proactiveBlockList","2","14",NA,NA,NA,NA,NA,NA,NA,NA,NA,NA,NA,NA,NA,NA,NA,NA,"AY","1","1","1","1600","6","A","H",NA,"1","White","white.tif","center","50%","2","1300","22","161543","2","300","161523","161545","161545","24","5","161826","2","300","161545","161828","161828","7","5","162126","2","500","161829","162128","162129","7","162562","1","436","1","1","5","162626","2","4000","162129","162628","162629","7","4","166625","3","300","162634","166628","166628","7","0","1","0",NA,NA,"4","166925","3","500","166633","166928","166928","7","167557","1","632","1","1","4","167425","-4","1300","166928","168721","168721","0","1",NA,NA,NA,"4",NA,NA,NA,NA,NA,NA,NA,NA,NA,30719
"AXCPTTrialPROC","proactive2","14","?","?","proactiveBlockList","2","15",NA,NA,NA,NA,NA,NA,NA,NA,NA,NA,NA,NA,NA,NA,NA,NA,"BY","1","1","2","2800","7","H","T",NA,"1","White","white.tif","center","50%","4","2500","21","168742","2","300","168723","168744","168744","23","4","169025","2","300","168744","169027","169027","6","4","169325","2","500","169027","169327","169328","6","0","0","0",NA,"1","4","169825","2","4000","169328","169827","169827","6","3","173824","2","300","169832","173826","173827","5","0","1","0",NA,NA,"3","174124","2","500","173832","174126","174127","5","174722","1","598","1","1","3","174624","-3","2500","174127","177121","177121","0","0",NA,NA,"16",NA,NA,NA,NA,NA,NA,NA,NA,NA,NA,30719
"AXCPTTrialPROC","proactive2","14","?","?","proactiveBlockList","2","16",NA,NA,NA,NA,NA,NA,NA,NA,NA,NA,NA,NA,NA,NA,NA,NA,"BY","1","1","3","4000","8","T","M",NA,"1","White","white.tif","center","50%","4","3700","19","177140","2","300","177123","177142","177143","21","3","177424","1","300","177143","177425","177426","4","3","177724","2","500","177426","177726","177726","5","178070","1","346","1","1","3","178224","2","4000","177726","178226","178226","5","2","182223","2","300","178231","182225","182225","4","0","1","0",NA,NA,"2","182523","2","500","182231","182525","182525","4","183010","1","487","1","1","2","183023","-2","3700","182526","186721","186721","0","1",NA,NA,"30",NA,NA,NA,NA,NA,NA,NA,NA,NA,NA,30719
"AXCPTTrialPROC","proactive2","14","?","?","proactiveBlockList","2","17",NA,NA,NA,NA,NA,NA,NA,NA,NA,NA,NA,NA,NA,NA,NA,NA,"BY","1","1","3","4000","8","M","F",NA,"1","White","white.tif","center","50%","4","3700","18","186739","2","300","186723","186741","186741","20","1","187022","2","300","186742","187024","187024","3","1","187322","2","500","187025","187324","187325","3","187700","1","378","1","1","1","187822","2","4000","187325","187824","187824","3","0","191821","3","300","187830","191824","191824","3","0","1","0",NA,NA,"0","192121","3","500","191829","192124","192124","3","192493","1","372","1","1","0","192621","0","3700","192124","196321","196321","0","1",NA,NA,"18",NA,NA,NA,NA,NA,NA,NA,NA,NA,NA,30719
"AXCPTTrialPROC","proactive2","14","?","?","proactiveBlockList","2","18",NA,NA,NA,NA,NA,NA,NA,NA,NA,NA,NA,NA,NA,NA,NA,NA,"AX","2","1","2","2800","7","A","X",NA,"1","White","white.tif","center","50%","1","2500","16","196337","2","300","196323","196339","196340","18","0","196621","1","300","196340","196622","196623","1","0","196921","2","500","196623","196923","196923","2","197294","1","373","1","1","0","197421","2","4000","196923","197423","197423","2","16","201437","2","300","197428","201439","201439","18","0","1","0",NA,NA,"15","201736","3","500","201444","201739","201739","18","202107","1","371","2","2","15","202236","-15","2500","201739","204721","204721","0","1","1",NA,NA,NA,NA,NA,NA,NA,NA,NA,NA,NA,NA,30719
"AXCPTTrialPROC","proactive2","14","?","?","proactiveBlockList","2","19",NA,NA,NA,NA,NA,NA,NA,NA,NA,NA,NA,NA,NA,NA,NA,NA,"BX","1","1","2","2800","7","F","X",NA,"1","White","white.tif","center","50%","3","2500","15","204736","2","300","204723","204738","204739","17","15","205036","2","300","204739","205038","205038","17","15","205336","2","500","205038","205338","205338","17","205805","1","469","1","1","15","205836","2","4000","205339","205838","205838","17","14","209835","2","300","205843","209837","209838","16","0","1","0",NA,NA,"14","210135","2","500","209843","210137","210138","16","210521","0","386","2","1","14","210635","-14","2500","210138","213121","213121","0","0",NA,"3",NA,NA,NA,NA,NA,NA,NA,NA,NA,NA,NA,30719
"AXCPTTrialPROC","proactive2","14","?","?","proactiveBlockList","2","20",NA,NA,NA,NA,NA,NA,NA,NA,NA,NA,NA,NA,NA,NA,NA,NA,"BY","1","1","3","4000","8","P","M",NA,"1","White","white.tif","center","50%","4","3700","14","213135","2","300","213123","213137","213137","16","14","213435","1","300","213137","213436","213436","15","14","213735","2","500","213437","213737","213737","16","214025","1","290","1","1","14","214235","2","4000","213737","214237","214237","16","13","218234","2","300","214242","218236","218236","15","0","1","0",NA,NA,"13","218534","2","500","218242","218536","218536","15","218952","1","418","1","1","13","219034","-13","3700","218537","222721","222721","0","1",NA,NA,"28",NA,NA,NA,NA,NA,NA,NA,NA,NA,NA,30719
"AXCPTTrialPROC","proactive2","14","?","?","proactiveBlockList","2","21",NA,NA,NA,NA,NA,NA,NA,NA,NA,NA,NA,NA,NA,NA,NA,NA,"AX","2","1","3","4000","8","A","X",NA,"1","White","white.tif","center","50%","1","3700","12","222733","2","300","222723","222735","222736","14","12","223033","2","300","222736","223035","223035","14","12","223333","2","500","223036","223335","223336","14","223783","1","450","1","1","12","223833","2","4000","223336","223835","223836","14","11","227832","3","300","223841","227835","227835","14","0","1","0",NA,NA,"11","228132","3","500","227840","228135","228135","14","228399","1","267","2","2","11","228632","-11","3700","228135","232321","232321","0","1","1",NA,NA,NA,NA,NA,NA,NA,NA,NA,NA,NA,NA,30719
"AXCPTTrialPROC","proactive2","14","?","?","proactiveBlockList","2","22",NA,NA,NA,NA,NA,NA,NA,NA,NA,NA,NA,NA,NA,NA,NA,NA,"AX","2","1","1","1600","6","A","X",NA,"1","White","white.tif","center","50%","1","1300","11","232332","2","300","232323","232334","232334","13","11","232632","1","300","232334","232633","232634","12","11","232932","2","500","232634","232934","232934","13","233375","1","443","1","1","10","233431","3","4000","232934","233434","233434","13","10","237431","2","300","233439","237433","237433","12","0","1","0",NA,NA,"10","237731","2","500","237438","237733","237733","12","238062","1","331","2","2","10","238231","-10","1300","237734","239521","239521","0","1","1",NA,NA,NA,NA,NA,NA,NA,NA,NA,NA,NA,NA,30719
"AXCPTTrialPROC","proactive2","14","?","?","proactiveBlockList","2","23",NA,NA,NA,NA,NA,NA,NA,NA,NA,NA,NA,NA,NA,NA,NA,NA,"AX","2","1","1","1600","6","A","X",NA,"1","White","white.tif","center","50%","1","1300","10","239531","2","300","239523","239533","239533","12","9","239830","2","300","239533","239832","239832","11","9","240130","3","500","239833","240133","240133","12","240659","1","529","1","1","9","240630","3","4000","240133","240633","240633","12","9","244630","2","300","240638","244632","244632","11","0","1","0",NA,NA,"9","244930","2","500","244637","244932","244932","11","245356","1","426","2","2","9","245430","-9","1300","244932","246721","246721","0","1","1",NA,NA,NA,NA,NA,NA,NA,NA,NA,NA,NA,NA,30719
"AXCPTTrialPROC","proactive2","14","?","?","proactiveBlockList","2","24",NA,NA,NA,NA,NA,NA,NA,NA,NA,NA,NA,NA,NA,NA,NA,NA,"Bng",NA,"1","2","2800","7","P","9",NA,"1","White","white.tif","center","50%","6","2500","8","246729","2","300","246723","246731","246732","10","8","247029","2","300","246732","247031","247031","10","8","247329","2","500","247032","247331","247332","10","247779","1","450","1","1","8","247829","2","4000","247332","247831","247832","10","8","251829","2","300","247837","251831","251831","10","0","1","0",NA,NA,"8","252129","2","500","251836","252131","252131","10","252559","0","430","1",NA,"7","252628","-7","2500","252131","255121","255121","0","0",NA,NA,NA,NA,"28",NA,NA,NA,NA,NA,NA,NA,NA,30719
"AXCPTTrialPROC","proactive2","14","?","?","proactiveBlockList","2","25",NA,NA,NA,NA,NA,NA,NA,NA,NA,NA,NA,NA,NA,NA,NA,NA,"Bng",NA,"1","1","1600","6","N","5",NA,"1","White","white.tif","center","50%","6","1300","24","255145","2","300","255123","255147","255147","26","7","255428","2","300","255147","255430","255430","9","7","255728","2","500","255430","255730","255730","9","256212","1","484","1","1","7","256228","2","4000","255731","256230","256230","9","6","260227","2","300","256235","260229","260230","8","0","1","0",NA,NA,"6","260527","2","500","260235","260529","260530","8","0","1","0",NA,NA,"6","261027","-6","1300","260530","262321","262321","0","1",NA,NA,NA,NA,"24",NA,NA,NA,NA,NA,NA,NA,NA,30719
"FixationGetReadyPROC","proactive2","15","?","?","proactiveBlockList","2","26","23","262344","2","28400","262322","262346","262346","25","1","290722","3","1600","262346","290725","0","4",NA,NA,NA,NA,NA,NA,NA,NA,NA,NA,NA,NA,NA,NA,NA,NA,NA,NA,NA,NA,NA,NA,NA,NA,NA,NA,NA,NA,NA,NA,NA,NA,NA,NA,NA,NA,NA,NA,NA,NA,NA,NA,NA,NA,NA,NA,NA,NA,NA,NA,NA,NA,NA,NA,NA,NA,NA,NA,NA,NA,NA,NA,NA,NA,NA,NA,NA,NA,NA,NA,NA,NA,NA,NA,NA,NA,NA,NA,NA,NA,NA,NA,NA,NA,NA,NA,NA,NA,NA,NA,NA,NA,NA,NA,NA,NA,NA,NA,NA,NA,NA,30719
"AXCPTTrialPROC","proactive2","16","?","?","proactiveBlockList","2","27",NA,NA,NA,NA,NA,NA,NA,NA,NA,NA,NA,NA,NA,NA,NA,NA,"Ang",NA,"1","2","2800","7","A","5","5","1","White","white.tif","center","50%","5","2500","1","292322","2","300","290726","292324","292325","3","1","292622","2","300","292325","292624","292624","3","1","292922","2","500","292625","292924","292925","3","293240","1","318","1","1","1","293422","2","4000","292925","293424","293424","3","0","297421","3","300","293430","297424","297424","3","0","1","0",NA,NA,"0","297721","3","500","297429","297724","297724","3","0","1","0",NA,NA,"0","298221","0","2500","297724","300721","300721","0","1",NA,NA,NA,NA,NA,NA,NA,NA,NA,NA,NA,NA,NA,30719
"AXCPTTrialPROC","proactive2","16","?","?","proactiveBlockList","2","28",NA,NA,NA,NA,NA,NA,NA,NA,NA,NA,NA,NA,NA,NA,NA,NA,"AX","2","1","3","4000","8","A","X",NA,"1","White","white.tif","center","50%","1","3700","16","300737","3","300","300723","300740","300740","19","0","301021","1","300","300740","301022","301023","1","0","301321","2","500","301023","301323","301323","2","301675","1","354","1","1","0","301821","2","4000","301324","301823","301823","2","16","305837","2","300","301828","305839","305839","18","0","1","0",NA,NA,"16","306137","2","500","305844","306139","306139","18","306459","1","322","2","2","16","306637","-16","3700","306139","310321","310321","0","1","1",NA,NA,NA,NA,NA,NA,NA,NA,NA,NA,NA,NA,30719
"AXCPTTrialPROC","proactive2","16","?","?","proactiveBlockList","2","29",NA,NA,NA,NA,NA,NA,NA,NA,NA,NA,NA,NA,NA,NA,NA,NA,"BX","1","1","1","1600","6","P","X",NA,"1","White","white.tif","center","50%","3","1300","15","310336","2","300","310323","310338","310338","17","15","310636","2","300","310339","310638","310638","17","15","310936","2","500","310638","310938","310938","17","311500","1","564","1","1","15","311436","2","4000","310939","311438","311438","17","14","315435","2","300","311443","315437","315438","16","0","1","0",NA,NA,"14","315735","2","500","315443","315737","315738","16","316265","1","530","1","1","14","316235","-14","1300","315738","317521","317521","0","1",NA,"7",NA,NA,NA,NA,NA,NA,NA,NA,NA,NA,NA,30719
"AXCPTTrialPROC","proactive2","16","?","?","proactiveBlockList","2","30",NA,NA,NA,NA,NA,NA,NA,NA,NA,NA,NA,NA,NA,NA,NA,NA,"AX","2","1","2","2800","7","A","X",NA,"1","White","white.tif","center","50%","1","2500","14","317535","2","300","317523","317537","317537","16","14","317835","1","300","317538","317836","317837","15","14","318135","2","500","317837","318137","318137","16","318716","1","581","1","1","14","318635","2","4000","318138","318637","318637","16","13","322634","2","300","318642","322636","322637","15","0","1","0",NA,NA,"13","322934","2","500","322642","322936","322936","15","323227","1","293","2","2","13","323434","-13","2500","322937","325921","325921","0","1","1",NA,NA,NA,NA,NA,NA,NA,NA,NA,NA,NA,NA,30719
"AXCPTTrialPROC","proactive2","16","?","?","proactiveBlockList","2","31",NA,NA,NA,NA,NA,NA,NA,NA,NA,NA,NA,NA,NA,NA,NA,NA,"AX","2","1","3","4000","8","A","X",NA,"1","White","white.tif","center","50%","1","3700","13","325934","2","300","325923","325936","325936","15","12","326233","2","300","325936","326235","326235","14","12","326533","3","500","326236","326536","326536","15","326947","1","414","1","1","12","327033","2","4000","326536","327035","327036","14","12","331033","2","300","327041","331035","331035","14","0","1","0",NA,NA,"12","331333","2","500","331040","331335","331335","14","331649","1","316","2","2","12","331833","-12","3700","331335","335521","335521","0","1","1",NA,NA,NA,NA,NA,NA,NA,NA,NA,NA,NA,NA,30719
"AXCPTTrialPROC","proactive2","16","?","?","proactiveBlockList","2","32",NA,NA,NA,NA,NA,NA,NA,NA,NA,NA,NA,NA,NA,NA,NA,NA,"BY","1","1","2","2800","7","C","D",NA,"1","White","white.tif","center","50%","4","2500","11","335532","2","300","335523","335534","335534","13","11","335832","2","300","335535","335834","335834","13","11","336132","2","500","335834","336134","336134","13","336676","1","544","1","1","11","336632","2","4000","336135","336634","336634","13","10","340631","2","300","336640","340633","340634","12","0","1","0",NA,NA,"10","340931","2","500","340639","340933","340934","12","341491","1","560","1","1","10","341431","-10","2500","340934","343921","343921","0","1",NA,NA,"4",NA,NA,NA,NA,NA,NA,NA,NA,NA,NA,30719
"AXCPTTrialPROC","proactive2","16","?","?","proactiveBlockList","2","33",NA,NA,NA,NA,NA,NA,NA,NA,NA,NA,NA,NA,NA,NA,NA,NA,"Bng",NA,"1","1","1600","6","T","6",NA,"1","White","white.tif","center","50%","6","1300","10","343931","2","300","343923","343933","343933","12","10","344231","1","300","343933","344232","344232","11","10","344531","2","500","344233","344533","344533","12","345140","1","609","1","1","10","345031","2","4000","344533","345033","345033","12","9","349030","2","300","345038","349032","349032","11","0","1","0",NA,NA,"9","349330","2","500","349038","349332","349332","11","0","1","0",NA,NA,"9","349830","-9","1300","349333","351121","351121","0","1",NA,NA,NA,NA,"30",NA,NA,NA,NA,NA,NA,NA,NA,30719
"AXCPTTrialPROC","proactive2","16","?","?","proactiveBlockList","2","34",NA,NA,NA,NA,NA,NA,NA,NA,NA,NA,NA,NA,NA,NA,NA,NA,"AX","2","1","3","4000","8","A","X",NA,"1","White","white.tif","center","50%","1","3700","9","351130","2","300","351123","351132","351132","11","9","351430","1","300","351132","351431","351431","10","8","351729","3","500","351432","351732","351732","11","352197","1","468","1","1","8","352229","2","4000","351732","352231","352232","10","8","356229","2","300","352237","356231","356231","10","0","1","0",NA,NA,"8","356529","2","500","356236","356531","356531","10","356967","1","438","2","2","8","357029","-8","3700","356531","360721","360721","0","1","1",NA,NA,NA,NA,NA,NA,NA,NA,NA,NA,NA,NA,30719
"AXCPTTrialPROC","proactive2","16","?","?","proactiveBlockList","2","35",NA,NA,NA,NA,NA,NA,NA,NA,NA,NA,NA,NA,NA,NA,NA,NA,"AX","2","1","3","4000","8","A","X",NA,"1","White","white.tif","center","50%","1","3700","24","360745","2","300","360723","360747","360747","26","7","361028","2","300","360747","361030","361030","9","7","361328","2","500","361030","361330","361330","9","361913","1","585","1","1","7","361828","2","4000","361331","361830","361830","9","6","365827","2","300","361836","365829","365830","8","0","1","0",NA,NA,"6","366127","2","500","365835","366129","366130","8","366634","1","507","2","2","6","366627","-6","3700","366130","370321","370321","0","1","1",NA,NA,NA,NA,NA,NA,NA,NA,NA,NA,NA,NA,30719
"AXCPTTrialPROC","proactive2","16","?","?","proactiveBlockList","2","36",NA,NA,NA,NA,NA,NA,NA,NA,NA,NA,NA,NA,NA,NA,NA,NA,"BY","1","1","2","2800","7","D","T",NA,"1","White","white.tif","center","50%","4","2500","22","370343","2","300","370323","370345","370346","24","5","370626","2","300","370346","370628","370628","7","5","370926","3","500","370629","370929","370929","8","371422","1","496","1","1","5","371426","3","4000","370929","371429","371429","8","5","375426","2","300","371434","375428","375428","7","0","1","0",NA,NA,"5","375726","2","500","375433","375728","375728","7","376113","1","387","1","1","5","376226","-5","2500","375728","378721","378721","0","1",NA,NA,"8",NA,NA,NA,NA,NA,NA,NA,NA,NA,NA,30719
"AXCPTTrialPROC","proactive2","16","?","?","proactiveBlockList","2","37",NA,NA,NA,NA,NA,NA,NA,NA,NA,NA,NA,NA,NA,NA,NA,NA,"BY","1","1","1","1600","6","F","C",NA,"1","White","white.tif","center","50%","4","1300","21","378742","2","300","378723","378744","378744","23","4","379025","2","300","378744","379027","379027","6","4","379325","2","500","379028","379327","379328","6","379806","1","481","1","1","4","379825","2","4000","379328","379827","379827","6","3","383824","3","300","379833","383827","383827","6","0","1","0",NA,NA,"3","384124","2","500","383832","384126","384127","5","384567","1","443","1","1","3","384624","-3","1300","384127","385921","385921","0","1",NA,NA,"10",NA,NA,NA,NA,NA,NA,NA,NA,NA,NA,30719
"AXCPTTrialPROC","proactive2","16","?","?","proactiveBlockList","2","38",NA,NA,NA,NA,NA,NA,NA,NA,NA,NA,NA,NA,NA,NA,NA,NA,"Ang",NA,"1","1","1600","6","A","7","7","1","White","white.tif","center","50%","5","1300","20","385941","2","300","385923","385943","385943","22","3","386224","2","300","385943","386226","386226","5","3","386524","2","500","386226","386526","386526","5","0","0","0",NA,"1","3","387024","2","4000","386527","387026","387026","5","2","391023","2","300","387032","391025","391026","4","0","1","0",NA,NA,"2","391323","2","500","391031","391325","391326","4","392089","0","766","1",NA,"2","391823","-2","1300","391326","393121","393121","0","0",NA,NA,NA,NA,NA,NA,NA,NA,NA,NA,NA,NA,NA,30719
"AXCPTTrialPROC","proactive2","16","?","?","proactiveBlockList","2","39",NA,NA,NA,NA,NA,NA,NA,NA,NA,NA,NA,NA,NA,NA,NA,NA,"BY","1","1","1","1600","6","N","U",NA,"1","White","white.tif","center","50%","4","1300","19","393140","2","300","393123","393142","393142","21","2","393423","1","300","393142","393424","393425","3","2","393723","2","500","393425","393725","393725","4","394228","1","505","1","1","2","394223","2","4000","393726","394225","394225","4","1","398222","2","300","394230","398224","398225","3","0","1","0",NA,NA,"1","398522","2","500","398230","398524","398525","3","399069","1","547","1","1","1","399022","-1","1300","398525","400321","400321","0","1",NA,NA,"24",NA,NA,NA,NA,NA,NA,NA,NA,NA,NA,30719
"AXCPTTrialPROC","proactive2","16","?","?","proactiveBlockList","2","40",NA,NA,NA,NA,NA,NA,NA,NA,NA,NA,NA,NA,NA,NA,NA,NA,"BX","1","1","2","2800","7","M","X",NA,"1","White","white.tif","center","50%","3","2500","17","400338","3","300","400323","400341","400341","20","1","400622","1","300","400341","400623","400624","2","1","400922","2","500","400624","400924","400924","3","401350","1","428","1","1","1","401422","2","4000","400924","401424","401424","3","0","405421","2","300","401429","405423","405423","2","0","1","0",NA,NA,"0","405721","2","500","405429","405723","405723","2","406132","1","411","1","1","0","406221","0","2500","405724","408721","408721","0","1",NA,"5",NA,NA,NA,NA,NA,NA,NA,NA,NA,NA,NA,30719
"AXCPTTrialPROC","proactive2","16","?","?","proactiveBlockList","2","41",NA,NA,NA,NA,NA,NA,NA,NA,NA,NA,NA,NA,NA,NA,NA,NA,"Bng",NA,"1","1","1600","6","P","4",NA,"1","White","white.tif","center","50%","6","1300","16","408737","2","300","408722","408739","408740","18","16","409037","2","300","408740","409039","409039","18","16","409337","2","500","409039","409339","409339","18","0","0","0",NA,"1","16","409837","2","4000","409340","409839","409839","18","15","413836","2","300","409845","413838","413839","17","0","1","0",NA,NA,"15","414136","2","500","413844","414138","414139","17","0","1","0",NA,NA,"15","414636","-15","1300","414139","415921","415921","0","0",NA,NA,NA,NA,"26",NA,NA,NA,NA,NA,NA,NA,NA,30719
"AXCPTTrialPROC","proactive2","16","?","?","proactiveBlockList","2","42",NA,NA,NA,NA,NA,NA,NA,NA,NA,NA,NA,NA,NA,NA,NA,NA,"AX","2","1","3","4000","8","A","X",NA,"1","White","white.tif","center","50%","1","3700","15","415936","2","300","415923","415938","415938","17","15","416236","2","300","415939","416238","416238","17","15","416536","2","500","416238","416538","416538","17","416976","1","440","1","1","15","417036","2","4000","416539","417038","417038","17","14","421035","2","300","417044","421037","421038","16","0","1","0",NA,NA,"14","421335","2","500","421043","421337","421338","16","421595","1","260","2","2","14","421835","-14","3700","421338","425521","425521","0","1","1",NA,NA,NA,NA,NA,NA,NA,NA,NA,NA,NA,NA,30719
"AXCPTTrialPROC","proactive2","16","?","?","proactiveBlockList","2","43",NA,NA,NA,NA,NA,NA,NA,NA,NA,NA,NA,NA,NA,NA,NA,NA,"BY","1","1","2","2800","7","H","U",NA,"1","White","white.tif","center","50%","4","2500","13","425534","3","300","425523","425537","425537","16","13","425834","2","300","425537","425836","425836","15","13","426134","3","500","425837","426137","426137","16","426588","1","454","1","1","13","426634","2","4000","426137","426636","426637","15","13","430634","2","300","426642","430636","430636","15","0","1","0",NA,NA,"13","430934","2","500","430641","430936","430936","15","431489","1","555","1","1","13","431434","-13","2500","430936","433921","433921","0","1",NA,NA,"14",NA,NA,NA,NA,NA,NA,NA,NA,NA,NA,30719
"AXCPTTrialPROC","proactive2","16","?","?","proactiveBlockList","2","44",NA,NA,NA,NA,NA,NA,NA,NA,NA,NA,NA,NA,NA,NA,NA,NA,"AX","2","1","2","2800","7","A","X",NA,"1","White","white.tif","center","50%","1","2500","12","433933","2","300","433923","433935","433936","14","12","434233","2","300","433936","434235","434235","14","12","434533","2","500","434235","434535","434535","14","434871","1","338","1","1","12","435033","2","4000","434536","435035","435035","14","11","439032","2","300","435041","439034","439035","13","0","1","0",NA,NA,"11","439332","2","500","439040","439334","439335","13","439655","1","323","2","2","11","439832","-11","2500","439335","442321","442321","0","1","1",NA,NA,NA,NA,NA,NA,NA,NA,NA,NA,NA,NA,30719
"AXCPTTrialPROC","proactive2","16","?","?","proactiveBlockList","2","45",NA,NA,NA,NA,NA,NA,NA,NA,NA,NA,NA,NA,NA,NA,NA,NA,"AY","1","1","3","4000","8","A","N",NA,"1","White","white.tif","center","50%","2","3700","11","442332","2","300","442323","442334","442334","13","11","442632","1","300","442334","442633","442634","12","11","442932","2","500","442634","442934","442934","13","443226","1","294","1","1","11","443432","2","4000","442934","443434","443434","13","10","447431","2","300","443439","447433","447433","12","0","1","0",NA,NA,"10","447731","2","500","447439","447733","447733","12","448490","1","759","1","1","10","448231","-10","3700","447734","451921","451921","0","1",NA,NA,NA,"6",NA,NA,NA,NA,NA,NA,NA,NA,NA,30719
"AXCPTTrialPROC","proactive2","16","?","?","proactiveBlockList","2","46",NA,NA,NA,NA,NA,NA,NA,NA,NA,NA,NA,NA,NA,NA,NA,NA,"BY","1","1","3","4000","8","P","H",NA,"1","White","white.tif","center","50%","4","3700","9","451930","2","300","451923","451932","451933","11","9","452230","2","300","451933","452232","452232","11","9","452530","2","500","452233","452532","452533","11","453083","1","553","1","1","9","453030","2","4000","452533","453032","453033","11","8","457029","3","300","453038","457032","457032","11","0","1","0",NA,NA,"8","457329","3","500","457038","457332","457332","11","457742","1","413","1","1","8","457829","-8","3700","457332","461521","461521","0","1",NA,NA,"26",NA,NA,NA,NA,NA,NA,NA,NA,NA,NA,30719
"AXCPTTrialPROC","proactive2","16","?","?","proactiveBlockList","2","47",NA,NA,NA,NA,NA,NA,NA,NA,NA,NA,NA,NA,NA,NA,NA,NA,"BY","1","1","3","4000","8","N","P",NA,"1","White","white.tif","center","50%","4","3700","24","461545","3","300","461523","461548","461548","27","8","461829","1","300","461548","461830","461831","9","8","462129","2","500","461831","462131","462131","10","462398","1","269","1","1","8","462629","2","4000","462131","462631","462631","10","7","466628","2","300","462636","466630","466630","9","0","1","0",NA,NA,"7","466928","2","500","466636","466930","466930","9","467263","1","335","1","1","7","467428","-7","3700","466931","471121","471121","0","1",NA,NA,"22",NA,NA,NA,NA,NA,NA,NA,NA,NA,NA,30719
"AXCPTTrialPROC","proactive2","16","?","?","proactiveBlockList","2","48",NA,NA,NA,NA,NA,NA,NA,NA,NA,NA,NA,NA,NA,NA,NA,NA,"BY","1","1","2","2800","7","U","D",NA,"1","White","white.tif","center","50%","4","2500","23","471144","2","300","471123","471146","471146","25","6","471427","2","300","471147","471429","471429","8","6","471727","2","500","471430","471729","471730","8","472501","1","774","1","1","6","472227","2","4000","471730","472229","472230","8","5","476226","3","300","472235","476229","476229","8","0","1","0",NA,NA,"5","476526","3","500","476234","476529","476529","8","476987","1","461","1","1","5","477026","-5","2500","476529","479521","479521","0","1",NA,NA,"34",NA,NA,NA,NA,NA,NA,NA,NA,NA,NA,30719
"AXCPTTrialPROC","proactive2","16","?","?","proactiveBlockList","2","49",NA,NA,NA,NA,NA,NA,NA,NA,NA,NA,NA,NA,NA,NA,NA,NA,"AX","2","1","1","1600","6","A","X",NA,"1","White","white.tif","center","50%","1","1300","22","479543","2","300","479523","479545","479545","24","5","479826","1","300","479545","479827","479828","6","5","480126","2","500","479828","480128","480128","7","480656","1","530","1","1","5","480626","2","4000","480129","480628","480628","7","4","484625","2","300","480633","484627","484628","6","0","1","0",NA,NA,"4","484925","2","500","484633","484927","484928","6","485245","1","320","2","2","4","485425","-4","1300","484928","486721","486721","0","1","1",NA,NA,NA,NA,NA,NA,NA,NA,NA,NA,NA,NA,30719
"AXCPTTrialPROC","proactive2","16","?","?","proactiveBlockList","2","50",NA,NA,NA,NA,NA,NA,NA,NA,NA,NA,NA,NA,NA,NA,NA,NA,"AY","1","1","1","1600","6","A","D",NA,"1","White","white.tif","center","50%","2","1300","20","486741","3","300","486723","486744","486744","23","4","487025","1","300","486744","487026","487027","5","4","487325","2","500","487027","487327","487327","6","487787","1","462","1","1","4","487825","2","4000","487327","487827","487827","6","3","491824","2","300","487832","491826","491826","5","0","1","0",NA,NA,"3","492124","2","500","491832","492126","492126","5","492654","1","530","1","1","3","492624","-3","1300","492127","493921","493921","0","1",NA,NA,NA,"2",NA,NA,NA,NA,NA,NA,NA,NA,NA,30719
"FixationGetReadyPROC","proactive2","17","?","?","proactiveBlockList","2","51","19","493940","2","28400","493922","493942","493943","21","15","522336","2","1600","493943","522338","0","17",NA,NA,NA,NA,NA,NA,NA,NA,NA,NA,NA,NA,NA,NA,NA,NA,NA,NA,NA,NA,NA,NA,NA,NA,NA,NA,NA,NA,NA,NA,NA,NA,NA,NA,NA,NA,NA,NA,NA,NA,NA,NA,NA,NA,NA,NA,NA,NA,NA,NA,NA,NA,NA,NA,NA,NA,NA,NA,NA,NA,NA,NA,NA,NA,NA,NA,NA,NA,NA,NA,NA,NA,NA,NA,NA,NA,NA,NA,NA,NA,NA,NA,NA,NA,NA,NA,NA,NA,NA,NA,NA,NA,NA,NA,NA,NA,NA,NA,NA,NA,NA,30719
"AXCPTTrialPROC","proactive2","18","?","?","proactiveBlockList","2","52",NA,NA,NA,NA,NA,NA,NA,NA,NA,NA,NA,NA,NA,NA,NA,NA,"BY","1","1","2","2800","7","M","P",NA,"1","White","white.tif","center","50%","4","2500","15","523936","2","300","522340","523938","523938","17","14","524235","2","300","523938","524237","524237","16","14","524535","3","500","524238","524538","524538","17","525088","1","553","1","1","14","525035","2","4000","524538","525037","525038","16","14","529035","2","300","525043","529037","529037","16","0","1","0",NA,NA,"14","529335","2","500","529043","529337","529337","16","529670","1","335","1","1","14","529835","-14","2500","529337","532321","532321","0","1",NA,NA,"20",NA,NA,NA,NA,NA,NA,NA,NA,NA,NA,30719
"AXCPTTrialPROC","proactive2","18","?","?","proactiveBlockList","2","53",NA,NA,NA,NA,NA,NA,NA,NA,NA,NA,NA,NA,NA,NA,NA,NA,"BY","1","1","1","1600","6","F","M",NA,"1","White","white.tif","center","50%","4","1300","13","532334","2","300","532323","532336","532337","15","13","532634","2","300","532337","532636","532636","15","13","532934","2","500","532637","532936","532937","15","533355","1","421","1","1","13","533434","2","4000","532937","533436","533437","15","12","537433","3","300","533441","537436","537436","15","0","1","0",NA,NA,"12","537733","2","500","537441","537735","537736","14","538138","1","405","1","1","12","538233","-12","1300","537736","539521","539521","0","1",NA,NA,"12",NA,NA,NA,NA,NA,NA,NA,NA,NA,NA,30719
"AXCPTTrialPROC","proactive2","18","?","?","proactiveBlockList","2","54",NA,NA,NA,NA,NA,NA,NA,NA,NA,NA,NA,NA,NA,NA,NA,NA,"AX","2","1","2","2800","7","A","X",NA,"1","White","white.tif","center","50%","1","2500","12","539533","2","300","539523","539535","539536","14","12","539833","2","300","539536","539835","539835","14","12","540133","2","500","539835","540135","540136","14","540444","1","311","1","1","12","540633","2","4000","540136","540635","540635","14","11","544632","2","300","540641","544634","544635","13","0","1","0",NA,NA,"11","544932","2","500","544640","544934","544935","13","545215","1","283","2","2","11","545432","-11","2500","544935","547921","547921","0","1","1",NA,NA,NA,NA,NA,NA,NA,NA,NA,NA,NA,NA,30719
"AXCPTTrialPROC","proactive2","18","?","?","proactiveBlockList","2","55",NA,NA,NA,NA,NA,NA,NA,NA,NA,NA,NA,NA,NA,NA,NA,NA,"Ang",NA,"1","3","4000","8","A","9","9","1","White","white.tif","center","50%","5","3700","11","547932","2","300","547923","547934","547934","13","11","548232","1","300","547934","548233","548234","12","11","548532","2","500","548234","548534","548534","13","548857","1","325","1","1","11","549032","2","4000","548535","549034","549034","13","10","553031","2","300","549039","553033","553033","12","0","1","0",NA,NA,"10","553331","2","500","553039","553333","553333","12","0","1","0",NA,NA,"10","553831","-10","3700","553334","557521","557521","0","1",NA,NA,NA,NA,NA,NA,NA,NA,NA,NA,NA,NA,NA,30719
"AXCPTTrialPROC","proactive2","18","?","?","proactiveBlockList","2","56",NA,NA,NA,NA,NA,NA,NA,NA,NA,NA,NA,NA,NA,NA,NA,NA,"AY","1","1","3","4000","8","A","H",NA,"1","White","white.tif","center","50%","2","3700","9","557530","2","300","557523","557532","557533","11","9","557830","2","300","557533","557832","557832","11","9","558130","2","500","557833","558132","558133","11","558455","1","325","1","1","9","558630","2","4000","558133","558632","558633","11","8","562629","3","300","558638","562632","562632","11","0","1","0",NA,NA,"8","562929","3","500","562637","562932","562932","11","563584","1","655","1","1","8","563429","-8","3700","562932","567121","567121","0","1",NA,NA,NA,"4",NA,NA,NA,NA,NA,NA,NA,NA,NA,30719
"AXCPTTrialPROC","proactive2","18","?","?","proactiveBlockList","2","57",NA,NA,NA,NA,NA,NA,NA,NA,NA,NA,NA,NA,NA,NA,NA,NA,"BX","1","1","2","2800","7","U","X",NA,"1","White","white.tif","center","50%","3","2500","24","567145","2","300","567123","567147","567148","26","8","567429","1","300","567148","567430","567431","9","8","567729","2","500","567431","567731","567731","10","568198","1","469","1","1","8","568229","2","4000","567731","568231","568231","10","7","572228","2","300","568236","572230","572230","9","0","1","0",NA,NA,"7","572528","2","500","572236","572530","572530","9","572882","1","354","1","1","7","573028","-7","2500","572531","575521","575521","0","1",NA,"9",NA,NA,NA,NA,NA,NA,NA,NA,NA,NA,NA,30719
"AXCPTTrialPROC","proactive2","18","?","?","proactiveBlockList","2","58",NA,NA,NA,NA,NA,NA,NA,NA,NA,NA,NA,NA,NA,NA,NA,NA,"AX","2","1","1","1600","6","A","X",NA,"1","White","white.tif","center","50%","1","1300","23","575544","2","300","575523","575546","575547","25","6","575827","2","300","575547","575829","575829","8","6","576127","2","500","575830","576129","576130","8","576487","1","360","1","1","6","576627","2","4000","576130","576629","576630","8","6","580627","2","300","576635","580629","580629","8","0","1","0",NA,NA,"6","580927","2","500","580634","580929","580929","8","581211","1","284","2","2","5","581426","-5","1300","580929","582721","582721","0","1","1",NA,NA,NA,NA,NA,NA,NA,NA,NA,NA,NA,NA,30719
"AXCPTTrialPROC","proactive2","18","?","?","proactiveBlockList","2","59",NA,NA,NA,NA,NA,NA,NA,NA,NA,NA,NA,NA,NA,NA,NA,NA,"BY","1","1","3","4000","8","M","F",NA,"1","White","white.tif","center","50%","4","3700","22","582743","2","300","582723","582745","582745","24","5","583026","2","300","582746","583028","583028","7","5","583326","2","500","583029","583328","583329","7","583695","1","369","1","1","5","583826","2","4000","583329","583828","583829","7","4","587825","3","300","583834","587828","587828","7","0","1","0",NA,NA,"4","588125","2","500","587833","588127","588128","6","588580","1","455","1","1","4","588625","-4","3700","588128","592321","592321","0","1",NA,NA,"18",NA,NA,NA,NA,NA,NA,NA,NA,NA,NA,30719
"AXCPTTrialPROC","proactive2","18","?","?","proactiveBlockList","2","60",NA,NA,NA,NA,NA,NA,NA,NA,NA,NA,NA,NA,NA,NA,NA,NA,"Bng",NA,"1","1","1600","6","N","3",NA,"1","White","white.tif","center","50%","6","1300","20","592341","2","300","592323","592343","592344","22","4","592625","1","300","592344","592626","592627","5","4","592925","2","500","592627","592927","592927","6","593326","1","401","1","1","4","593425","2","4000","592927","593427","593427","6","3","597424","2","300","593432","597426","597426","5","0","1","0",NA,NA,"3","597724","2","500","597432","597726","597726","5","0","1","0",NA,NA,"3","598224","-3","1300","597727","599521","599521","0","1",NA,NA,NA,NA,"22",NA,NA,NA,NA,NA,NA,NA,NA,30719
"AXCPTTrialPROC","proactive2","18","?","?","proactiveBlockList","2","61",NA,NA,NA,NA,NA,NA,NA,NA,NA,NA,NA,NA,NA,NA,NA,NA,"BY","1","1","2","2800","7","N","U",NA,"1","White","white.tif","center","50%","4","2500","19","599540","2","300","599523","599542","599543","21","3","599824","1","300","599543","599825","599825","4","2","600123","3","500","599826","600126","600126","5","600502","1","379","1","1","2","600623","2","4000","600126","600625","600626","4","2","604623","2","300","600631","604625","604625","4","0","1","0",NA,NA,"2","604923","2","500","604631","604925","604925","4","605481","1","558","1","1","2","605423","-2","2500","604926","607921","607921","0","1",NA,NA,"24",NA,NA,NA,NA,NA,NA,NA,NA,NA,NA,30719
"AXCPTTrialPROC","proactive2","18","?","?","proactiveBlockList","2","62",NA,NA,NA,NA,NA,NA,NA,NA,NA,NA,NA,NA,NA,NA,NA,NA,"BY","1","1","3","4000","8","H","U",NA,"1","White","white.tif","center","50%","4","3700","18","607939","2","300","607923","607941","607941","20","1","608222","2","300","607942","608224","608224","3","1","608522","2","500","608225","608524","608525","3","608934","1","412","1","1","1","609022","2","4000","608525","609024","609025","3","0","613021","3","300","609030","613024","613024","3","0","1","0",NA,NA,"0","613321","3","500","613029","613324","613324","3","613647","1","326","1","1","0","613821","0","3700","613324","617521","617521","0","1",NA,NA,"14",NA,NA,NA,NA,NA,NA,NA,NA,NA,NA,30719
"AXCPTTrialPROC","proactive2","18","?","?","proactiveBlockList","2","63",NA,NA,NA,NA,NA,NA,NA,NA,NA,NA,NA,NA,NA,NA,NA,NA,"BY","1","1","1","1600","6","C","M",NA,"1","White","white.tif","center","50%","4","1300","16","617537","3","300","617523","617540","617540","19","0","617821","1","300","617540","617822","617823","1","0","618121","2","500","617823","618123","618123","2","618580","1","459","1","1","0","618621","2","4000","618123","618623","618623","2","16","622637","2","300","618628","622639","622639","18","0","1","0",NA,NA,"16","622937","2","500","622644","622939","622939","18","623306","1","369","1","1","15","623436","-15","1300","622939","624721","624721","0","1",NA,NA,"2",NA,NA,NA,NA,NA,NA,NA,NA,NA,NA,30719
"AXCPTTrialPROC","proactive2","18","?","?","proactiveBlockList","2","64",NA,NA,NA,NA,NA,NA,NA,NA,NA,NA,NA,NA,NA,NA,NA,NA,"Ang",NA,"1","2","2800","7","A","3","3","1","White","white.tif","center","50%","5","2500","15","624736","2","300","624723","624738","624739","17","15","625036","2","300","624739","625038","625038","17","15","625336","2","500","625039","625338","625339","17","625681","1","345","1","1","15","625836","2","4000","625339","625838","625839","17","14","629835","3","300","625844","629838","629838","17","0","1","0",NA,NA,"14","630135","3","500","629843","630138","630138","17","0","1","0",NA,NA,"14","630635","-14","2500","630138","633121","633121","0","1",NA,NA,NA,NA,NA,NA,NA,NA,NA,NA,NA,NA,NA,30719
"AXCPTTrialPROC","proactive2","18","?","?","proactiveBlockList","2","65",NA,NA,NA,NA,NA,NA,NA,NA,NA,NA,NA,NA,NA,NA,NA,NA,"AX","2","1","3","4000","8","A","X",NA,"1","White","white.tif","center","50%","1","3700","14","633135","2","300","633123","633137","633137","16","14","633435","2","300","633138","633437","633437","16","14","633735","2","500","633437","633737","633737","16","634119","1","384","1","1","14","634235","2","4000","633738","634237","634237","16","13","638234","2","300","634242","638236","638237","15","0","1","0",NA,NA,"13","638534","2","500","638242","638536","638537","15","639037","1","503","2","2","13","639034","-13","3700","638537","642721","642721","0","1","1",NA,NA,NA,NA,NA,NA,NA,NA,NA,NA,NA,NA,30719
"AXCPTTrialPROC","proactive2","18","?","?","proactiveBlockList","2","66",NA,NA,NA,NA,NA,NA,NA,NA,NA,NA,NA,NA,NA,NA,NA,NA,"BY","1","1","2","2800","7","M","P",NA,"1","White","white.tif","center","50%","4","2500","12","642733","3","300","642723","642736","642736","15","12","643033","2","300","642736","643035","643035","14","12","643333","2","500","643036","643335","643336","14","643884","1","551","1","1","12","643833","2","4000","643336","643835","643836","14","12","647833","2","300","643841","647835","647835","14","0","1","0",NA,NA,"12","648133","2","500","647840","648135","648135","14","648522","1","389","1","1","11","648632","-11","2500","648136","651121","651121","0","1",NA,NA,"20",NA,NA,NA,NA,NA,NA,NA,NA,NA,NA,30719
"AXCPTTrialPROC","proactive2","18","?","?","proactiveBlockList","2","67",NA,NA,NA,NA,NA,NA,NA,NA,NA,NA,NA,NA,NA,NA,NA,NA,"AX","2","1","1","1600","6","A","X",NA,"1","White","white.tif","center","50%","1","1300","11","651132","2","300","651123","651134","651135","13","11","651432","2","300","651135","651434","651434","13","11","651732","2","500","651435","651734","651734","13","652191","1","459","1","1","11","652232","2","4000","651735","652234","652235","13","10","656231","2","300","652240","656233","656234","12","0","1","0",NA,NA,"10","656531","2","500","656239","656533","656534","12","657149","1","618","2","2","10","657031","-10","1300","656534","658321","658321","0","1","1",NA,NA,NA,NA,NA,NA,NA,NA,NA,NA,NA,NA,30719
"AXCPTTrialPROC","proactive2","18","?","?","proactiveBlockList","2","68",NA,NA,NA,NA,NA,NA,NA,NA,NA,NA,NA,NA,NA,NA,NA,NA,"AX","2","1","1","1600","6","A","X",NA,"1","White","white.tif","center","50%","1","1300","10","658331","2","300","658323","658333","658333","12","10","658631","2","300","658334","658633","658633","12","10","658931","2","500","658633","658933","658933","12","659518","1","587","1","1","10","659431","2","4000","658934","659433","659433","12","9","663430","2","300","659439","663432","663433","11","0","1","0",NA,NA,"9","663730","2","500","663438","663732","663733","11","664145","0","415","1","2","9","664230","-9","1300","663733","665521","665521","0","0","1",NA,NA,NA,NA,NA,NA,NA,NA,NA,NA,NA,NA,30719
"AXCPTTrialPROC","proactive2","18","?","?","proactiveBlockList","2","69",NA,NA,NA,NA,NA,NA,NA,NA,NA,NA,NA,NA,NA,NA,NA,NA,"AX","2","1","1","1600","6","A","X",NA,"1","White","white.tif","center","50%","1","1300","9","665530","2","300","665523","665532","665532","11","9","665830","1","300","665532","665831","665832","10","9","666130","2","500","665832","666132","666132","11","666456","1","326","1","1","9","666630","2","4000","666133","666632","666632","11","8","670629","2","300","666637","670631","670632","10","0","1","0",NA,NA,"8","670929","2","500","670637","670931","670932","10","671247","1","318","2","2","8","671429","-8","1300","670932","672721","672721","0","1","1",NA,NA,NA,NA,NA,NA,NA,NA,NA,NA,NA,NA,30719
"AXCPTTrialPROC","proactive2","18","?","?","proactiveBlockList","2","70",NA,NA,NA,NA,NA,NA,NA,NA,NA,NA,NA,NA,NA,NA,NA,NA,"AX","2","1","3","4000","8","A","X",NA,"1","White","white.tif","center","50%","1","3700","24","672745","2","300","672723","672747","672748","26","8","673029","1","300","672748","673030","673031","9","8","673329","2","500","673031","673331","673331","10","673622","1","293","1","1","8","673829","2","4000","673331","673831","673831","10","7","677828","2","300","673836","677830","677830","9","0","1","0",NA,NA,"7","678128","2","500","677836","678130","678130","9","678425","1","297","2","2","7","678628","-7","3700","678131","682321","682321","0","1","1",NA,NA,NA,NA,NA,NA,NA,NA,NA,NA,NA,NA,30719
"AXCPTTrialPROC","proactive2","18","?","?","proactiveBlockList","2","71",NA,NA,NA,NA,NA,NA,NA,NA,NA,NA,NA,NA,NA,NA,NA,NA,"BY","1","1","3","4000","8","U","D",NA,"1","White","white.tif","center","50%","4","3700","23","682344","2","300","682323","682346","682346","25","6","682627","2","300","682346","682629","682629","8","6","682927","2","500","682630","682929","682930","8","683468","1","541","1","1","6","683427","2","4000","682930","683429","683429","8","5","687426","2","300","683435","687428","687429","7","0","1","0",NA,NA,"5","687726","2","500","687434","687728","687729","7","688034","1","308","1","1","5","688226","-5","3700","687729","691921","691921","0","1",NA,NA,"34",NA,NA,NA,NA,NA,NA,NA,NA,NA,NA,30719
"AXCPTTrialPROC","proactive2","18","?","?","proactiveBlockList","2","72",NA,NA,NA,NA,NA,NA,NA,NA,NA,NA,NA,NA,NA,NA,NA,NA,"BX","1","1","2","2800","7","C","X",NA,"1","White","white.tif","center","50%","3","2500","21","691942","2","300","691923","691944","691945","23","5","692226","1","300","691945","692227","692227","6","5","692526","2","500","692228","692528","692528","7","692905","1","379","1","1","4","693025","3","4000","692528","693028","693028","7","4","697025","2","300","693033","697027","697027","6","0","1","0",NA,NA,"4","697325","2","500","697033","697327","697327","6","697635","1","310","1","1","4","697825","-4","2500","697328","700321","700321","0","1",NA,"1",NA,NA,NA,NA,NA,NA,NA,NA,NA,NA,NA,30719
"AXCPTTrialPROC","proactive2","18","?","?","proactiveBlockList","2","73",NA,NA,NA,NA,NA,NA,NA,NA,NA,NA,NA,NA,NA,NA,NA,NA,"AY","1","1","1","1600","6","A","T",NA,"1","White","white.tif","center","50%","2","1300","20","700341","2","300","700323","700343","700344","22","3","700624","2","300","700344","700626","700626","5","3","700924","2","500","700627","700926","700927","5","701404","1","480","1","1","3","701424","2","4000","700927","701426","701427","5","3","705424","2","300","701432","705426","705426","5","0","1","0",NA,NA,"2","705723","3","500","705431","705726","705726","5","706413","1","690","1","1","2","706223","-2","1300","705726","707521","707521","0","1",NA,NA,NA,"8",NA,NA,NA,NA,NA,NA,NA,NA,NA,30719
"AXCPTTrialPROC","proactive2","18","?","?","proactiveBlockList","2","74",NA,NA,NA,NA,NA,NA,NA,NA,NA,NA,NA,NA,NA,NA,NA,NA,"AX","2","1","3","4000","8","A","X",NA,"1","White","white.tif","center","50%","1","3700","19","707540","2","300","707523","707542","707542","21","2","707823","2","300","707542","707825","707825","4","2","708123","2","500","707826","708125","708126","4","708567","1","444","1","1","2","708623","2","4000","708126","708625","708625","4","1","712622","3","300","708630","712625","712625","4","0","1","0",NA,NA,"1","712922","2","500","712630","712924","712925","3","713400","1","478","2","2","1","713422","-1","3700","712925","717121","717121","0","1","1",NA,NA,NA,NA,NA,NA,NA,NA,NA,NA,NA,NA,30719
"AXCPTTrialPROC","proactive2","18","?","?","proactiveBlockList","2","75",NA,NA,NA,NA,NA,NA,NA,NA,NA,NA,NA,NA,NA,NA,NA,NA,"Bng",NA,"1","2","2800","7","H","5",NA,"1","White","white.tif","center","50%","6","2500","17","717138","2","300","717123","717140","717141","19","1","717422","1","300","717141","717423","717423","2","1","717722","2","500","717424","717724","717724","3","718408","1","686","1","1","0","718221","3","4000","717724","718224","718224","3","0","722221","2","300","718229","722223","722223","2","0","1","0",NA,NA,"0","722521","2","500","722229","722523","722523","2","0","1","0",NA,NA,"0","723021","0","2500","722524","725521","725521","0","1",NA,NA,NA,NA,"14",NA,NA,NA,NA,NA,NA,NA,NA,30719
"FixationOnlyPROC","proactive2","19","?","?","proactiveBlockList","2","76",NA,NA,NA,NA,NA,NA,NA,NA,NA,NA,NA,NA,NA,NA,NA,NA,NA,NA,NA,NA,NA,NA,NA,NA,NA,NA,NA,NA,NA,NA,NA,NA,NA,NA,NA,NA,NA,NA,NA,NA,NA,NA,NA,NA,NA,NA,NA,NA,NA,NA,NA,NA,NA,NA,NA,NA,NA,NA,NA,NA,NA,NA,NA,NA,NA,NA,NA,NA,NA,NA,NA,NA,NA,NA,NA,NA,NA,NA,NA,NA,NA,NA,NA,NA,NA,NA,NA,NA,NA,NA,NA,NA,NA,NA,NA,NA,NA,NA,NA,NA,NA,NA,NA,NA,NA,NA,NA,NA,NA,"16","725537","2","30000","725522","725539","725539","18",30719
