"Procedure","RunNumberFilterValue","reactiveBlockList","Running","reactiveBlockList.Cycle","reactiveBlockList.Sample","Fixation.OnsetDelay","Fixation.OnsetTime","Fixation.DurationError","Fixation.Duration","Fixation.StartTime","Fixation.OffsetTime","Fixation.FinishTime","Fixation.OffsetDelay","getready.OnsetDelay","getready.OnsetTime","getready.DurationError","getready.Duration","getready.StartTime","getready.OffsetTime","getready.CustomOffsetTime","getready.OffsetDelay","TrialType","ListLen","NumTrials","ProbePos","TopN","w1","w2","w3","w4","w5","w6","w7","w8","probe","correct","ITI","ms","TRs","REA2SamplingList","ShortenedISI","PreISIfix.OnsetDelay","PreISIfix.OnsetTime","PreISIfix.DurationError","PreISIfix.Duration","PreISIfix.StartTime","PreISIfix.OffsetTime","PreISIfix.FinishTime","PreISIfix.OffsetDelay","Flicker.OnsetDelay","Flicker.OnsetTime","Flicker.DurationError","Flicker.Duration","Flicker.StartTime","Flicker.OffsetTime","Flicker.FinishTime","Flicker.OffsetDelay","List1Slide.OnsetDelay","List1Slide.OnsetTime","List1Slide.DurationError","List1Slide.Duration","List1Slide.StartTime","List1Slide.OffsetTime","List1Slide.FinishTime","List1Slide.OffsetDelay","List2Slide.OnsetDelay","List2Slide.OnsetTime","List2Slide.DurationError","List2Slide.Duration","List2Slide.StartTime","List2Slide.OffsetTime","List2Slide.FinishTime","List2Slide.OffsetDelay","Delay.OnsetDelay","Delay.OnsetTime","Delay.DurationError","Delay.Duration","Delay.StartTime","Delay.OffsetTime","Delay.FinishTime","Delay.OffsetDelay","ProbeSlide.OnsetDelay","ProbeSlide.OnsetTime","ProbeSlide.DurationError","ProbeSlide.Duration","ProbeSlide.StartTime","ProbeSlide.OffsetTime","ProbeSlide.FinishTime","ProbeSlide.OffsetDelay","ProbeSlide.RTTime","ProbeSlide.ACC","ProbeSlide.RT","ProbeSlide.RESP","ProbeSlide.CRESP","ISIfix.OnsetDelay","ISIfix.OnsetTime","ISIfix.DurationError","ISIfix.Duration","ISIfix.StartTime","ISIfix.OffsetTime","ISIfix.FinishTime","ISIfix.OffsetDelay","TrialACC","FixationFinal.OnsetDelay","FixationFinal.OnsetTime","FixationFinal.DurationError","FixationFinal.Duration","FixationFinal.StartTime","FixationFinal.OffsetTime","FixationFinal.FinishTime","FixationFinal.OffsetDelay","scanstart.RTTime"
"FixationGetReadyPROC","reactive2","9","reactiveBlockList","2","1","15","46775","2","28400","46761","46777","46777","17","11","75171","2","1600","46778","75173","0","13",NA,NA,NA,NA,NA,NA,NA,NA,NA,NA,NA,NA,NA,NA,NA,NA,NA,NA,NA,NA,NA,NA,NA,NA,NA,NA,NA,NA,NA,NA,NA,NA,NA,NA,NA,NA,NA,NA,NA,NA,NA,NA,NA,NA,NA,NA,NA,NA,NA,NA,NA,NA,NA,NA,NA,NA,NA,NA,NA,NA,NA,NA,NA,NA,NA,NA,NA,NA,NA,NA,NA,NA,NA,NA,NA,NA,NA,NA,NA,NA,NA,NA,NA,NA,NA,NA,NA,NA,NA,NA,46754
"SternTrialPROC","reactive2","10","reactiveBlockList","2","2",NA,NA,NA,NA,NA,NA,NA,NA,NA,NA,NA,NA,NA,NA,NA,NA,"NN",5,"1","4","3","bone","parent","belief",NA,"rope","ticket",NA,NA,"food","1","2","2800","11","1","2000","10","76770","2","500","75174","76772","76773","12","10",77270,"2","300","76773","77272","77272","12","10","77570","2","2400","77272","77572","77573","12","10","79970","2","2400","77573","79972","79972","12","9","82369","3","4000","79972","82372","82372","12","9","86369","2","1600","82372","86371","86371","11",87103,1,734,1,"1","9","87969","-9","2000","86372","89960","89960","0","1",NA,NA,NA,NA,NA,NA,NA,NA,46754
"SternTrialPROC","reactive2","10","reactiveBlockList","2","3",NA,NA,NA,NA,NA,NA,NA,NA,NA,NA,NA,NA,NA,NA,NA,NA,"NP",8,"2","3","4","razor","deal","rider","launch","reflex","slug","guitar","horse","rider","2","3","4000","12","2","3200","8","89968","2","500","89961","89970","89971","10","8",90468,"2","300","89971","90470","90470","10","8","90768","2","2400","90470","90770","90771","10","8","93168","2","2400","90771","93170","93170","10","7","95567","2","4000","93170","95569","95570","9","7","99567","2","1600","95570","99569","99569","9",100344,1,777,2,"2","6","101166","-6","3200","99569","104360","104360","0","1",NA,NA,NA,NA,NA,NA,NA,NA,46754
"SternTrialPROC","reactive2","10","reactiveBlockList","2","4",NA,NA,NA,NA,NA,NA,NA,NA,NA,NA,NA,NA,NA,NA,NA,NA,"RN",8,"2","6","4","fluid","snail","giant","others","level","wind","witch","pasta","slug","1","1","1600","10","3","800","23","104383","2","500","104361","104385","104385","25","6",104866,"1","300","104385","104867","104868","7","6","105166","2","2400","104868","105168","105168","8","5","107565","3","2400","105169","107568","107568","8","5","109965","2","4000","107568","109967","109967","7","4","113964","3","1600","109968","113967","113967","7",115165,1,1201,1,"1","4","115564","-4","800","113967","116360","116360","0","1",NA,NA,NA,NA,NA,NA,NA,NA,46754
"SternTrialPROC","reactive2","10","reactiveBlockList","2","5",NA,NA,NA,NA,NA,NA,NA,NA,NA,NA,NA,NA,NA,NA,NA,NA,"RN",8,"2","3","4","loss","cheek","cries","cloud","text","lady","yard","stain","witch","1","1","1600","10","4","800","21","116381","2","500","116361","116383","116383","23","4",116864,"2","300","116383","116866","116866","6","4","117164","2","2400","116866","117166","117166","6","3","119563","3","2400","117167","119566","119566","6","3","121963","2","4000","119566","121965","121966","5","3","125963","2","1600","121966","125965","125965","5",126907,1,944,1,"1","2","127562","-2","800","125965","128360","128360","0","1",NA,NA,NA,NA,NA,NA,NA,NA,46754
"SternTrialPROC","reactive2","10","reactiveBlockList","2","6",NA,NA,NA,NA,NA,NA,NA,NA,NA,NA,NA,NA,NA,NA,NA,NA,"RN",5,"2","5","3","shelf","jars","relief",NA,"sage","pole",NA,NA,"stain","1","3","4000","12","5","3200","19","128379","2","500","128361","128381","128381","21","2",128862,"2","300","128381","128864","128864","4","2","129162","2","2400","128864","129164","129164","4","2","131562","2","2400","129165","131564","131564","4","1","133961","2","4000","131564","133963","133964","3","1","137961","2","1600","133964","137963","137963","3",139375,0,1414,2,"1","0","139560","0","3200","137963","142760","142760","0","0",NA,NA,NA,NA,NA,NA,NA,NA,46754
"SternTrialPROC","reactive2","10","reactiveBlockList","2","7",NA,NA,NA,NA,NA,NA,NA,NA,NA,NA,NA,NA,NA,NA,NA,NA,"NN",7,"1","2","3","stake","trait","split",NA,"twins","devil","time","couple","herd","1","3","4000","12","6","3200","17","142777","2","500","142761","142779","142779","19","0",143260,"1","300","142779","143261","143262","1","0","143560","2","2400","143262","143562","143562","2","16","145976","2","2400","143563","145978","145978","18","16","148376","2","4000","145979","148378","148378","18","15","152375","2","1600","148379","152377","152377","17",153327,1,952,1,"1","15","153975","-15","3200","152378","157160","157160","0","1",NA,NA,NA,NA,NA,NA,NA,NA,46754
"SternTrialPROC","reactive2","10","reactiveBlockList","2","8",NA,NA,NA,NA,NA,NA,NA,NA,NA,NA,NA,NA,NA,NA,NA,NA,"NP",7,"1","7","3","cone","frog","advice",NA,"guts","wheat","maid","flag","flag","2","2","2800","11","7","2000","14","157174","2","500","157161","157176","157177","16","14",157674,"2","300","157177","157676","157676","16","14","157974","2","2400","157676","157976","157977","16","14","160374","2","2400","157977","160376","160376","16","13","162773","2","4000","160376","162775","162776","15","13","166773","2","1600","162776","166775","166775","15",167809,1,1036,2,"2","12","168372","-12","2000","166775","170360","170360","0","1",NA,NA,NA,NA,NA,NA,NA,NA,46754
"SternTrialPROC","reactive2","10","reactiveBlockList","2","9",NA,NA,NA,NA,NA,NA,NA,NA,NA,NA,NA,NA,NA,NA,NA,NA,"RN",6,"1","2","3","creek","hound","stance",NA,"altar","idol","harp",NA,"maid","1","1","1600","10","8","800","12","170372","2","500","170361","170374","170375","14","12",170872,"2","300","170375","170874","170874","14","12","171172","2","2400","170874","171174","171175","14","12","173572","2","2400","171175","173574","173574","14","11","175971","2","4000","173574","175973","175974","13","11","179971","2","1600","175974","179973","179973","13",181673,0,1702,2,"1","10","181570","-10","800","179973","182360","182360","0","0",NA,NA,NA,NA,NA,NA,NA,NA,46754
"SternTrialPROC","reactive2","10","reactiveBlockList","2","10",NA,NA,NA,NA,NA,NA,NA,NA,NA,NA,NA,NA,NA,NA,NA,NA,"NP",6,"1","2","3","straps","wall","spine",NA,"backup","shot","nail",NA,"wall","2","3","4000","12","9","3200","10","182370","2","500","182361","182372","182373","12","10",182870,"2","300","182373","182872","182872","12","10","183170","2","2400","182872","183172","183173","12","10","185570","2","2400","183173","185572","185572","12","9","187969","2","4000","185572","187971","187972","11","9","191969","2","1600","187972","191971","191971","11",192949,0,980,1,"2","8","193568","-8","3200","191972","196760","196760","0","0",NA,NA,NA,NA,NA,NA,NA,NA,46754
"SternTrialPROC","reactive2","10","reactiveBlockList","2","11",NA,NA,NA,NA,NA,NA,NA,NA,NA,NA,NA,NA,NA,NA,NA,NA,"NP",5,"3","5","3","leak","pair","guys",NA,"booth","zipper",NA,NA,"zipper","2","2","2800","11","10","2000","8","196768","2","500","196761","196770","196770","10","8",197268,"2","300","196771","197270","197270","10","8","197568","2","2400","197270","197570","197570","10","7","199967","3","2400","197571","199970","199970","10","7","202367","2","4000","199970","202369","202370","9","6","206366","3","1600","202370","206369","206369","9",207323,1,957,2,"2","6","207966","-6","2000","206369","209960","209960","0","1",NA,NA,NA,NA,NA,NA,NA,NA,46754
"SternTrialPROC","reactive2","10","reactiveBlockList","2","12",NA,NA,NA,NA,NA,NA,NA,NA,NA,NA,NA,NA,NA,NA,NA,NA,"RN",5,"2","3","3","cross","critic","blood",NA,"light","lion",NA,NA,"pair","1","1","1600","10","11","800","23","209983","2","500","209961","209985","209985","25","6",210466,"2","300","209985","210468","210468","8","6","210766","2","2400","210468","210768","210768","8","5","213165","2","2400","210769","213167","213168","7","5","215565","2","4000","213168","215567","215567","7","4","219564","2","1600","215568","219566","219567","6",220721,1,1157,1,"1","4","221164","-4","800","219567","221960","221960","0","1",NA,NA,NA,NA,NA,NA,NA,NA,46754
"SternTrialPROC","reactive2","10","reactiveBlockList","2","13",NA,NA,NA,NA,NA,NA,NA,NA,NA,NA,NA,NA,NA,NA,NA,NA,"NP",8,"2","5","4","grade","trash","worm","border","tree","canal","roses","brand","tree","2","2","2800","11","12","2000","21","221981","2","500","221961","221983","221983","23","4",222464,"2","300","221983","222466","222466","6","4","222764","2","2400","222466","222766","222766","6","3","225163","3","2400","222767","225166","225166","6","3","227563","2","4000","225166","227565","227566","5","2","231562","3","1600","227566","231565","231565","5",232528,1,966,2,"2","2","233162","-2","2000","231565","235160","235160","0","1",NA,NA,NA,NA,NA,NA,NA,NA,46754
"SternTrialPROC","reactive2","10","reactiveBlockList","2","14",NA,NA,NA,NA,NA,NA,NA,NA,NA,NA,NA,NA,NA,NA,NA,NA,"NP",5,"3","4","3","stroke","shell","warp",NA,"photo","match",NA,NA,"photo","2","2","2800","11","13","2000","19","235179","2","500","235161","235181","235181","21","2",235662,"1","300","235181","235663","235664","3","2","235962","2","2400","235664","235964","235964","4","1","238361","3","2400","235964","238364","238364","4","1","240761","2","4000","238364","240763","240764","3","0","244760","3","1600","240764","244763","244763","3",245538,1,778,2,"2","0","246360","0","2000","244763","248360","248360","0","1",NA,NA,NA,NA,NA,NA,NA,NA,46754
"SternTrialPROC","reactive2","10","reactiveBlockList","2","15",NA,NA,NA,NA,NA,NA,NA,NA,NA,NA,NA,NA,NA,NA,NA,NA,"NP",5,"3","2","3","moon","girl","quart",NA,"word","label",NA,NA,"girl","2","3","4000","12","14","3200","16","248376","3","500","248361","248379","248379","19","0",248860,"1","300","248379","248861","248862","1","0","249160","2","2400","248862","249162","249162","2","16","251576","2","2400","249162","251578","251578","18","16","253976","2","4000","251579","253978","253978","18","15","257975","2","1600","253979","257977","257977","17",258881,1,906,2,"2","15","259575","-15","3200","257978","262760","262760","0","1",NA,NA,NA,NA,NA,NA,NA,NA,46754
"SternTrialPROC","reactive2","10","reactiveBlockList","2","16",NA,NA,NA,NA,NA,NA,NA,NA,NA,NA,NA,NA,NA,NA,NA,NA,"RN",7,"1","6","3","rats","money","clown",NA,"figure","trial","game","iron","quart","1","1","1600","10","15","800","14","262774","2","500","262761","262776","262777","16","14",263274,"2","300","262777","263276","263276","16","14","263574","2","2400","263276","263576","263577","16","14","265974","2","2400","263577","265976","265976","16","13","268373","2","4000","265976","268375","268376","15","13","272373","2","1600","268376","272375","272375","15",273638,1,1265,1,"1","12","273972","-12","800","272375","274760","274760","0","1",NA,NA,NA,NA,NA,NA,NA,NA,46754
"FixationGetReadyPROC","reactive2","11","reactiveBlockList","2","17","12","274772","2","28400","274761","274774","274775","14","8","303168","2","1600","274775","303170","0","10",NA,NA,NA,NA,NA,NA,NA,NA,NA,NA,NA,NA,NA,NA,NA,NA,NA,NA,NA,NA,NA,NA,NA,NA,NA,NA,NA,NA,NA,NA,NA,NA,NA,NA,NA,NA,NA,NA,NA,NA,NA,NA,NA,NA,NA,NA,NA,NA,NA,NA,NA,NA,NA,NA,NA,NA,NA,NA,NA,NA,NA,NA,NA,NA,NA,NA,NA,NA,NA,NA,NA,NA,NA,NA,NA,NA,NA,NA,NA,NA,NA,NA,NA,NA,NA,NA,NA,NA,NA,NA,46754
"SternTrialPROC","reactive2","12","reactiveBlockList","2","18",NA,NA,NA,NA,NA,NA,NA,NA,NA,NA,NA,NA,NA,NA,NA,NA,"NN",8,"1","7","4","beaver","nickel","climax","swipe","essay","ethics","victim","puppet","rest","1","3","4000","12","16","3200","8","304768","2","500","303172","304770","304770","10","7",305267,"2","300","304770","305269","305269","9","7","305567","3","2400","305270","305570","305570","10","7","307967","2","2400","305570","307969","307970","9","7","310367","2","4000","307970","310369","310369","9","6","314366","2","1600","310370","314368","314369","8",315665,1,1299,1,"1","6","315966","-6","3200","314369","319160","319160","0","1",NA,NA,NA,NA,NA,NA,NA,NA,46754
"SternTrialPROC","reactive2","12","reactiveBlockList","2","19",NA,NA,NA,NA,NA,NA,NA,NA,NA,NA,NA,NA,NA,NA,NA,NA,"NP",7,"2","3","3","esteem","rent","singer",NA,"sketch","prince","object","ripple","singer","2","2","2800","11","17","2000","22","319182","2","500","319161","319184","319184","24","5",319665,"2","300","319185","319667","319667","7","5","319965","2","2400","319667","319967","319968","7","5","322365","2","2400","319968","322367","322367","7","4","324764","3","4000","322367","324767","324767","7","4","328764","2","1600","324767","328766","328766","6",329567,1,803,2,"2","4","330364","-4","2000","328767","332360","332360","0","1",NA,NA,NA,NA,NA,NA,NA,NA,46754
"SternTrialPROC","reactive2","12","reactiveBlockList","2","20",NA,NA,NA,NA,NA,NA,NA,NA,NA,NA,NA,NA,NA,NA,NA,NA,"RN",8,"2","6","4","cellar","snap","infant","poison","bags","cook","clock","bamboo","prince","1","2","2800","11","18","2000","20","332380","2","500","332361","332382","332382","22","3",332863,"2","300","332383","332865","332865","5","3","333163","2","2400","332865","333165","333166","5","3","335563","2","2400","333166","335565","335565","5","2","337962","2","4000","335566","337964","337965","4","2","341962","2","1600","337965","341964","341964","4",342763,0,801,2,"1","1","343561","-1","2000","341964","345560","345560","0","0",NA,NA,NA,NA,NA,NA,NA,NA,46754
"SternTrialPROC","reactive2","12","reactiveBlockList","2","21",NA,NA,NA,NA,NA,NA,NA,NA,NA,NA,NA,NA,NA,NA,NA,NA,"NP",5,"3","3","3","flight","skull","pals",NA,"beep","flame",NA,NA,"pals","2","3","4000","12","19","3200","18","345578","2","500","345561","345580","345580","20","1",346061,"2","300","345580","346063","346063","3","1","346361","2","2400","346063","346363","346364","3","1","348761","2","2400","346364","348763","348763","3","0","351160","2","4000","348763","351162","351163","2","16","355176","2","1600","351163","355178","355179","18",356045,1,869,2,"2","16","356776","-16","3200","355179","359960","359960","0","1",NA,NA,NA,NA,NA,NA,NA,NA,46754
"SternTrialPROC","reactive2","12","reactiveBlockList","2","22",NA,NA,NA,NA,NA,NA,NA,NA,NA,NA,NA,NA,NA,NA,NA,NA,"NP",5,"3","5","3","duty","pony","stone",NA,"teeth","cotton",NA,NA,"cotton","2","2","2800","11","20","2000","15","359975","3","500","359961","359978","359978","18","15",360475,"2","300","359978","360477","360477","17","15","360775","2","2400","360478","360777","360778","17","15","363175","2","2400","360778","363177","363177","17","15","365575","2","4000","363178","365577","365577","17","14","369574","2","1600","365578","369576","369577","16",370578,1,1004,2,"2","14","371174","-14","2000","369577","373160","373160","0","1",NA,NA,NA,NA,NA,NA,NA,NA,46754
"SternTrialPROC","reactive2","12","reactiveBlockList","2","23",NA,NA,NA,NA,NA,NA,NA,NA,NA,NA,NA,NA,NA,NA,NA,NA,"NP",5,"3","1","3","chest","leader","plane",NA,"ditch","virus",NA,NA,"chest","2","1","1600","10","21","800","13","373173","3","500","373161","373176","373176","16","13",373673,"2","300","373176","373675","373675","15","13","373973","2","2400","373676","373975","373976","15","13","376373","2","2400","373976","376375","376375","15","13","378773","2","4000","376376","378775","378775","15","12","382772","2","1600","378776","382774","382774","14",384119,1,1347,2,"2","12","384372","-12","800","382775","385160","385160","0","1",NA,NA,NA,NA,NA,NA,NA,NA,46754
"SternTrialPROC","reactive2","12","reactiveBlockList","2","24",NA,NA,NA,NA,NA,NA,NA,NA,NA,NA,NA,NA,NA,NA,NA,NA,"NP",8,"2","2","4","laser","dawn","tide","waist","head","hope","frost","praise","dawn","2","1","1600","10","22","800","11","385171","3","500","385161","385174","385174","14","11",385671,"2","300","385174","385673","385673","13","11","385971","3","2400","385674","385974","385974","14","11","388371","2","2400","385974","388373","388374","13","11","390771","2","4000","388374","390773","390773","13","10","394770","2","1600","390774","394772","394773","12",395676,1,906,2,"2","10","396370","-10","800","394773","397160","397160","0","1",NA,NA,NA,NA,NA,NA,NA,NA,46754
"SternTrialPROC","reactive2","12","reactiveBlockList","2","25",NA,NA,NA,NA,NA,NA,NA,NA,NA,NA,NA,NA,NA,NA,NA,NA,"RN",5,"2","3","3","walker","bike","future",NA,"donor","refund",NA,NA,"praise","1","3","4000","12","23","3200","10","397170","2","500","397161","397172","397172","12","10",397670,"1","300","397172","397671","397672","11","9","397969","3","2400","397672","397972","397972","12","9","400369","2","2400","397972","400371","400372","11","9","402769","2","4000","400372","402771","402771","11","8","406768","2","1600","402772","406770","406771","10",407759,1,991,1,"1","8","408368","-8","3200","406771","411560","411560","0","1",NA,NA,NA,NA,NA,NA,NA,NA,46754
"SternTrialPROC","reactive2","12","reactiveBlockList","2","26",NA,NA,NA,NA,NA,NA,NA,NA,NA,NA,NA,NA,NA,NA,NA,NA,"RN",5,"2","4","3","pearl","parrot","steel",NA,"boiler","index",NA,NA,"walker","1","2","2800","11","24","2000","24","411584","2","500","411562","411586","411587","26","7",412067,"2","300","411587","412069","412069","9","7","412367","2","2400","412069","412369","412370","9","7","414767","2","2400","412370","414769","414769","9","6","417166","3","4000","414770","417169","417169","9","6","421166","2","1600","417169","421168","421168","8",422004,0,838,2,"1","6","422766","-6","2000","421168","424760","424760","0","0",NA,NA,NA,NA,NA,NA,NA,NA,46754
"SternTrialPROC","reactive2","12","reactiveBlockList","2","27",NA,NA,NA,NA,NA,NA,NA,NA,NA,NA,NA,NA,NA,NA,NA,NA,"NN",5,"1","4","3","blend","goal","beer",NA,"pedal","folk",NA,NA,"grass","1","2","2800","11","25","2000","22","424782","2","500","424761","424784","424784","24","5",425265,"2","300","424785","425267","425267","7","5","425565","2","2400","425267","425567","425568","7","5","427965","2","2400","425568","427967","427967","7","4","430364","2","4000","427967","430366","430367","6","4","434364","2","1600","430367","434366","434366","6",435446,1,1082,1,"1","3","435963","-3","2000","434366","437960","437960","0","1",NA,NA,NA,NA,NA,NA,NA,NA,46754
"SternTrialPROC","reactive2","12","reactiveBlockList","2","28",NA,NA,NA,NA,NA,NA,NA,NA,NA,NA,NA,NA,NA,NA,NA,NA,"NP",8,"2","5","4","right","event","barber","comb","charm","camel","pilot","noise","charm","2","3","4000","12","26","3200","20","437980","2","500","437961","437982","437982","22","3",438463,"2","300","437983","438465","438465","5","3","438763","2","2400","438465","438765","438766","5","3","441163","2","2400","438766","441165","441165","5","2","443562","2","4000","441165","443564","443565","4","2","447562","2","1600","443565","447564","447564","4",448869,1,1307,2,"2","1","449161","-1","3200","447564","452360","452360","0","1",NA,NA,NA,NA,NA,NA,NA,NA,46754
"SternTrialPROC","reactive2","12","reactiveBlockList","2","29",NA,NA,NA,NA,NA,NA,NA,NA,NA,NA,NA,NA,NA,NA,NA,NA,"RN",8,"2","1","4","chain","hair","access","craft","wizard","motor","bats","cradle","barber","1","3","4000","12","27","3200","18","452378","2","500","452361","452380","452380","20","1",452861,"2","300","452380","452863","452863","3","1","453161","2","2400","452863","453163","453163","3","0","455560","2","2400","453163","455562","455563","2","0","457960","2","4000","455563","457962","457963","2","16","461976","2","1600","457963","461978","461979","18",463309,0,1333,2,"1","16","463576","-16","3200","461979","466760","466760","0","0",NA,NA,NA,NA,NA,NA,NA,NA,46754
"SternTrialPROC","reactive2","12","reactiveBlockList","2","30",NA,NA,NA,NA,NA,NA,NA,NA,NA,NA,NA,NA,NA,NA,NA,NA,"RN",6,"1","6","3","trust","tone","risk",NA,"keeper","east","joints",NA,"motor","1","1","1600","10","28","800","15","466775","2","500","466761","466777","466778","17","15",467275,"2","300","466778","467277","467277","17","15","467575","2","2400","467277","467577","467578","17","15","469975","2","2400","467578","469977","469977","17","14","472374","3","4000","469977","472377","472377","17","14","476374","2","1600","472377","476376","476376","16",477869,1,1495,1,"1","14","477974","-14","800","476377","478760","478760","0","1",NA,NA,NA,NA,NA,NA,NA,NA,46754
"SternTrialPROC","reactive2","12","reactiveBlockList","2","31",NA,NA,NA,NA,NA,NA,NA,NA,NA,NA,NA,NA,NA,NA,NA,NA,"RN",7,"1","1","3","house","ground","tissue",NA,"onion","humans","threat","raven","east","1","1","1600","10","29","800","13","478773","2","500","478761","478775","478776","15","13",479273,"2","300","478776","479275","479275","15","13","479573","2","2400","479275","479575","479576","15","13","481973","2","2400","479576","481975","481975","15","12","484372","3","4000","481976","484375","484375","15","12","488372","2","1600","484376","488374","488374","14",489296,1,924,1,"1","12","489972","-12","800","488375","490760","490760","0","1",NA,NA,NA,NA,NA,NA,NA,NA,46754
"SternTrialPROC","reactive2","12","reactiveBlockList","2","32",NA,NA,NA,NA,NA,NA,NA,NA,NA,NA,NA,NA,NA,NA,NA,NA,"NP",7,"2","1","3","oats","affair","inch",NA,"bows","pork","market","voice","oats","2","1","1600","10","30","800","11","490771","3","500","490762","490774","490774","14","11",491271,"2","300","490774","491273","491273","13","11","491571","2","2400","491273","491573","491574","13","11","493971","2","2400","491574","493973","493973","13","11","496371","2","4000","493974","496373","496373","13","10","500370","2","1600","496374","500372","500372","12",501506,1,1136,2,"2","10","501970","-10","800","500373","502760","502760","0","1",NA,NA,NA,NA,NA,NA,NA,NA,46754
"FixationGetReadyPROC","reactive2","13","reactiveBlockList","2","33","10","502770","2","28400","502761","502772","502772","12","5","531165","2","1600","502772","531167","0","7",NA,NA,NA,NA,NA,NA,NA,NA,NA,NA,NA,NA,NA,NA,NA,NA,NA,NA,NA,NA,NA,NA,NA,NA,NA,NA,NA,NA,NA,NA,NA,NA,NA,NA,NA,NA,NA,NA,NA,NA,NA,NA,NA,NA,NA,NA,NA,NA,NA,NA,NA,NA,NA,NA,NA,NA,NA,NA,NA,NA,NA,NA,NA,NA,NA,NA,NA,NA,NA,NA,NA,NA,NA,NA,NA,NA,NA,NA,NA,NA,NA,NA,NA,NA,NA,NA,NA,NA,NA,NA,46754
"SternTrialPROC","reactive2","14","reactiveBlockList","2","34",NA,NA,NA,NA,NA,NA,NA,NA,NA,NA,NA,NA,NA,NA,NA,NA,"NP",8,"3","6","4","cough","pupil","kite","note","kiss","slip","thirst","decade","slip","2","1","1600","10","31","800","5","532765","2","500","531169","532767","532768","7","5",533265,"1","300","532768","533266","533267","6","5","533565","2","2400","533267","533567","533567","7","4","535964","2","2400","533567","535966","535967","6","4","538364","2","4000","535967","538366","538367","6","3","542363","3","1600","538367","542366","542366","6",543071,1,708,2,"2","3","543963","-3","800","542366","544760","544760","0","1",NA,NA,NA,NA,NA,NA,NA,NA,46754
"SternTrialPROC","reactive2","14","reactiveBlockList","2","35",NA,NA,NA,NA,NA,NA,NA,NA,NA,NA,NA,NA,NA,NA,NA,NA,"RN",7,"2","5","3","rebel","rating","combat",NA,"lesson","film","tile","blur","note","1","2","2800","11","32","2000","20","544780","2","500","544761","544782","544782","22","3",545263,"1","300","544782","545264","545265","4","3","545563","2","2400","545265","545565","545565","5","2","547962","3","2400","545566","547965","547965","5","2","550362","2","4000","547965","550364","550365","4","1","554361","3","1600","550365","554364","554364","4",555458,1,1097,1,"1","1","555961","-1","2000","554364","557960","557960","0","1",NA,NA,NA,NA,NA,NA,NA,NA,46754
"SternTrialPROC","reactive2","14","reactiveBlockList","2","36",NA,NA,NA,NA,NA,NA,NA,NA,NA,NA,NA,NA,NA,NA,NA,NA,"RN",5,"2","1","3","plaque","hand","holder",NA,"soda","gravy",NA,NA,"tile","1","3","4000","12","33","3200","18","557978","2","500","557961","557980","557980","20","1",558461,"1","300","557980","558462","558463","2","1","558761","2","2400","558463","558763","558763","3","0","561160","2","2400","558763","561162","561163","2","0","563560","2","4000","561163","563562","563562","2","16","567576","2","1600","563563","567578","567579","18",569058,1,1482,1,"1","16","569176","-16","3200","567579","572360","572360","0","1",NA,NA,NA,NA,NA,NA,NA,NA,46754
"SternTrialPROC","reactive2","14","reactiveBlockList","2","37",NA,NA,NA,NA,NA,NA,NA,NA,NA,NA,NA,NA,NA,NA,NA,NA,"NP",5,"3","2","3","hotel","winner","hunt",NA,"nanny","moment",NA,NA,"winner","2","2","2800","11","34","2000","15","572375","2","500","572361","572377","572378","17","15",572875,"2","300","572378","572877","572877","17","15","573175","2","2400","572877","573177","573178","17","15","575575","2","2400","573178","575577","575577","17","14","577974","3","4000","575577","577977","577977","17","14","581974","2","1600","577977","581976","581976","16",582627,1,653,2,"2","13","583573","-13","2000","581976","585560","585560","0","1",NA,NA,NA,NA,NA,NA,NA,NA,46754
"SternTrialPROC","reactive2","14","reactiveBlockList","2","38",NA,NA,NA,NA,NA,NA,NA,NA,NA,NA,NA,NA,NA,NA,NA,NA,"NN",5,"1","5","3","fusion","snow","gold",NA,"camp","demon",NA,NA,"flick","1","2","2800","11","35","2000","13","585573","2","500","585561","585575","585576","15","13",586073,"2","300","585576","586075","586075","15","13","586373","2","2400","586075","586375","586375","15","13","588773","2","2400","586376","588775","588775","15","12","591172","2","4000","588775","591174","591175","14","12","595172","2","1600","591175","595174","595174","14",595918,1,746,1,"1","11","596771","-11","2000","595174","598760","598760","0","1",NA,NA,NA,NA,NA,NA,NA,NA,46754
"SternTrialPROC","reactive2","14","reactiveBlockList","2","39",NA,NA,NA,NA,NA,NA,NA,NA,NA,NA,NA,NA,NA,NA,NA,NA,"NP",8,"3","3","4","pitch","jail","glove","list","corner","jobs","lime","meter","glove","2","3","4000","12","36","3200","11","598771","2","500","598761","598773","598774","13","11",599271,"2","300","598774","599273","599273","13","11","599571","2","2400","599273","599573","599573","13","11","601971","2","2400","599574","601973","601973","13","10","604370","2","4000","601973","604372","604373","12","10","608370","2","1600","604373","608372","608372","12",0,0,0,NA,"2","9","609969","-9","3200","608372","613160","613160","0","0",NA,NA,NA,NA,NA,NA,NA,NA,46754
"SternTrialPROC","reactive2","14","reactiveBlockList","2","40",NA,NA,NA,NA,NA,NA,NA,NA,NA,NA,NA,NA,NA,NA,NA,NA,"RN",5,"2","5","3","mill","jelly","rash",NA,"coward","tags",NA,NA,"list","1","1","1600","10","37","800","9","613169","2","500","613161","613171","613171","11","9",613669,"1","300","613171","613670","613671","10","9","613969","2","2400","613671","613971","613971","11","8","616368","2","2400","613971","616370","616371","10","8","618768","2","4000","616371","618770","618770","10","7","622767","2","1600","618771","622769","622770","9",623973,0,1206,2,"1","7","624367","-7","800","622770","625160","625160","0","0",NA,NA,NA,NA,NA,NA,NA,NA,46754
"SternTrialPROC","reactive2","14","reactiveBlockList","2","41",NA,NA,NA,NA,NA,NA,NA,NA,NA,NA,NA,NA,NA,NA,NA,NA,"NP",5,"3","1","3","beach","rays","beds",NA,"club","fare",NA,NA,"beach","2","1","1600","10","38","800","24","625184","2","500","625161","625186","625186","26","7",625667,"1","300","625186","625668","625669","8","7","625967","2","2400","625669","625969","625969","9","6","628366","2","2400","625969","628368","628369","8","6","630766","2","4000","628369","630768","630769","8","5","634765","3","1600","630769","634768","634768","8",635615,1,850,2,"2","5","636365","-5","800","634768","637160","637160","0","1",NA,NA,NA,NA,NA,NA,NA,NA,46754
"SternTrialPROC","reactive2","14","reactiveBlockList","2","42",NA,NA,NA,NA,NA,NA,NA,NA,NA,NA,NA,NA,NA,NA,NA,NA,"NP",5,"3","5","3","peak","rage","doll",NA,"clash","bugs",NA,NA,"bugs","2","1","1600","10","39","800","22","637182","2","500","637161","637184","637184","24","5",637665,"2","300","637184","637667","637667","7","5","637965","2","2400","637667","637967","637967","7","4","640364","3","2400","637968","640367","640367","7","4","642764","2","4000","640367","642766","642767","6","3","646763","3","1600","642767","646766","646766","6",647457,1,694,2,"2","3","648363","-3","800","646766","649160","649160","0","1",NA,NA,NA,NA,NA,NA,NA,NA,46754
"SternTrialPROC","reactive2","14","reactiveBlockList","2","43",NA,NA,NA,NA,NA,NA,NA,NA,NA,NA,NA,NA,NA,NA,NA,NA,"NP",7,"1","5","3","dock","tattoo","alarm",NA,"bonus","suit","choice","breed","suit","2","3","4000","12","40","3200","20","649180","2","500","649161","649182","649182","22","3",649663,"2","300","649182","649665","649665","5","3","649963","2","2400","649665","649965","649965","5","3","652363","2","2400","649966","652365","652365","5","2","654762","2","4000","652365","654764","654765","4","2","658762","2","1600","654765","658764","658764","4",659593,1,831,2,"2","1","660361","-1","3200","658764","663560","663560","0","1",NA,NA,NA,NA,NA,NA,NA,NA,46754
"SternTrialPROC","reactive2","14","reactiveBlockList","2","44",NA,NA,NA,NA,NA,NA,NA,NA,NA,NA,NA,NA,NA,NA,NA,NA,"RN",8,"1","3","4","bean","folder","menu","robot","crest","profit","weapon","city","dock","1","2","2800","11","41","2000","17","663577","3","500","663561","663580","663580","20","1",664061,"1","300","663580","664062","664063","2","1","664361","2","2400","664063","664363","664363","3","0","666760","2","2400","664363","666762","666763","2","0","669160","2","4000","666763","669162","669162","2","16","673176","2","1600","669163","673178","673179","18",673974,1,798,1,"1","16","674776","-16","2000","673179","676760","676760","0","1",NA,NA,NA,NA,NA,NA,NA,NA,46754
"SternTrialPROC","reactive2","14","reactiveBlockList","2","45",NA,NA,NA,NA,NA,NA,NA,NA,NA,NA,NA,NA,NA,NA,NA,NA,"RN",6,"1","2","3","feast","rumor","toilet",NA,"share","straw","hatred",NA,"folder","1","3","4000","12","42","3200","15","676775","3","500","676761","676778","676778","18","15",677275,"2","300","676778","677277","677277","17","15","677575","2","2400","677277","677577","677578","17","15","679975","2","2400","677578","679977","679977","17","15","682375","2","4000","679978","682377","682377","17","14","686374","2","1600","682378","686376","686376","16",687464,1,1090,1,"1","14","687974","-14","3200","686377","691160","691160","0","1",NA,NA,NA,NA,NA,NA,NA,NA,46754
"SternTrialPROC","reactive2","14","reactiveBlockList","2","46",NA,NA,NA,NA,NA,NA,NA,NA,NA,NA,NA,NA,NA,NA,NA,NA,"NP",8,"3","8","4","story","script","swarm","beef","summer","labor","grease","owner","owner","2","2","2800","11","43","2000","13","691173","2","500","691161","691175","691176","15","13",691673,"2","300","691176","691675","691675","15","13","691973","2","2400","691675","691975","691975","15","13","694373","2","2400","691976","694375","694375","15","12","696772","2","4000","694375","696774","696775","14","12","700772","2","1600","696775","700774","700774","14",701671,1,899,2,"2","11","702371","-11","2000","700774","704360","704360","0","1",NA,NA,NA,NA,NA,NA,NA,NA,46754
"SternTrialPROC","reactive2","14","reactiveBlockList","2","47",NA,NA,NA,NA,NA,NA,NA,NA,NA,NA,NA,NA,NA,NA,NA,NA,"NP",6,"1","5","3","memo","void","bunch",NA,"retail","washer","toys",NA,"washer","2","3","4000","12","44","3200","11","704371","2","500","704361","704373","704373","13","11",704871,"2","300","704374","704873","704873","13","11","705171","2","2400","704873","705173","705173","13","11","707571","2","2400","705174","707573","707573","13","10","709970","2","4000","707573","709972","709973","12","10","713970","2","1600","709973","713972","713972","12",714734,1,764,2,"2","9","715569","-9","3200","713972","718760","718760","0","1",NA,NA,NA,NA,NA,NA,NA,NA,46754
"SternTrialPROC","reactive2","14","reactiveBlockList","2","48",NA,NA,NA,NA,NA,NA,NA,NA,NA,NA,NA,NA,NA,NA,NA,NA,"RN",7,"2","3","3","cent","course","greed",NA,"knob","verse","cloth","lemon","void","1","1","1600","10","45","800","9","718769","2","500","718762","718771","718771","11","9",719269,"1","300","718771","719270","719271","10","9","719569","2","2400","719271","719571","719571","11","8","721968","2","2400","719571","721970","721971","10","8","724368","2","4000","721971","724370","724370","10","7","728367","2","1600","724371","728369","728370","9",729172,0,805,2,"1","7","729967","-7","800","728370","730760","730760","0","0",NA,NA,NA,NA,NA,NA,NA,NA,46754
"FixationOnlyPROC","reactive2","15","reactiveBlockList","2","49",NA,NA,NA,NA,NA,NA,NA,NA,NA,NA,NA,NA,NA,NA,NA,NA,NA,NA,NA,NA,NA,NA,NA,NA,NA,NA,NA,NA,NA,NA,NA,NA,NA,NA,NA,NA,NA,NA,NA,NA,NA,NA,NA,NA,NA,NA,NA,NA,NA,NA,NA,NA,NA,NA,NA,NA,NA,NA,NA,NA,NA,NA,NA,NA,NA,NA,NA,NA,NA,NA,NA,NA,NA,NA,NA,NA,NA,NA,NA,NA,NA,NA,NA,NA,NA,NA,NA,NA,NA,NA,NA,NA,NA,NA,NA,NA,NA,NA,"24","730784","2","30000","730761","730786","730786","26",46754
